{"type":"FeatureCollection","features":[{"type":"Feature","id":"krakow","properties":{"slug":"krakow","name":"Kraków"},"geometry":{"type":"Polygon","coordinates":[[[20.0962,50.1193],[20.0983,50.1188],[20.1058,50.1173],[20.1084,50.1167],[20.1113,50.1165],[20.1114,50.1169],[20.1153,50.117],[20.12,50.1165],[20.1203,50.1154],[20.1203,50.1138],[20.1208,50.1104],[20.1208,50.1085],[20.1229,50.1085],[20.1242,50.1083],[20.1268,50.1075],[20.1283,50.1072],[20.1311,50.107],[20.1316,50.1068],[20.1337,50.1069],[20.1379,50.1068],[20.1391,50.1065],[20.1431,50.1065],[20.1436,50.1084],[20.1444,50.1109],[20.1452,50.1124],[20.1468,50.1143],[20.1502,50.1162],[20.1519,50.1173],[20.1527,50.1182],[20.1529,50.1188],[20.1543,50.1194],[20.1563,50.1186],[20.1582,50.1202],[20.1591,50.1207],[20.1591,50.1216],[20.16,50.1215],[20.1658,50.1215],[20.1658,50.1205],[20.1684,50.1204],[20.1724,50.1204],[20.1731,50.119],[20.1742,50.119],[20.1749,50.1198],[20.1762,50.1194],[20.1788,50.1183],[20.1798,50.1172],[20.1816,50.1166],[20.1825,50.1178],[20.1854,50.1168],[20.1859,50.1174],[20.1871,50.1183],[20.1898,50.1178],[20.191,50.1191],[20.193,50.1197],[20.1936,50.1192],[20.1959,50.1186],[20.1962,50.1197],[20.1978,50.1196],[20.199,50.1206],[20.2003,50.1202],[20.2013,50.1204],[20.2015,50.1192],[20.2014,50.1178],[20.2016,50.1175],[20.2041,50.1177],[20.2038,50.1164],[20.204,50.116],[20.2091,50.1156],[20.2055,50.1121],[20.205,50.1111],[20.2024,50.1112],[20.2016,50.1108],[20.2009,50.11],[20.2,50.1098],[20.1988,50.1092],[20.1977,50.1084],[20.1961,50.1083],[20.1954,50.107],[20.1953,50.106],[20.1949,50.1053],[20.1932,50.1034],[20.1928,50.1019],[20.1922,50.1006],[20.1921,50.0995],[20.1916,50.0974],[20.1918,50.0959],[20.1916,50.0948],[20.1917,50.0916],[20.1926,50.0889],[20.1928,50.0877],[20.1921,50.0873],[20.1906,50.0871],[20.1892,50.0864],[20.1849,50.0861],[20.1851,50.0856],[20.1861,50.0852],[20.1883,50.0852],[20.1895,50.0846],[20.19,50.084],[20.1898,50.0823],[20.1904,50.0816],[20.1911,50.0815],[20.1919,50.0807],[20.1924,50.0807],[20.1928,50.0798],[20.1936,50.0791],[20.1946,50.0788],[20.1946,50.0782],[20.1955,50.0781],[20.1955,50.0767],[20.1958,50.0762],[20.1969,50.0761],[20.1972,50.0756],[20.1994,50.0749],[20.1996,50.0742],[20.1952,50.074],[20.193,50.0723],[20.1928,50.0711],[20.193,50.0705],[20.1941,50.07],[20.1965,50.0695],[20.1985,50.0686],[20.199,50.0682],[20.1992,50.067],[20.2026,50.0658],[20.2043,50.065],[20.2056,50.0652],[20.2064,50.065],[20.2071,50.0644],[20.2104,50.06],[20.2126,50.0573],[20.2139,50.0563],[20.2149,50.0553],[20.2173,50.0534],[20.2161,50.0528],[20.2138,50.0511],[20.2124,50.0497],[20.2109,50.0472],[20.21,50.0454],[20.2084,50.0443],[20.2051,50.0436],[20.2031,50.0436],[20.1999,50.0442],[20.1978,50.045],[20.1949,50.0467],[20.1928,50.0476],[20.1914,50.048],[20.1893,50.0483],[20.1865,50.0483],[20.1844,50.0481],[20.1812,50.0475],[20.1773,50.0466],[20.176,50.0462],[20.1732,50.0456],[20.1708,50.0449],[20.1665,50.0438],[20.1638,50.0433],[20.161,50.0429],[20.1596,50.0428],[20.1564,50.0428],[20.154,50.043],[20.1489,50.044],[20.1462,50.0448],[20.1423,50.0457],[20.1404,50.0459],[20.1381,50.0458],[20.1359,50.0452],[20.1343,50.0443],[20.1325,50.0425],[20.1305,50.0409],[20.1289,50.0401],[20.1277,50.0398],[20.1251,50.0397],[20.1228,50.0403],[20.1208,50.0412],[20.1181,50.0422],[20.1158,50.0426],[20.1117,50.0427],[20.1069,50.0424],[20.1044,50.0413],[20.1032,50.0412],[20.0996,50.0379],[20.0971,50.0371],[20.0948,50.037],[20.0937,50.0373],[20.0922,50.038],[20.0917,50.0387],[20.0916,50.0403],[20.0923,50.0421],[20.0918,50.0422],[20.0915,50.043],[20.089,50.0449],[20.0875,50.0447],[20.0863,50.0439],[20.0858,50.0432],[20.0844,50.042],[20.0833,50.0414],[20.0826,50.0414],[20.0818,50.0408],[20.0803,50.0407],[20.081,50.0387],[20.0818,50.0389],[20.0838,50.038],[20.0818,50.0366],[20.0798,50.0359],[20.0802,50.0354],[20.0817,50.0346],[20.0816,50.0342],[20.0804,50.0341],[20.0753,50.0328],[20.0735,50.0322],[20.0728,50.0315],[20.0728,50.0308],[20.0721,50.0295],[20.0696,50.0276],[20.0681,50.0261],[20.0677,50.0254],[20.0649,50.0243],[20.0649,50.0241],[20.0672,50.0222],[20.0684,50.022],[20.0697,50.0186],[20.0691,50.0157],[20.0677,50.0134],[20.0679,50.0124],[20.0677,50.0107],[20.0672,50.0095],[20.0662,50.009],[20.0657,50.0078],[20.0645,50.0081],[20.0631,50.0082],[20.0623,50.0075],[20.0624,50.0064],[20.0608,50.0053],[20.0593,50.0056],[20.0583,50.0056],[20.0574,50.0047],[20.0552,50.0046],[20.0552,50.0041],[20.0535,50.0041],[20.0514,50.0038],[20.0498,50.0043],[20.0487,50.0043],[20.0481,50.004],[20.0482,50.0033],[20.0478,50.0019],[20.0478,49.999],[20.0441,49.9991],[20.0421,49.9995],[20.0389,49.9999],[20.0378,50.001],[20.036,50.0014],[20.0331,50.0012],[20.0314,50.0009],[20.0288,50.0011],[20.0293,50],[20.0292,49.9993],[20.0285,49.9992],[20.0275,49.9999],[20.0244,50.0026],[20.0222,50.0033],[20.0203,50.0031],[20.0188,50.0031],[20.0185,50.0042],[20.0179,50.0043],[20.0167,50.0039],[20.015,50.0039],[20.0117,50.0035],[20.0063,50.0025],[20.0057,50.0017],[20.0041,50.0011],[20.0035,50.0004],[20.0035,49.9998],[20.0027,49.9991],[20.0033,49.998],[20.0046,49.9971],[20.0071,49.9965],[20.0085,49.9955],[20.01,49.9952],[20.011,49.9953],[20.0123,49.9946],[20.013,49.9936],[20.0135,49.9933],[20.0136,49.9921],[20.014,49.9912],[20.0147,49.9905],[20.0155,49.9887],[20.0181,49.987],[20.0187,49.9864],[20.0186,49.9859],[20.0161,49.9845],[20.0149,49.9832],[20.0137,49.9822],[20.0117,49.981],[20.0097,49.9802],[20.0099,49.9785],[20.0098,49.9769],[20.0092,49.9762],[20.0082,49.9759],[20.0077,49.9753],[20.0081,49.975],[20.006,49.9747],[20.0034,49.9746],[20.0034,49.9752],[20.0019,49.9754],[20.0011,49.9757],[20.0003,49.9752],[19.9987,49.9746],[19.9973,49.9739],[19.9936,49.9736],[19.9904,49.973],[19.9869,49.973],[19.9841,49.9726],[19.9813,49.9726],[19.9811,49.9733],[19.9822,49.9752],[19.9822,49.9771],[19.9815,49.9778],[19.9814,49.9784],[19.982,49.979],[19.9822,49.9797],[19.9826,49.9802],[19.9824,49.981],[19.9795,49.981],[19.9774,49.9811],[19.9771,49.9809],[19.9756,49.9809],[19.9744,49.9804],[19.9736,49.9804],[19.9718,49.9799],[19.9711,49.98],[19.97,49.9795],[19.9689,49.9795],[19.9686,49.9791],[19.9665,49.9784],[19.9656,49.9784],[19.9653,49.9779],[19.9644,49.9777],[19.9649,49.9776],[19.9656,49.9765],[19.9659,49.9755],[19.9671,49.9737],[19.9667,49.9731],[19.9654,49.9731],[19.9634,49.9725],[19.963,49.9722],[19.9629,49.9706],[19.9634,49.9686],[19.9615,49.9684],[19.9616,49.9689],[19.9605,49.9689],[19.9594,49.9692],[19.9587,49.9683],[19.9576,49.9684],[19.9554,49.9677],[19.9557,49.9687],[19.954,49.9696],[19.9521,49.9701],[19.9517,49.9695],[19.9508,49.9699],[19.9511,49.9704],[19.9507,49.9711],[19.9488,49.9714],[19.9483,49.9721],[19.9476,49.9723],[19.9466,49.9721],[19.9449,49.9722],[19.9444,49.9731],[19.9438,49.9728],[19.9429,49.9733],[19.9432,49.9739],[19.9424,49.974],[19.9416,49.9745],[19.9406,49.9745],[19.9399,49.9752],[19.9392,49.9748],[19.9378,49.9745],[19.9341,49.9756],[19.9345,49.9764],[19.9337,49.9764],[19.9329,49.9769],[19.9332,49.9777],[19.9322,49.9788],[19.9314,49.9784],[19.9302,49.979],[19.929,49.9793],[19.9283,49.9792],[19.9276,49.9796],[19.9277,49.9804],[19.9272,49.9809],[19.926,49.981],[19.9257,49.9813],[19.923,49.9807],[19.9209,49.9804],[19.9191,49.98],[19.9154,49.98],[19.9132,49.9799],[19.9118,49.9814],[19.9095,49.9819],[19.9086,49.9815],[19.9071,49.9815],[19.9063,49.9813],[19.9019,49.9813],[19.9014,49.9811],[19.8999,49.9812],[19.8981,49.9806],[19.8964,49.9805],[19.8947,49.9806],[19.8926,49.9804],[19.8911,49.9806],[19.8883,49.9806],[19.8874,49.9804],[19.8874,49.9798],[19.8874,49.9796],[19.8855,49.9784],[19.8852,49.9774],[19.8854,49.9769],[19.8849,49.9763],[19.8828,49.9756],[19.8823,49.975],[19.8822,49.975],[19.8823,49.975],[19.8822,49.975],[19.8809,49.9747],[19.8799,49.974],[19.8794,49.9715],[19.8744,49.9715],[19.8729,49.9717],[19.8707,49.9717],[19.869,49.9724],[19.8682,49.9734],[19.8677,49.9745],[19.8648,49.9746],[19.8633,49.9748],[19.8614,49.9755],[19.8607,49.9759],[19.863,49.9766],[19.8629,49.9786],[19.8623,49.9793],[19.8626,49.9798],[19.8645,49.9801],[19.8646,49.9817],[19.8645,49.9832],[19.863,49.9839],[19.8624,49.9847],[19.8604,49.9846],[19.8591,49.9848],[19.8569,49.9855],[19.8541,49.9855],[19.8538,49.9854],[19.8508,49.9854],[19.8488,49.9852],[19.8487,49.9872],[19.8483,49.9891],[19.8483,49.9903],[19.8492,49.9923],[19.8495,49.9947],[19.848,49.9948],[19.8455,49.9946],[19.8418,49.995],[19.8413,49.9948],[19.8381,49.995],[19.8367,49.9956],[19.8339,49.9957],[19.8291,49.9962],[19.8239,49.9962],[19.8225,49.9963],[19.8219,49.9968],[19.8192,49.997],[19.8184,49.9965],[19.8151,49.9958],[19.8142,49.9952],[19.8147,49.9946],[19.8143,49.9943],[19.8121,49.9947],[19.8112,49.9942],[19.8113,49.9938],[19.8095,49.9922],[19.8077,49.9925],[19.806,49.993],[19.8036,49.993],[19.8035,49.9936],[19.8027,49.9941],[19.8023,49.9934],[19.8009,49.994],[19.8006,49.9956],[19.7989,49.996],[19.798,49.9951],[19.7967,49.9946],[19.7957,49.9953],[19.7961,49.9958],[19.7966,49.9974],[19.7962,49.9994],[19.7957,50.0008],[19.7948,50.0049],[19.7947,50.0061],[19.7938,50.0083],[19.793,50.0096],[19.7922,50.0118],[19.7926,50.0131],[19.7943,50.0147],[19.7976,50.0156],[19.7993,50.0168],[19.8006,50.0186],[19.8009,50.0204],[19.8026,50.0237],[19.8043,50.0252],[19.8059,50.0261],[19.8087,50.0266],[19.8103,50.0264],[19.8124,50.0254],[19.814,50.0234],[19.8149,50.0218],[19.8156,50.0212],[19.8177,50.0205],[19.8194,50.0204],[19.821,50.0206],[19.8257,50.0227],[19.8282,50.0241],[19.8287,50.0247],[19.8291,50.0258],[19.829,50.0269],[19.8279,50.0294],[19.8265,50.0317],[19.8263,50.0324],[19.8249,50.0321],[19.8228,50.0319],[19.8208,50.0319],[19.8188,50.0323],[19.8166,50.0334],[19.8156,50.0337],[19.8145,50.0349],[19.8134,50.0354],[19.813,50.0369],[19.8126,50.0375],[19.8128,50.0392],[19.812,50.0402],[19.8106,50.0407],[19.811,50.0429],[19.8131,50.0449],[19.814,50.0455],[19.8177,50.0491],[19.8183,50.0503],[19.8189,50.0506],[19.8196,50.0516],[19.8196,50.0522],[19.8202,50.0534],[19.8201,50.0542],[19.8208,50.0553],[19.8207,50.0567],[19.8213,50.0577],[19.822,50.0582],[19.8198,50.0582],[19.8185,50.0587],[19.8176,50.0588],[19.8165,50.0593],[19.8146,50.0592],[19.8125,50.0586],[19.8113,50.0585],[19.8097,50.06],[19.8093,50.061],[19.8045,50.0621],[19.8046,50.0645],[19.8042,50.0654],[19.8017,50.0692],[19.8048,50.0711],[19.806,50.0721],[19.8073,50.0747],[19.8084,50.0772],[19.8083,50.0784],[19.8095,50.0794],[19.8112,50.0802],[19.8129,50.0802],[19.8146,50.0804],[19.8154,50.0807],[19.8185,50.081],[19.8195,50.0818],[19.8208,50.082],[19.8219,50.0824],[19.8235,50.0827],[19.8238,50.0835],[19.8255,50.0842],[19.828,50.0858],[19.8293,50.0877],[19.8312,50.0885],[19.8331,50.0885],[19.8344,50.0883],[19.8356,50.0896],[19.8365,50.0893],[19.8378,50.0905],[19.8394,50.0908],[19.8409,50.0918],[19.8419,50.0918],[19.8431,50.0924],[19.8435,50.0922],[19.845,50.0922],[19.8478,50.0933],[19.8498,50.0937],[19.8515,50.0944],[19.8529,50.0943],[19.856,50.0936],[19.8586,50.0935],[19.8616,50.0927],[19.8629,50.0941],[19.8639,50.0954],[19.8654,50.0969],[19.8656,50.0973],[19.8674,50.0992],[19.8666,50.1],[19.8653,50.0995],[19.8647,50.1002],[19.8644,50.1015],[19.8637,50.1024],[19.8628,50.1043],[19.8618,50.1059],[19.8633,50.1073],[19.8674,50.1074],[19.8682,50.1078],[19.8753,50.111],[19.8766,50.1124],[19.8768,50.1136],[19.8775,50.1147],[19.8788,50.1175],[19.8792,50.1188],[19.8807,50.1204],[19.8821,50.1214],[19.8844,50.1222],[19.8861,50.1222],[19.8879,50.1224],[19.8887,50.1227],[19.8906,50.1227],[19.8914,50.123],[19.8904,50.124],[19.8915,50.1243],[19.8926,50.1243],[19.8924,50.1248],[19.8925,50.1261],[19.8983,50.1261],[19.8983,50.1257],[19.8996,50.1258],[19.9005,50.1255],[19.9026,50.1232],[19.9047,50.1221],[19.9056,50.1213],[19.9067,50.1199],[19.9086,50.1179],[19.9097,50.115],[19.9108,50.1126],[19.9115,50.1116],[19.9122,50.1101],[19.9129,50.1081],[19.9142,50.1053],[19.9146,50.1039],[19.9151,50.1009],[19.9162,50.1008],[19.918,50.1003],[19.9189,50.1002],[19.9189,50.1014],[19.921,50.1021],[19.9209,50.1023],[19.9277,50.1051],[19.9281,50.1043],[19.9289,50.1037],[19.9308,50.1048],[19.9298,50.1059],[19.9294,50.1067],[19.9305,50.1068],[19.9312,50.1075],[19.9311,50.1086],[19.9304,50.1092],[19.9284,50.1103],[19.9271,50.1102],[19.9294,50.1081],[19.9294,50.1077],[19.9279,50.1078],[19.9276,50.1073],[19.9266,50.1076],[19.9259,50.1084],[19.9254,50.1101],[19.9245,50.1113],[19.9253,50.1117],[19.9257,50.1125],[19.925,50.114],[19.9259,50.1144],[19.9273,50.1146],[19.9277,50.1135],[19.9297,50.1142],[19.9311,50.1142],[19.9329,50.1145],[19.9354,50.1152],[19.9353,50.1155],[19.9369,50.1159],[19.94,50.1162],[19.9398,50.1169],[19.9402,50.1189],[19.9419,50.119],[19.9434,50.1188],[19.9442,50.119],[19.9474,50.1193],[19.9483,50.1172],[19.9492,50.116],[19.9514,50.1139],[19.9537,50.1125],[19.955,50.1115],[19.956,50.1105],[19.9574,50.1106],[19.9573,50.1094],[19.9581,50.1083],[19.9603,50.1084],[19.9616,50.109],[19.9633,50.1102],[19.9658,50.1092],[19.9676,50.1088],[19.9703,50.1073],[19.9721,50.1068],[19.9753,50.1065],[19.9777,50.1058],[19.9792,50.1058],[19.9807,50.105],[19.9815,50.1055],[19.9826,50.1055],[19.9845,50.1051],[19.9867,50.1048],[19.9883,50.1053],[19.9894,50.1053],[19.9907,50.1061],[19.9932,50.1068],[19.9965,50.1072],[20.0023,50.1072],[20.0028,50.1071],[20.0063,50.1071],[20.009,50.107],[20.0132,50.1067],[20.0153,50.1067],[20.0184,50.1063],[20.0221,50.1052],[20.0238,50.1043],[20.0242,50.1039],[20.0275,50.1044],[20.028,50.1058],[20.03,50.1059],[20.0316,50.1079],[20.034,50.1087],[20.0358,50.1086],[20.0352,50.11],[20.036,50.1102],[20.0368,50.1111],[20.0372,50.1119],[20.037,50.1127],[20.0386,50.1132],[20.0419,50.1135],[20.0422,50.1127],[20.0442,50.1107],[20.0448,50.1105],[20.0455,50.1112],[20.0465,50.1098],[20.0474,50.1096],[20.0493,50.1097],[20.0501,50.1103],[20.0519,50.1106],[20.0524,50.112],[20.0539,50.1129],[20.0554,50.1126],[20.0564,50.1126],[20.0578,50.1136],[20.0585,50.1147],[20.0618,50.1143],[20.0616,50.1135],[20.0638,50.1134],[20.0664,50.114],[20.0702,50.1139],[20.0703,50.1127],[20.0736,50.1127],[20.075,50.1129],[20.0769,50.1129],[20.079,50.1124],[20.0787,50.112],[20.0776,50.1115],[20.0755,50.1095],[20.0761,50.1093],[20.0771,50.1083],[20.0784,50.1083],[20.0793,50.1087],[20.0823,50.1097],[20.0837,50.1098],[20.0841,50.1102],[20.0843,50.1112],[20.0853,50.1115],[20.088,50.1114],[20.0882,50.1135],[20.0891,50.1135],[20.091,50.1139],[20.0941,50.1148],[20.0942,50.1163],[20.0951,50.1178],[20.0959,50.1186],[20.0962,50.1193]]]}},{"type":"Feature","id":"nowy-sacz","properties":{"slug":"nowy-sacz","name":"Nowy Sącz"},"geometry":{"type":"Polygon","coordinates":[[[20.6793,49.5738],[20.6784,49.5739],[20.6785,49.5744],[20.6774,49.5753],[20.6767,49.5756],[20.6764,49.5763],[20.6756,49.5765],[20.6754,49.5771],[20.6733,49.5776],[20.6721,49.5773],[20.6717,49.5764],[20.6717,49.5756],[20.6709,49.5727],[20.6705,49.5716],[20.6699,49.5686],[20.6691,49.5674],[20.6675,49.566],[20.6663,49.5657],[20.6649,49.566],[20.6634,49.5661],[20.6624,49.567],[20.661,49.5673],[20.66,49.5672],[20.6591,49.5688],[20.6553,49.572],[20.6546,49.5741],[20.6546,49.5756],[20.654,49.5767],[20.6525,49.578],[20.6504,49.5792],[20.6493,49.5801],[20.6484,49.5816],[20.6489,49.5851],[20.6497,49.5865],[20.6508,49.5891],[20.652,49.5915],[20.6529,49.5945],[20.6536,49.5954],[20.6554,49.5967],[20.6574,49.5977],[20.6618,49.5988],[20.6665,49.6008],[20.6672,49.601],[20.6683,49.6025],[20.6689,49.6045],[20.6681,49.6047],[20.6687,49.6054],[20.6702,49.6078],[20.6711,49.6085],[20.6747,49.6097],[20.6766,49.6105],[20.6782,49.6115],[20.6793,49.6129],[20.6795,49.6136],[20.6796,49.6171],[20.6805,49.619],[20.6821,49.6207],[20.6792,49.6216],[20.6777,49.6223],[20.6763,49.6217],[20.6746,49.622],[20.6727,49.622],[20.6702,49.6217],[20.6673,49.6218],[20.6682,49.6255],[20.6677,49.628],[20.6674,49.6303],[20.667,49.6311],[20.6671,49.6326],[20.6675,49.6336],[20.6676,49.6349],[20.6658,49.6387],[20.6657,49.6417],[20.6684,49.6455],[20.669,49.6478],[20.6695,49.6488],[20.6705,49.6484],[20.6708,49.6488],[20.6728,49.6498],[20.6737,49.6507],[20.6739,49.6514],[20.6748,49.652],[20.676,49.6535],[20.6762,49.6549],[20.6776,49.6564],[20.6778,49.6577],[20.6789,49.6584],[20.6786,49.6605],[20.6776,49.663],[20.6773,49.6641],[20.6811,49.6647],[20.6828,49.6651],[20.6867,49.6654],[20.6883,49.6656],[20.6889,49.662],[20.6892,49.6591],[20.6895,49.6574],[20.6915,49.6574],[20.6951,49.6564],[20.6972,49.6567],[20.6998,49.6566],[20.7008,49.6564],[20.7009,49.6557],[20.7017,49.6556],[20.7049,49.6534],[20.7057,49.6539],[20.7074,49.6536],[20.7084,49.6532],[20.7097,49.6536],[20.7103,49.6543],[20.7123,49.6555],[20.7144,49.6559],[20.7153,49.6562],[20.7171,49.6571],[20.7181,49.6559],[20.7199,49.6546],[20.7211,49.654],[20.723,49.6534],[20.7237,49.6528],[20.7238,49.652],[20.7229,49.6509],[20.7221,49.6503],[20.7218,49.6486],[20.7214,49.6479],[20.7224,49.6474],[20.7238,49.6473],[20.7264,49.648],[20.7269,49.6475],[20.7256,49.6469],[20.7253,49.6453],[20.7258,49.6449],[20.7255,49.6436],[20.7253,49.6417],[20.7248,49.641],[20.7245,49.6396],[20.7263,49.6396],[20.7272,49.6402],[20.7276,49.6384],[20.7282,49.6381],[20.7311,49.638],[20.7316,49.6383],[20.7316,49.6394],[20.7323,49.6393],[20.7338,49.6395],[20.7344,49.6383],[20.7356,49.6376],[20.7347,49.6366],[20.7363,49.6362],[20.7384,49.6359],[20.7419,49.6364],[20.7434,49.6361],[20.7457,49.6359],[20.745,49.6343],[20.7434,49.6336],[20.743,49.6326],[20.7435,49.632],[20.7462,49.6311],[20.7477,49.6307],[20.7481,49.6295],[20.748,49.6287],[20.7484,49.6266],[20.7492,49.6259],[20.7496,49.6237],[20.7501,49.6223],[20.7499,49.6208],[20.7484,49.62],[20.7494,49.6191],[20.7511,49.6171],[20.754,49.6133],[20.7545,49.6125],[20.7564,49.6105],[20.7575,49.6097],[20.7581,49.6086],[20.759,49.6075],[20.7603,49.6072],[20.7603,49.6065],[20.7596,49.6052],[20.7608,49.6049],[20.7606,49.6043],[20.7612,49.6029],[20.7612,49.6023],[20.762,49.6012],[20.7621,49.6007],[20.7632,49.6005],[20.7641,49.6],[20.7648,49.5986],[20.7626,49.5983],[20.7584,49.5983],[20.7527,49.5993],[20.7512,49.5998],[20.7473,49.6006],[20.7434,49.6016],[20.7418,49.6022],[20.742,49.6006],[20.7431,49.5984],[20.7435,49.598],[20.743,49.5971],[20.7428,49.5952],[20.7434,49.5944],[20.7431,49.5937],[20.7437,49.593],[20.7439,49.5921],[20.7451,49.5913],[20.7444,49.5905],[20.7453,49.5902],[20.7433,49.5877],[20.7448,49.5867],[20.7455,49.586],[20.7453,49.5857],[20.7463,49.5831],[20.7473,49.582],[20.7494,49.5801],[20.751,49.5792],[20.7503,49.5785],[20.7485,49.5773],[20.7479,49.5767],[20.7462,49.5757],[20.7456,49.5751],[20.7456,49.5739],[20.7411,49.5722],[20.7399,49.5716],[20.7337,49.5698],[20.7316,49.5693],[20.7302,49.5672],[20.7297,49.5658],[20.7288,49.5645],[20.7283,49.5641],[20.7259,49.5626],[20.7237,49.5609],[20.7224,49.5595],[20.7206,49.558],[20.7201,49.5578],[20.7192,49.5567],[20.7189,49.5558],[20.7181,49.5549],[20.7161,49.5554],[20.7139,49.5566],[20.7135,49.5571],[20.7115,49.558],[20.7077,49.5592],[20.7059,49.5593],[20.7044,49.5596],[20.7035,49.56],[20.7019,49.5612],[20.7003,49.5617],[20.6973,49.5624],[20.696,49.5633],[20.6965,49.564],[20.6974,49.5647],[20.698,49.5655],[20.6969,49.5674],[20.6966,49.5694],[20.6959,49.5711],[20.694,49.5714],[20.6933,49.5712],[20.6902,49.5709],[20.6879,49.571],[20.6864,49.5724],[20.685,49.5722],[20.6846,49.5726],[20.682,49.5724],[20.6818,49.5728],[20.6808,49.573],[20.6793,49.5738]]]}},{"type":"Feature","id":"tarnow","properties":{"slug":"tarnow","name":"Tarnów"},"geometry":{"type":"Polygon","coordinates":[[[20.8937,50.0121],[20.8944,50.0144],[20.8957,50.017],[20.8961,50.0172],[20.8974,50.0192],[20.8972,50.0209],[20.8969,50.0217],[20.8961,50.0228],[20.8949,50.0237],[20.8944,50.0254],[20.895,50.0268],[20.8936,50.0272],[20.8953,50.0285],[20.8956,50.0289],[20.8968,50.0291],[20.8997,50.0307],[20.9017,50.0326],[20.9027,50.0322],[20.904,50.0325],[20.9065,50.0333],[20.908,50.0335],[20.9094,50.034],[20.9104,50.0349],[20.9106,50.036],[20.9115,50.0364],[20.9119,50.0355],[20.9131,50.0344],[20.9138,50.034],[20.9149,50.0338],[20.9168,50.0337],[20.9206,50.0349],[20.9248,50.0354],[20.9278,50.036],[20.9275,50.0374],[20.928,50.0394],[20.9285,50.04],[20.9293,50.0402],[20.9304,50.0412],[20.9304,50.0416],[20.9315,50.044],[20.9312,50.0453],[20.9294,50.0474],[20.9265,50.0503],[20.9262,50.0507],[20.9284,50.052],[20.9299,50.0536],[20.9307,50.0562],[20.9312,50.0569],[20.9305,50.0575],[20.9289,50.0583],[20.9279,50.0594],[20.9273,50.0608],[20.9257,50.0632],[20.9255,50.0641],[20.9269,50.0651],[20.9277,50.0654],[20.9295,50.0657],[20.9321,50.0659],[20.9329,50.0662],[20.9337,50.0659],[20.9357,50.0663],[20.9385,50.0666],[20.9414,50.0666],[20.9426,50.0665],[20.9443,50.0659],[20.9473,50.0659],[20.9499,50.0657],[20.9509,50.0654],[20.9532,50.0653],[20.9564,50.0653],[20.9577,50.0652],[20.9596,50.0653],[20.9634,50.0646],[20.968,50.0639],[20.9687,50.0645],[20.975,50.0645],[20.9781,50.0647],[20.9791,50.0649],[20.9812,50.0649],[20.9811,50.0642],[20.9831,50.064],[20.9842,50.0629],[20.9848,50.062],[20.9875,50.0622],[20.9887,50.0633],[20.9896,50.0648],[20.9932,50.0646],[20.9934,50.0649],[20.9967,50.0649],[21.0003,50.0643],[21.0026,50.064],[21.0056,50.0633],[21.0116,50.0622],[21.0122,50.0619],[21.0129,50.0609],[21.0087,50.0534],[21.0101,50.0532],[21.0116,50.0532],[21.012,50.0536],[21.0159,50.0537],[21.0163,50.0539],[21.0181,50.0534],[21.0191,50.0535],[21.0215,50.0531],[21.0216,50.0537],[21.0212,50.0547],[21.0223,50.055],[21.0246,50.055],[21.0263,50.0552],[21.0286,50.0545],[21.0298,50.054],[21.0315,50.0529],[21.0332,50.053],[21.0336,50.0527],[21.0347,50.0505],[21.0347,50.0486],[21.0341,50.0469],[21.034,50.0452],[21.0345,50.0439],[21.0356,50.0417],[21.0358,50.04],[21.0355,50.0387],[21.0355,50.0367],[21.0347,50.0348],[21.0337,50.0338],[21.033,50.0327],[21.0331,50.0319],[21.0331,50.0287],[21.0333,50.0282],[21.0333,50.0262],[21.0336,50.0249],[21.034,50.0242],[21.0345,50.0226],[21.0361,50.0224],[21.0371,50.0232],[21.0382,50.0237],[21.0403,50.0239],[21.0422,50.0235],[21.0439,50.023],[21.0449,50.0223],[21.0464,50.0217],[21.0474,50.0211],[21.0487,50.0207],[21.0512,50.0202],[21.0542,50.0193],[21.0552,50.0187],[21.0568,50.0182],[21.0606,50.0168],[21.0623,50.0156],[21.0611,50.0152],[21.0601,50.0141],[21.0568,50.0141],[21.0552,50.0139],[21.0545,50.0133],[21.0524,50.0103],[21.051,50.0089],[21.0484,50.0069],[21.0469,50.0064],[21.0441,50.0058],[21.0419,50.0039],[21.0391,50.0048],[21.039,50.0038],[21.0381,50.0035],[21.0361,50.0039],[21.0352,50.0048],[21.0302,50.0066],[21.0286,50.0068],[21.0282,50.0066],[21.0279,50.0053],[21.027,50.0046],[21.0266,50.0035],[21.0255,50.0031],[21.0246,50.0032],[21.0244,50.0039],[21.0233,50.004],[21.022,50.0048],[21.0217,50.0044],[21.0224,50.003],[21.0224,50.0018],[21.023,49.9975],[21.0239,49.9949],[21.0247,49.9931],[21.0248,49.9915],[21.024,49.9901],[21.0241,49.9894],[21.0218,49.9895],[21.0206,49.9899],[21.0195,49.99],[21.0187,49.9913],[21.016,49.9914],[21.0146,49.9902],[21.0149,49.989],[21.0139,49.9881],[21.0131,49.9883],[21.0105,49.9879],[21.0094,49.988],[21.0077,49.9877],[21.0055,49.9878],[21.0053,49.9875],[21.004,49.9875],[21.0017,49.9879],[21.0009,49.9879],[20.9998,49.9883],[20.999,49.9882],[20.9974,49.9886],[20.9959,49.9886],[20.9946,49.9881],[20.9933,49.9879],[20.9905,49.988],[20.9897,49.9877],[20.9886,49.9878],[20.9854,49.9885],[20.9818,49.9889],[20.981,49.9889],[20.9794,49.9893],[20.9773,49.9889],[20.9773,49.9884],[20.9757,49.9884],[20.9728,49.988],[20.9721,49.9882],[20.9707,49.9878],[20.9696,49.9867],[20.9676,49.9857],[20.9672,49.9858],[20.9666,49.9869],[20.9657,49.9875],[20.9657,49.9882],[20.9641,49.99],[20.9628,49.9907],[20.9616,49.9908],[20.9602,49.9898],[20.9596,49.9885],[20.9589,49.9865],[20.9585,49.9861],[20.9563,49.9862],[20.9558,49.9864],[20.9532,49.9869],[20.9498,49.9877],[20.9499,49.9884],[20.9492,49.9909],[20.9469,49.9914],[20.9451,49.9916],[20.9409,49.9919],[20.9399,49.9922],[20.9371,49.9905],[20.9368,49.9894],[20.9354,49.9876],[20.9348,49.986],[20.9331,49.9866],[20.9297,49.9871],[20.9288,49.9874],[20.9277,49.9871],[20.9284,49.9862],[20.9277,49.9858],[20.9269,49.9866],[20.9263,49.9868],[20.9253,49.9861],[20.9245,49.986],[20.9229,49.9868],[20.9215,49.9868],[20.9135,49.9884],[20.9133,49.9888],[20.9148,49.9914],[20.9156,49.9934],[20.9175,49.9938],[20.9203,49.9938],[20.9214,49.9977],[20.9148,49.9986],[20.9128,49.9986],[20.9101,49.9988],[20.9089,50],[20.9078,49.9999],[20.9064,50.0001],[20.9056,49.9998],[20.9044,50.0001],[20.904,50.0021],[20.9036,50.0025],[20.9046,50.0031],[20.9036,50.0036],[20.9064,50.005],[20.9085,50.0049],[20.9102,50.0059],[20.911,50.0069],[20.9108,50.0092],[20.9091,50.0104],[20.9084,50.0111],[20.9058,50.0128],[20.9027,50.0132],[20.9021,50.0136],[20.9006,50.0124],[20.8987,50.0115],[20.8967,50.0101],[20.8963,50.0103],[20.896,50.0115],[20.8937,50.0121]]]}},{"type":"Feature","id":"powiat-bochenski","properties":{"slug":"powiat-bochenski","name":"powiat bocheński"},"geometry":{"type":"Polygon","coordinates":[[[20.3483,50.0999],[20.3478,50.1017],[20.3473,50.1024],[20.3453,50.1044],[20.3432,50.1059],[20.3406,50.108],[20.3399,50.1098],[20.3405,50.1111],[20.3415,50.1118],[20.3429,50.1125],[20.3452,50.1131],[20.3477,50.1139],[20.3491,50.1145],[20.3527,50.1166],[20.3538,50.1171],[20.3555,50.1178],[20.3571,50.1182],[20.3597,50.1183],[20.3617,50.1177],[20.3633,50.1168],[20.364,50.1161],[20.3664,50.1145],[20.3692,50.1136],[20.3713,50.1135],[20.3739,50.114],[20.3759,50.115],[20.3768,50.116],[20.3776,50.1177],[20.3781,50.1194],[20.3793,50.1208],[20.381,50.1218],[20.3827,50.1224],[20.3856,50.123],[20.3873,50.123],[20.39,50.1226],[20.3928,50.1219],[20.3963,50.1219],[20.3979,50.1223],[20.3992,50.1228],[20.4016,50.124],[20.4028,50.1249],[20.4039,50.1262],[20.4046,50.1276],[20.4046,50.13],[20.4033,50.1324],[20.4022,50.1337],[20.4009,50.1347],[20.3994,50.1364],[20.3989,50.1378],[20.3992,50.1396],[20.4006,50.1415],[20.402,50.1424],[20.405,50.1433],[20.4072,50.1433],[20.4089,50.1431],[20.4114,50.1422],[20.4133,50.1411],[20.4157,50.1387],[20.4168,50.1371],[20.4178,50.1361],[20.4197,50.135],[20.421,50.1346],[20.4235,50.1342],[20.4265,50.1342],[20.4307,50.1353],[20.4322,50.1361],[20.4337,50.1374],[20.4344,50.1384],[20.4347,50.1393],[20.4347,50.1415],[20.4353,50.1424],[20.4365,50.1431],[20.4386,50.1435],[20.4405,50.1434],[20.4417,50.1431],[20.4429,50.1425],[20.4443,50.1415],[20.4457,50.1402],[20.4465,50.1392],[20.448,50.1361],[20.4496,50.1344],[20.4521,50.1331],[20.4548,50.1324],[20.4571,50.1321],[20.4599,50.1322],[20.4625,50.1328],[20.4653,50.1339],[20.4663,50.1345],[20.4707,50.1376],[20.4725,50.1382],[20.4737,50.1384],[20.4764,50.1383],[20.4796,50.1378],[20.4817,50.1373],[20.4849,50.1362],[20.4895,50.1343],[20.4919,50.1339],[20.4943,50.1339],[20.496,50.1342],[20.4985,50.1348],[20.5036,50.1365],[20.506,50.137],[20.5087,50.1377],[20.5111,50.1385],[20.5069,50.1361],[20.5051,50.1349],[20.5031,50.1334],[20.5013,50.1319],[20.5005,50.1309],[20.5005,50.1293],[20.501,50.1287],[20.5034,50.1267],[20.5045,50.1259],[20.5095,50.1218],[20.5108,50.1198],[20.5115,50.1179],[20.5116,50.1167],[20.5113,50.1133],[20.5117,50.1116],[20.5122,50.1102],[20.5121,50.1092],[20.5113,50.1077],[20.5096,50.1052],[20.5081,50.1039],[20.5083,50.1034],[20.51,50.1029],[20.5116,50.1029],[20.5152,50.1023],[20.5173,50.1021],[20.5187,50.1017],[20.5212,50.1013],[20.5221,50.101],[20.5283,50.0998],[20.5291,50.0995],[20.5286,50.0973],[20.5286,50.0957],[20.5282,50.0939],[20.5271,50.0922],[20.5271,50.0899],[20.5268,50.0885],[20.5267,50.0858],[20.5272,50.0835],[20.5275,50.0832],[20.5273,50.0823],[20.528,50.0817],[20.5285,50.0807],[20.5281,50.0799],[20.529,50.0799],[20.5288,50.0786],[20.5297,50.0784],[20.5312,50.0784],[20.5324,50.0793],[20.534,50.0792],[20.5349,50.0789],[20.5359,50.0789],[20.5368,50.0793],[20.5378,50.0793],[20.54,50.0781],[20.5428,50.0784],[20.5451,50.0783],[20.5487,50.0787],[20.5501,50.0791],[20.5514,50.0797],[20.5525,50.0797],[20.5538,50.08],[20.5555,50.0797],[20.5563,50.08],[20.558,50.0798],[20.5595,50.0798],[20.5614,50.0794],[20.5641,50.0801],[20.5658,50.0804],[20.5668,50.0802],[20.5697,50.08],[20.574,50.0794],[20.5758,50.0795],[20.5787,50.0781],[20.5796,50.0773],[20.5796,50.0768],[20.5807,50.0758],[20.5817,50.0753],[20.5837,50.0746],[20.5902,50.073],[20.5925,50.0723],[20.595,50.071],[20.5996,50.0694],[20.6001,50.0695],[20.6046,50.0695],[20.6085,50.0701],[20.6106,50.0703],[20.6122,50.07],[20.6153,50.0691],[20.6162,50.069],[20.618,50.0684],[20.619,50.0677],[20.6207,50.0669],[20.6225,50.0666],[20.6233,50.0662],[20.6238,50.0655],[20.624,50.0636],[20.6247,50.0627],[20.6285,50.0616],[20.6299,50.0609],[20.6278,50.0597],[20.6297,50.0581],[20.6302,50.058],[20.6321,50.0563],[20.6315,50.055],[20.6308,50.0548],[20.631,50.0536],[20.6294,50.0522],[20.6287,50.0518],[20.6236,50.0518],[20.6234,50.0514],[20.6239,50.0507],[20.6255,50.05],[20.6236,50.0491],[20.6237,50.0479],[20.624,50.0474],[20.6232,50.0466],[20.6214,50.0458],[20.6191,50.0457],[20.6188,50.0446],[20.6173,50.0446],[20.6177,50.0439],[20.6163,50.0434],[20.615,50.0434],[20.6153,50.0445],[20.6144,50.0451],[20.6128,50.0451],[20.6127,50.0445],[20.6114,50.0447],[20.6099,50.0458],[20.6101,50.0466],[20.6088,50.0474],[20.606,50.0476],[20.6045,50.0476],[20.6041,50.0471],[20.6027,50.0468],[20.6006,50.0453],[20.5988,50.0454],[20.5967,50.0459],[20.5963,50.0453],[20.598,50.0443],[20.5982,50.044],[20.5973,50.0412],[20.5969,50.0409],[20.5942,50.0377],[20.5917,50.0344],[20.5903,50.0337],[20.5908,50.0325],[20.5896,50.0295],[20.5879,50.0271],[20.5879,50.0263],[20.5875,50.0235],[20.5871,50.0218],[20.587,50.0201],[20.5859,50.0197],[20.5843,50.0195],[20.5844,50.0185],[20.5838,50.0168],[20.5832,50.0163],[20.5831,50.0157],[20.5838,50.0155],[20.5838,50.0126],[20.5807,50.0117],[20.5796,50.0115],[20.5797,50.0103],[20.5816,50.0098],[20.5815,50.0087],[20.5798,50.0087],[20.5791,50.008],[20.5788,50.0066],[20.5793,50.0063],[20.5791,50.0051],[20.58,50.0044],[20.5794,50.004],[20.5796,50.0031],[20.5787,50.0007],[20.5781,49.9994],[20.5774,49.9986],[20.5751,49.9982],[20.5739,49.9982],[20.573,49.9978],[20.5709,49.9972],[20.5703,49.9966],[20.569,49.9962],[20.5667,49.996],[20.5644,49.9956],[20.56,49.9954],[20.558,49.995],[20.5543,49.9946],[20.5522,49.9943],[20.552,49.9939],[20.5523,49.9925],[20.5521,49.9901],[20.5521,49.9881],[20.5526,49.9855],[20.5531,49.9848],[20.5535,49.9833],[20.5524,49.9793],[20.5523,49.978],[20.5523,49.9741],[20.5508,49.9742],[20.5475,49.9742],[20.5473,49.9743],[20.5444,49.9743],[20.5453,49.9724],[20.5448,49.9724],[20.5443,49.9704],[20.5421,49.9708],[20.5421,49.9699],[20.5436,49.969],[20.543,49.9678],[20.5455,49.9671],[20.5466,49.9671],[20.5469,49.9668],[20.5461,49.9647],[20.5453,49.9632],[20.5449,49.9619],[20.5448,49.9607],[20.5462,49.9607],[20.5467,49.9621],[20.5479,49.962],[20.5477,49.9629],[20.5477,49.9644],[20.5488,49.9664],[20.5496,49.9673],[20.5506,49.968],[20.551,49.9694],[20.551,49.9702],[20.5524,49.97],[20.5517,49.9658],[20.5516,49.9629],[20.5519,49.9621],[20.5518,49.9605],[20.5505,49.9578],[20.5504,49.9572],[20.5487,49.957],[20.5433,49.957],[20.5409,49.9562],[20.5402,49.9557],[20.5397,49.9549],[20.5378,49.9545],[20.5366,49.9544],[20.5345,49.9539],[20.5336,49.9539],[20.5334,49.9533],[20.5335,49.9519],[20.531,49.951],[20.5297,49.9499],[20.5284,49.9494],[20.5277,49.9484],[20.5249,49.9465],[20.5245,49.9459],[20.5249,49.9444],[20.5248,49.9433],[20.525,49.9424],[20.5244,49.9407],[20.5235,49.94],[20.5242,49.9397],[20.5249,49.9387],[20.5249,49.9368],[20.5252,49.9363],[20.5251,49.9353],[20.5262,49.9349],[20.5295,49.9345],[20.5306,49.9345],[20.5315,49.934],[20.5325,49.9339],[20.5328,49.9333],[20.534,49.9329],[20.5343,49.9324],[20.5364,49.9311],[20.5367,49.9306],[20.5368,49.9306],[20.5367,49.9306],[20.5368,49.9306],[20.5375,49.9298],[20.5379,49.9289],[20.5389,49.9283],[20.54,49.9276],[20.5398,49.9271],[20.5413,49.926],[20.5417,49.9252],[20.5407,49.9243],[20.5413,49.9235],[20.5416,49.9231],[20.5444,49.9223],[20.5475,49.9217],[20.5479,49.9214],[20.5491,49.9213],[20.5499,49.9208],[20.5496,49.9189],[20.5518,49.9176],[20.5514,49.9165],[20.5514,49.9142],[20.5518,49.9133],[20.5539,49.9135],[20.5541,49.9142],[20.5549,49.9142],[20.5542,49.9152],[20.5552,49.9153],[20.5563,49.9159],[20.5564,49.9165],[20.5576,49.9164],[20.558,49.917],[20.5607,49.9163],[20.5624,49.9168],[20.564,49.9157],[20.5645,49.9159],[20.5664,49.9159],[20.5669,49.9123],[20.5673,49.9106],[20.5672,49.9101],[20.5679,49.9093],[20.5688,49.9074],[20.568,49.9067],[20.568,49.9055],[20.5677,49.9052],[20.5672,49.9036],[20.5672,49.9022],[20.5669,49.9017],[20.5667,49.8996],[20.567,49.8987],[20.5664,49.8987],[20.566,49.8977],[20.5658,49.8956],[20.5647,49.8937],[20.5635,49.8923],[20.5621,49.8913],[20.561,49.8908],[20.5589,49.8894],[20.5582,49.8884],[20.5579,49.8871],[20.5573,49.8869],[20.5565,49.8861],[20.5559,49.885],[20.5547,49.8846],[20.5541,49.8829],[20.554,49.8812],[20.5542,49.8804],[20.5547,49.8799],[20.5558,49.8797],[20.5571,49.8786],[20.5561,49.876],[20.5561,49.8749],[20.5569,49.8734],[20.5581,49.872],[20.5595,49.8696],[20.56,49.8679],[20.5618,49.8631],[20.5628,49.861],[20.5638,49.8602],[20.5644,49.8593],[20.5651,49.8597],[20.5664,49.8581],[20.5669,49.8578],[20.5684,49.8575],[20.57,49.8568],[20.5707,49.8563],[20.5713,49.8554],[20.5731,49.8543],[20.5733,49.8538],[20.5764,49.8527],[20.5773,49.8521],[20.5779,49.8512],[20.5779,49.8506],[20.5784,49.8491],[20.5791,49.848],[20.5801,49.8473],[20.5805,49.8462],[20.5802,49.8436],[20.5799,49.842],[20.579,49.84],[20.5788,49.8386],[20.5785,49.8379],[20.5759,49.8379],[20.5746,49.8382],[20.5723,49.8383],[20.5695,49.8381],[20.5653,49.838],[20.5619,49.8372],[20.5612,49.8372],[20.5565,49.8361],[20.5528,49.8354],[20.5519,49.8354],[20.5506,49.8351],[20.5491,49.8351],[20.5477,49.8348],[20.5452,49.8347],[20.5437,49.8349],[20.542,49.8349],[20.5391,49.8342],[20.5387,49.834],[20.536,49.8339],[20.5348,49.8335],[20.5303,49.8337],[20.5248,49.8337],[20.523,49.834],[20.5182,49.8341],[20.5187,49.8337],[20.5187,49.833],[20.5193,49.8319],[20.5206,49.8309],[20.5226,49.83],[20.5227,49.829],[20.5224,49.8287],[20.5224,49.8277],[20.522,49.8267],[20.5211,49.8258],[20.5218,49.825],[20.5229,49.8245],[20.5241,49.8235],[20.5244,49.8229],[20.5262,49.8219],[20.5275,49.8209],[20.5278,49.8202],[20.5278,49.8188],[20.5293,49.8174],[20.5312,49.8166],[20.5321,49.8158],[20.5324,49.815],[20.5346,49.8144],[20.5337,49.812],[20.5322,49.8109],[20.5317,49.8101],[20.5297,49.8084],[20.5296,49.8077],[20.5289,49.8065],[20.5278,49.8057],[20.5262,49.8035],[20.5261,49.8024],[20.5215,49.8026],[20.5202,49.8021],[20.5179,49.8003],[20.5183,49.7987],[20.5181,49.7982],[20.5162,49.799],[20.5141,49.7987],[20.5101,49.7988],[20.5077,49.7985],[20.5019,49.7985],[20.5005,49.7981],[20.4994,49.798],[20.4974,49.7985],[20.4958,49.7991],[20.4935,49.7993],[20.4914,49.7985],[20.4902,49.7978],[20.4889,49.7975],[20.4869,49.7975],[20.485,49.7983],[20.4826,49.7982],[20.4806,49.7998],[20.4786,49.8008],[20.4771,49.8008],[20.4753,49.8012],[20.4741,49.8018],[20.4737,49.8014],[20.4735,49.7993],[20.4732,49.7988],[20.4731,49.7975],[20.4733,49.7968],[20.4748,49.7953],[20.4747,49.7941],[20.4758,49.793],[20.4759,49.7926],[20.4768,49.792],[20.4771,49.7907],[20.4764,49.7904],[20.4766,49.7896],[20.4758,49.7883],[20.4742,49.7851],[20.4719,49.7847],[20.4696,49.784],[20.4698,49.782],[20.4704,49.7818],[20.4704,49.7806],[20.4709,49.7803],[20.4699,49.78],[20.4681,49.7808],[20.4672,49.781],[20.4637,49.7809],[20.4629,49.7811],[20.4611,49.7811],[20.4591,49.7813],[20.4564,49.7818],[20.4549,49.7819],[20.4533,49.7822],[20.452,49.7822],[20.4484,49.7835],[20.447,49.7842],[20.4459,49.7845],[20.4449,49.7845],[20.4438,49.7848],[20.4405,49.7848],[20.44,49.7847],[20.4371,49.7847],[20.4363,49.7846],[20.4336,49.7847],[20.4304,49.7839],[20.4293,49.7839],[20.4286,49.7842],[20.4267,49.7845],[20.4251,49.7839],[20.4238,49.7838],[20.4219,49.7839],[20.4207,49.7838],[20.4184,49.7844],[20.4174,49.7848],[20.4149,49.7849],[20.4127,49.7847],[20.4114,49.7842],[20.4092,49.7831],[20.4055,49.7818],[20.4027,49.7802],[20.4005,49.7801],[20.3996,49.7802],[20.3946,49.7796],[20.3933,49.7788],[20.3922,49.7785],[20.389,49.7786],[20.3882,49.7785],[20.3879,49.7774],[20.3862,49.7773],[20.3862,49.7776],[20.385,49.7779],[20.3854,49.779],[20.3861,49.7795],[20.385,49.7802],[20.3836,49.7802],[20.3817,49.7809],[20.3805,49.7816],[20.3783,49.7813],[20.3765,49.7812],[20.3762,49.7802],[20.3754,49.7803],[20.3739,49.7791],[20.3733,49.779],[20.37,49.7795],[20.3684,49.7794],[20.3663,49.7788],[20.3655,49.7787],[20.3641,49.7789],[20.3634,49.7799],[20.3623,49.7808],[20.3618,49.7807],[20.3609,49.7817],[20.36,49.7823],[20.3597,49.7832],[20.358,49.7844],[20.3569,49.7847],[20.3558,49.7855],[20.3546,49.7861],[20.3515,49.7884],[20.3521,49.79],[20.3531,49.791],[20.3528,49.7914],[20.3529,49.7933],[20.351,49.7937],[20.3522,49.7942],[20.3527,49.7954],[20.3529,49.7967],[20.3522,49.7984],[20.3513,49.7988],[20.3515,49.7992],[20.3511,49.7999],[20.3502,49.8001],[20.3502,49.8007],[20.3496,49.8011],[20.3497,49.8017],[20.349,49.8019],[20.3492,49.8028],[20.3501,49.8029],[20.3503,49.8036],[20.351,49.8042],[20.3489,49.8047],[20.3483,49.8051],[20.3474,49.8062],[20.3471,49.8074],[20.3496,49.8087],[20.35,49.8094],[20.3511,49.8102],[20.3521,49.8113],[20.3511,49.8113],[20.3498,49.8116],[20.3489,49.8115],[20.348,49.8119],[20.3462,49.8119],[20.3453,49.8122],[20.3441,49.8122],[20.3426,49.8128],[20.3427,49.8133],[20.3417,49.8139],[20.3422,49.8144],[20.3436,49.8151],[20.3436,49.8157],[20.341,49.8163],[20.3393,49.8163],[20.3364,49.8168],[20.3352,49.8168],[20.3316,49.8176],[20.3303,49.8176],[20.3301,49.8184],[20.3296,49.8188],[20.3266,49.819],[20.3255,49.8189],[20.3241,49.8192],[20.3218,49.8202],[20.3203,49.8204],[20.3203,49.8214],[20.3182,49.822],[20.3175,49.8224],[20.3162,49.8223],[20.3157,49.8233],[20.3145,49.8232],[20.3148,49.8227],[20.3138,49.8214],[20.3138,49.8209],[20.3132,49.8205],[20.3142,49.8195],[20.3145,49.8186],[20.3152,49.8183],[20.3152,49.8178],[20.316,49.8174],[20.3161,49.8166],[20.3156,49.8159],[20.3138,49.815],[20.3129,49.8142],[20.3117,49.8137],[20.3085,49.8129],[20.3067,49.8128],[20.3059,49.8124],[20.304,49.8135],[20.3028,49.8131],[20.3025,49.8126],[20.3012,49.8121],[20.3003,49.8114],[20.3,49.8105],[20.2991,49.8095],[20.2995,49.8089],[20.2993,49.8081],[20.2987,49.8076],[20.296,49.8072],[20.2952,49.8063],[20.2935,49.8063],[20.293,49.806],[20.2917,49.806],[20.2902,49.8057],[20.2889,49.806],[20.2887,49.8064],[20.2866,49.8073],[20.2857,49.8074],[20.2845,49.808],[20.2822,49.8079],[20.2815,49.8075],[20.2805,49.8077],[20.2791,49.8083],[20.279,49.8088],[20.2776,49.8093],[20.2772,49.8102],[20.2771,49.8112],[20.2753,49.812],[20.2719,49.8132],[20.2714,49.814],[20.2723,49.8152],[20.2739,49.8156],[20.2729,49.8161],[20.2726,49.8182],[20.2704,49.8192],[20.2692,49.8201],[20.268,49.8201],[20.267,49.8205],[20.2667,49.8212],[20.266,49.8221],[20.2653,49.8251],[20.2634,49.8264],[20.261,49.8286],[20.2598,49.8294],[20.2603,49.8301],[20.2606,49.8311],[20.2594,49.8312],[20.2583,49.8309],[20.2566,49.8304],[20.2566,49.8301],[20.2544,49.8298],[20.2526,49.8297],[20.2516,49.8286],[20.2507,49.8289],[20.2496,49.8289],[20.2483,49.8293],[20.2463,49.829],[20.2443,49.8295],[20.2442,49.8297],[20.2437,49.8311],[20.2441,49.8323],[20.2456,49.8333],[20.2457,49.8337],[20.2468,49.8341],[20.2475,49.8352],[20.2452,49.8364],[20.2451,49.8368],[20.2458,49.8373],[20.2457,49.8377],[20.2469,49.8398],[20.2468,49.8403],[20.2451,49.8417],[20.2457,49.8422],[20.2466,49.8437],[20.245,49.8433],[20.2437,49.844],[20.2433,49.8447],[20.2425,49.845],[20.2412,49.8446],[20.2405,49.845],[20.2401,49.8457],[20.2406,49.8466],[20.2401,49.8474],[20.2403,49.8479],[20.2383,49.848],[20.2356,49.8486],[20.2353,49.8491],[20.2352,49.8509],[20.2359,49.8511],[20.2365,49.8522],[20.237,49.854],[20.237,49.8562],[20.235,49.8585],[20.2339,49.8609],[20.2327,49.8623],[20.2325,49.8636],[20.2337,49.8634],[20.2356,49.864],[20.2362,49.8649],[20.2361,49.8658],[20.2368,49.8658],[20.2377,49.8664],[20.2387,49.8652],[20.24,49.8647],[20.2407,49.8651],[20.2417,49.8651],[20.2427,49.8646],[20.2449,49.8646],[20.2456,49.864],[20.2469,49.8642],[20.2489,49.8636],[20.2497,49.8636],[20.2502,49.8641],[20.2516,49.8647],[20.2521,49.8653],[20.2524,49.8669],[20.2553,49.8668],[20.2558,49.8679],[20.2556,49.8684],[20.2564,49.8696],[20.2582,49.8709],[20.2594,49.8713],[20.2599,49.8726],[20.2595,49.8728],[20.2595,49.8736],[20.2591,49.8743],[20.2614,49.875],[20.262,49.8774],[20.2619,49.8785],[20.2614,49.8796],[20.2612,49.8806],[20.2604,49.8818],[20.261,49.8825],[20.2625,49.8829],[20.264,49.8838],[20.2639,49.885],[20.2649,49.8858],[20.2654,49.8868],[20.2671,49.8874],[20.2683,49.8882],[20.2687,49.8894],[20.2701,49.89],[20.2713,49.8923],[20.2729,49.8926],[20.2747,49.8927],[20.2762,49.8924],[20.2781,49.8928],[20.2791,49.8932],[20.2809,49.8935],[20.282,49.8935],[20.2869,49.8929],[20.2879,49.893],[20.2872,49.8938],[20.2873,49.8963],[20.287,49.897],[20.2872,49.898],[20.2867,49.8995],[20.287,49.9],[20.287,49.9012],[20.2863,49.9021],[20.2864,49.9038],[20.2859,49.9044],[20.2867,49.9048],[20.2876,49.9046],[20.2881,49.9052],[20.2876,49.9056],[20.2878,49.9061],[20.2886,49.9065],[20.2889,49.9059],[20.2896,49.906],[20.2896,49.9071],[20.2916,49.908],[20.2925,49.9081],[20.2944,49.9087],[20.2957,49.9087],[20.2974,49.9093],[20.2981,49.9098],[20.2983,49.9104],[20.299,49.9106],[20.2986,49.9116],[20.3007,49.9128],[20.3009,49.9132],[20.302,49.9137],[20.3028,49.9135],[20.3047,49.9134],[20.3059,49.9136],[20.3056,49.9145],[20.3056,49.9172],[20.3057,49.9181],[20.3072,49.9189],[20.3075,49.9195],[20.3067,49.9197],[20.307,49.9206],[20.3068,49.921],[20.3082,49.9218],[20.3088,49.9216],[20.3097,49.9223],[20.3105,49.9245],[20.3111,49.9251],[20.3109,49.9261],[20.3099,49.9264],[20.3079,49.9253],[20.3058,49.9239],[20.3034,49.9238],[20.3025,49.9235],[20.3012,49.9235],[20.3005,49.9239],[20.3002,49.9248],[20.3008,49.9261],[20.3021,49.9266],[20.3046,49.9269],[20.3062,49.9264],[20.3069,49.9272],[20.3087,49.9276],[20.3082,49.9284],[20.3095,49.9293],[20.3104,49.9294],[20.3105,49.9306],[20.3112,49.9312],[20.3099,49.9316],[20.3102,49.9321],[20.3086,49.9331],[20.3086,49.9337],[20.308,49.9348],[20.3087,49.9351],[20.3097,49.9364],[20.3091,49.9379],[20.3055,49.9401],[20.3043,49.9414],[20.3038,49.9423],[20.3053,49.9425],[20.3061,49.9432],[20.3066,49.9446],[20.3079,49.9456],[20.3112,49.9478],[20.3123,49.9478],[20.3143,49.9484],[20.3164,49.9501],[20.3166,49.9512],[20.3158,49.9526],[20.3146,49.9529],[20.3131,49.9526],[20.3103,49.9526],[20.3095,49.9531],[20.3095,49.9546],[20.3102,49.9554],[20.312,49.9563],[20.3133,49.9563],[20.3139,49.9582],[20.3123,49.9589],[20.3116,49.9596],[20.3113,49.9617],[20.3099,49.962],[20.3091,49.9613],[20.3074,49.9608],[20.3082,49.9617],[20.3101,49.9629],[20.3136,49.9644],[20.3148,49.965],[20.3156,49.9663],[20.316,49.9678],[20.3158,49.9687],[20.3153,49.9695],[20.3143,49.9704],[20.3121,49.9718],[20.3101,49.9722],[20.3082,49.9732],[20.3076,49.9743],[20.3078,49.9755],[20.309,49.9765],[20.3112,49.9773],[20.3133,49.9777],[20.3158,49.9775],[20.3188,49.9768],[20.3215,49.9769],[20.3229,49.9774],[20.3242,49.9774],[20.3259,49.977],[20.3277,49.9759],[20.3285,49.9749],[20.3294,49.9753],[20.3309,49.9769],[20.3313,49.9776],[20.3313,49.9783],[20.3308,49.9793],[20.3298,49.9803],[20.3301,49.9809],[20.3318,49.9801],[20.3327,49.9817],[20.3333,49.9832],[20.3344,49.9833],[20.3356,49.9838],[20.336,49.9849],[20.3385,49.9853],[20.3411,49.9854],[20.3422,49.9849],[20.345,49.9851],[20.3469,49.9861],[20.3469,49.9864],[20.3485,49.9875],[20.3494,49.9886],[20.3524,49.989],[20.3528,49.9904],[20.3508,49.9907],[20.3481,49.9903],[20.3464,49.9894],[20.3429,49.9891],[20.3416,49.9886],[20.341,49.9887],[20.3414,49.9897],[20.3416,49.9911],[20.342,49.9922],[20.3426,49.9947],[20.3391,49.9953],[20.3351,49.9959],[20.3346,49.999],[20.3268,49.9982],[20.3239,49.998],[20.3233,50.0015],[20.323,50.0041],[20.3225,50.0068],[20.3222,50.0093],[20.3211,50.016],[20.3208,50.0185],[20.3259,50.0188],[20.3273,50.0188],[20.3349,50.019],[20.3387,50.0193],[20.3438,50.0196],[20.3467,50.0199],[20.352,50.0202],[20.3561,50.0206],[20.3575,50.0206],[20.3657,50.0211],[20.3717,50.0213],[20.38,50.0218],[20.3866,50.0221],[20.3876,50.0221],[20.3843,50.0292],[20.3836,50.0318],[20.3829,50.0351],[20.3826,50.0381],[20.3824,50.0391],[20.3821,50.0424],[20.3816,50.046],[20.381,50.0541],[20.3808,50.0561],[20.3801,50.0617],[20.38,50.0632],[20.3797,50.0646],[20.376,50.0648],[20.3741,50.0648],[20.3688,50.0651],[20.367,50.0651],[20.3661,50.0649],[20.3654,50.0662],[20.3645,50.066],[20.3635,50.0677],[20.3645,50.0678],[20.368,50.0687],[20.3684,50.068],[20.3696,50.0683],[20.3698,50.071],[20.37,50.0723],[20.3665,50.072],[20.3655,50.072],[20.3617,50.0715],[20.3574,50.0708],[20.3554,50.0706],[20.354,50.0726],[20.3545,50.075],[20.3553,50.0763],[20.3549,50.0783],[20.3538,50.0822],[20.3541,50.083],[20.3538,50.0845],[20.3532,50.0851],[20.3505,50.0859],[20.3513,50.0867],[20.3514,50.0876],[20.3532,50.0899],[20.353,50.0918],[20.3513,50.0928],[20.3504,50.0936],[20.3536,50.0957],[20.3553,50.096],[20.3542,50.0967],[20.3538,50.0974],[20.3537,50.0987],[20.3527,50.1001],[20.3516,50.0997],[20.3483,50.0999]]]}},{"type":"Feature","id":"powiat-brzeski","properties":{"slug":"powiat-brzeski","name":"powiat brzeski"},"geometry":{"type":"Polygon","coordinates":[[[20.5111,50.1385],[20.5138,50.1395],[20.5155,50.1398],[20.5192,50.1409],[20.5263,50.1432],[20.5307,50.1449],[20.5346,50.1461],[20.538,50.1466],[20.5399,50.1465],[20.5425,50.1459],[20.5452,50.1446],[20.5468,50.1437],[20.5501,50.1416],[20.5525,50.1407],[20.5556,50.1402],[20.5581,50.1402],[20.5608,50.1405],[20.5634,50.1414],[20.565,50.1427],[20.5656,50.1436],[20.5664,50.1454],[20.5668,50.147],[20.5681,50.1483],[20.5697,50.1486],[20.572,50.1484],[20.5746,50.1471],[20.575,50.1466],[20.5767,50.1454],[20.5789,50.143],[20.5802,50.1418],[20.5827,50.1404],[20.5852,50.1398],[20.5878,50.1397],[20.5896,50.1402],[20.5909,50.141],[20.5916,50.142],[20.5917,50.1433],[20.5914,50.1439],[20.59,50.1456],[20.5886,50.1482],[20.5886,50.1499],[20.5893,50.1516],[20.5899,50.1522],[20.5914,50.1531],[20.5925,50.1535],[20.596,50.1539],[20.5974,50.1537],[20.6023,50.1525],[20.6052,50.1516],[20.6071,50.1515],[20.6089,50.152],[20.6131,50.155],[20.6142,50.1562],[20.6147,50.157],[20.6174,50.1605],[20.6186,50.1618],[20.6215,50.1645],[20.623,50.1656],[20.6246,50.1664],[20.6284,50.1679],[20.6322,50.1685],[20.6345,50.1692],[20.636,50.1699],[20.6381,50.1714],[20.6404,50.1733],[20.6431,50.1761],[20.6459,50.1786],[20.6483,50.1806],[20.6507,50.1828],[20.6514,50.1833],[20.6531,50.1849],[20.6546,50.1859],[20.658,50.1886],[20.6592,50.1898],[20.6606,50.1919],[20.6628,50.1941],[20.6642,50.1952],[20.6662,50.1965],[20.6688,50.1971],[20.6722,50.1971],[20.6749,50.1967],[20.6754,50.1965],[20.6772,50.1964],[20.6786,50.1966],[20.6799,50.1973],[20.6804,50.1978],[20.6812,50.1993],[20.6815,50.2008],[20.6823,50.2006],[20.6831,50.1993],[20.6851,50.1993],[20.6866,50.1989],[20.6871,50.1984],[20.6896,50.1978],[20.6919,50.1963],[20.6926,50.1951],[20.6939,50.1945],[20.695,50.1934],[20.6966,50.1926],[20.6973,50.1912],[20.6987,50.1906],[20.7042,50.1906],[20.7059,50.1898],[20.7066,50.1893],[20.706,50.1888],[20.704,50.1881],[20.7028,50.1875],[20.702,50.1863],[20.7021,50.1856],[20.703,50.1835],[20.7028,50.1829],[20.7018,50.1821],[20.7021,50.1816],[20.7015,50.1809],[20.701,50.1791],[20.7014,50.1759],[20.7015,50.1743],[20.7003,50.1721],[20.7002,50.1708],[20.6991,50.1692],[20.6966,50.1692],[20.6994,50.1661],[20.697,50.1643],[20.6967,50.1637],[20.6979,50.163],[20.6996,50.1616],[20.7007,50.1604],[20.7029,50.1588],[20.7042,50.1573],[20.7062,50.1562],[20.707,50.1555],[20.709,50.1545],[20.711,50.1542],[20.7146,50.1535],[20.7151,50.1535],[20.7186,50.1527],[20.7237,50.1517],[20.7258,50.1514],[20.7283,50.1514],[20.7301,50.1503],[20.733,50.1499],[20.735,50.1493],[20.7365,50.1492],[20.7376,50.1489],[20.7387,50.149],[20.7415,50.1483],[20.7446,50.1477],[20.7462,50.1477],[20.747,50.1461],[20.7481,50.1452],[20.7493,50.1446],[20.7518,50.143],[20.7535,50.1417],[20.7552,50.1379],[20.7574,50.1356],[20.7586,50.134],[20.7593,50.1333],[20.7612,50.1325],[20.7643,50.1301],[20.7609,50.1297],[20.7586,50.1293],[20.7531,50.1286],[20.755,50.1233],[20.7559,50.1206],[20.7542,50.1204],[20.7513,50.1199],[20.7488,50.1196],[20.7447,50.1189],[20.7402,50.1183],[20.7361,50.1176],[20.7345,50.1174],[20.7351,50.1133],[20.7391,50.113],[20.739,50.1139],[20.7414,50.1132],[20.7442,50.1128],[20.7424,50.1104],[20.744,50.1097],[20.7466,50.1101],[20.7493,50.1104],[20.7507,50.1107],[20.7568,50.1117],[20.7584,50.1083],[20.7592,50.1062],[20.7608,50.1025],[20.7695,50.1027],[20.7694,50.1024],[20.7719,50.0988],[20.7725,50.0982],[20.7752,50.0941],[20.7756,50.0942],[20.7767,50.0928],[20.7782,50.0931],[20.7799,50.0922],[20.7805,50.0916],[20.7813,50.0914],[20.7788,50.0903],[20.7764,50.0899],[20.7763,50.089],[20.7742,50.0879],[20.7757,50.0848],[20.778,50.0788],[20.7791,50.0758],[20.7813,50.0702],[20.7825,50.0701],[20.7821,50.0696],[20.781,50.0694],[20.7788,50.0687],[20.7776,50.0679],[20.776,50.0665],[20.7756,50.0657],[20.7745,50.0643],[20.774,50.0626],[20.7731,50.0611],[20.7702,50.058],[20.7691,50.0574],[20.7665,50.0567],[20.7651,50.0567],[20.7636,50.056],[20.7619,50.0545],[20.7601,50.0541],[20.7576,50.0527],[20.757,50.0516],[20.7569,50.0495],[20.7573,50.0483],[20.7579,50.0474],[20.7581,50.0463],[20.7574,50.0456],[20.7572,50.0448],[20.7574,50.0438],[20.7563,50.0435],[20.756,50.0424],[20.7571,50.0415],[20.7575,50.0401],[20.7584,50.0394],[20.7583,50.0384],[20.759,50.038],[20.7578,50.0367],[20.7566,50.0359],[20.7558,50.0357],[20.7564,50.0344],[20.7552,50.0337],[20.755,50.0329],[20.7556,50.0317],[20.7566,50.0307],[20.7593,50.03],[20.762,50.0307],[20.7628,50.0306],[20.7652,50.031],[20.77,50.0306],[20.7729,50.0302],[20.7747,50.0301],[20.7805,50.0294],[20.7838,50.0289],[20.7855,50.0285],[20.7879,50.0282],[20.7915,50.0276],[20.7982,50.0257],[20.7983,50.0248],[20.7982,50.0228],[20.798,50.0225],[20.796,50.022],[20.7922,50.0209],[20.7888,50.0197],[20.7861,50.0189],[20.782,50.0174],[20.7847,50.0165],[20.7871,50.0166],[20.7868,50.0129],[20.7866,50.0119],[20.7859,50.0069],[20.7852,50.007],[20.7808,50.0072],[20.7782,50.0074],[20.7727,50.0075],[20.7719,50.0093],[20.773,50.0095],[20.7749,50.0122],[20.777,50.0138],[20.7786,50.0153],[20.7797,50.0176],[20.7759,50.0179],[20.773,50.0194],[20.7703,50.0198],[20.769,50.0202],[20.7678,50.0196],[20.7654,50.0201],[20.7649,50.0196],[20.7645,50.0183],[20.7644,50.017],[20.7638,50.0157],[20.7629,50.0153],[20.7632,50.0139],[20.7607,50.0136],[20.7564,50.0132],[20.7559,50.0134],[20.7548,50.0128],[20.7537,50.0134],[20.7534,50.0129],[20.7514,50.0131],[20.7484,50.01],[20.7478,50.0089],[20.7464,50.0079],[20.7461,50.0074],[20.7468,50.0071],[20.7468,50.0066],[20.7479,50.0063],[20.7479,50.0057],[20.7473,50.0049],[20.7486,50.0045],[20.7488,50.0038],[20.7483,50.0036],[20.7486,50.0023],[20.7501,50.0025],[20.7513,50.0023],[20.7518,50.0016],[20.7539,50.0012],[20.7542,50.0001],[20.7554,49.9999],[20.756,49.9993],[20.7573,49.999],[20.7569,49.9972],[20.757,49.9965],[20.7565,49.996],[20.7572,49.9954],[20.7564,49.9952],[20.7564,49.9945],[20.7569,49.9939],[20.7584,49.9935],[20.758,49.9929],[20.758,49.992],[20.759,49.991],[20.759,49.9904],[20.7604,49.9891],[20.7612,49.9892],[20.7619,49.9888],[20.7617,49.9878],[20.7634,49.9875],[20.7633,49.9869],[20.7639,49.9867],[20.7649,49.9854],[20.7652,49.9837],[20.7646,49.9822],[20.7652,49.9816],[20.765,49.9812],[20.7639,49.9808],[20.7637,49.9801],[20.7623,49.9793],[20.7623,49.9785],[20.7616,49.9784],[20.7599,49.9775],[20.7591,49.9769],[20.7588,49.9756],[20.7579,49.9754],[20.7581,49.9749],[20.7569,49.9748],[20.7559,49.9738],[20.7563,49.9722],[20.7557,49.9718],[20.7561,49.9708],[20.7557,49.9697],[20.7558,49.9692],[20.7572,49.9683],[20.7563,49.968],[20.7563,49.9666],[20.756,49.9657],[20.7555,49.9651],[20.7556,49.9636],[20.7577,49.9636],[20.7602,49.9632],[20.762,49.9623],[20.7632,49.9623],[20.7668,49.9618],[20.767,49.9611],[20.768,49.9608],[20.77,49.9607],[20.7713,49.9611],[20.7715,49.9606],[20.7728,49.9606],[20.7737,49.9601],[20.7744,49.9602],[20.7765,49.9587],[20.779,49.9581],[20.7812,49.9584],[20.7831,49.9576],[20.7872,49.957],[20.7892,49.9561],[20.7903,49.9558],[20.7918,49.9547],[20.7929,49.9543],[20.793,49.9537],[20.7921,49.9534],[20.7908,49.9534],[20.7893,49.9531],[20.7882,49.952],[20.7868,49.9512],[20.7871,49.9503],[20.7838,49.9492],[20.7826,49.9486],[20.7798,49.9476],[20.7778,49.9458],[20.7762,49.9454],[20.7751,49.9446],[20.7729,49.9435],[20.7716,49.9431],[20.7702,49.9423],[20.7676,49.9424],[20.767,49.9422],[20.7655,49.9422],[20.7634,49.9426],[20.7625,49.9422],[20.7596,49.9421],[20.7581,49.9425],[20.757,49.9421],[20.7569,49.9416],[20.7558,49.9414],[20.7553,49.9406],[20.7541,49.94],[20.754,49.94],[20.7541,49.94],[20.7534,49.9394],[20.7532,49.9381],[20.7529,49.9377],[20.7534,49.9368],[20.7538,49.9365],[20.7537,49.9357],[20.7546,49.9347],[20.7546,49.9339],[20.7556,49.933],[20.7561,49.9322],[20.7562,49.9311],[20.7568,49.9302],[20.7576,49.93],[20.7582,49.9293],[20.7585,49.9285],[20.7579,49.928],[20.7576,49.9271],[20.7575,49.9271],[20.7576,49.9271],[20.7575,49.9271],[20.7579,49.9261],[20.7583,49.9252],[20.7584,49.9229],[20.7588,49.9218],[20.7596,49.9207],[20.7592,49.9204],[20.7572,49.92],[20.7537,49.9189],[20.753,49.9185],[20.7513,49.9181],[20.7513,49.9177],[20.7522,49.9173],[20.7537,49.9174],[20.7535,49.9159],[20.7555,49.9147],[20.7566,49.9142],[20.761,49.9127],[20.7616,49.9126],[20.7656,49.9112],[20.767,49.9105],[20.769,49.9097],[20.7705,49.9093],[20.7727,49.9084],[20.7749,49.9078],[20.7769,49.9066],[20.7763,49.9065],[20.7752,49.9057],[20.7746,49.9049],[20.7744,49.9038],[20.7728,49.9035],[20.7718,49.9042],[20.7701,49.9042],[20.7689,49.9044],[20.7676,49.9034],[20.7675,49.902],[20.7667,49.9014],[20.7652,49.8998],[20.7651,49.898],[20.7642,49.8978],[20.7606,49.8976],[20.7592,49.8979],[20.7585,49.8984],[20.757,49.8986],[20.7555,49.8991],[20.7527,49.8991],[20.7515,49.899],[20.7491,49.8993],[20.7472,49.9001],[20.7461,49.9003],[20.7447,49.9011],[20.7436,49.901],[20.7412,49.902],[20.7404,49.9027],[20.7392,49.9029],[20.7385,49.9034],[20.7374,49.9031],[20.7362,49.9032],[20.7357,49.9029],[20.7321,49.9029],[20.7308,49.9032],[20.7307,49.9023],[20.7285,49.9021],[20.7273,49.9018],[20.7288,49.9011],[20.7286,49.9008],[20.7265,49.9003],[20.7246,49.899],[20.7229,49.8989],[20.7232,49.8979],[20.7246,49.8951],[20.7271,49.8948],[20.7273,49.8961],[20.7286,49.896],[20.7283,49.8947],[20.7318,49.8942],[20.7313,49.8935],[20.7328,49.8911],[20.7351,49.8884],[20.7354,49.8878],[20.7365,49.8867],[20.7352,49.8865],[20.7341,49.8856],[20.7327,49.8853],[20.7326,49.8837],[20.7331,49.8832],[20.7317,49.8824],[20.7319,49.8818],[20.7302,49.882],[20.726,49.882],[20.7246,49.8819],[20.7234,49.8812],[20.7226,49.8813],[20.7209,49.8803],[20.7201,49.8795],[20.7199,49.8789],[20.7187,49.8785],[20.719,49.8774],[20.7178,49.8765],[20.7177,49.876],[20.7186,49.8759],[20.72,49.8754],[20.7213,49.8753],[20.7231,49.8747],[20.7233,49.8733],[20.7243,49.8712],[20.7255,49.8705],[20.7266,49.8683],[20.7312,49.8683],[20.7316,49.8675],[20.7329,49.8678],[20.7335,49.8674],[20.7341,49.8665],[20.7315,49.8661],[20.7319,49.8643],[20.7347,49.8644],[20.7362,49.8607],[20.7349,49.8596],[20.7346,49.8588],[20.735,49.858],[20.7333,49.857],[20.733,49.8558],[20.7309,49.8556],[20.7292,49.8553],[20.727,49.8547],[20.7244,49.8537],[20.7181,49.8525],[20.7164,49.852],[20.7148,49.8511],[20.7139,49.8484],[20.7135,49.8451],[20.713,49.8425],[20.7123,49.8402],[20.7121,49.8383],[20.7111,49.8361],[20.7099,49.8351],[20.7089,49.8346],[20.7072,49.8341],[20.7053,49.834],[20.7047,49.8342],[20.7026,49.8354],[20.7001,49.8363],[20.6979,49.8365],[20.6985,49.8335],[20.6993,49.8322],[20.7012,49.8303],[20.7021,49.8298],[20.7053,49.8289],[20.7094,49.8291],[20.7108,49.8281],[20.711,49.8273],[20.7128,49.8239],[20.7123,49.8231],[20.7135,49.8214],[20.7134,49.8207],[20.7141,49.8194],[20.7143,49.8177],[20.713,49.8162],[20.7134,49.8155],[20.7127,49.8149],[20.7128,49.8143],[20.7122,49.8129],[20.7114,49.8128],[20.7116,49.811],[20.7129,49.8101],[20.7131,49.8097],[20.7128,49.8083],[20.7123,49.8076],[20.7132,49.8075],[20.7132,49.8066],[20.7125,49.8064],[20.7104,49.8065],[20.7097,49.8062],[20.7082,49.806],[20.706,49.8054],[20.7011,49.8053],[20.6996,49.8055],[20.6968,49.8064],[20.6952,49.8065],[20.6943,49.8068],[20.6931,49.8069],[20.6919,49.8067],[20.6911,49.8063],[20.6905,49.8049],[20.6893,49.8038],[20.6893,49.8031],[20.6889,49.8023],[20.6874,49.8016],[20.6872,49.8013],[20.6844,49.8004],[20.6812,49.8004],[20.6801,49.7999],[20.6786,49.7997],[20.677,49.8],[20.6743,49.8],[20.6731,49.8001],[20.6704,49.7996],[20.6691,49.8003],[20.6692,49.8012],[20.6696,49.8015],[20.667,49.8042],[20.6663,49.8061],[20.6597,49.8045],[20.6583,49.804],[20.6554,49.8034],[20.6541,49.803],[20.6527,49.8023],[20.6512,49.8013],[20.6466,49.7994],[20.646,49.7987],[20.6463,49.796],[20.6461,49.7952],[20.6446,49.7954],[20.6432,49.796],[20.6414,49.796],[20.6404,49.7956],[20.6388,49.7955],[20.6375,49.7957],[20.6342,49.7966],[20.6312,49.7965],[20.6296,49.7963],[20.6312,49.7948],[20.6319,49.7934],[20.6313,49.7926],[20.6312,49.792],[20.632,49.791],[20.6314,49.7907],[20.6307,49.7898],[20.6295,49.7887],[20.6278,49.7887],[20.6268,49.7884],[20.6264,49.7888],[20.6249,49.7892],[20.6215,49.7891],[20.6198,49.7884],[20.6193,49.7886],[20.6171,49.7876],[20.6156,49.7866],[20.6156,49.786],[20.6144,49.7848],[20.6143,49.7842],[20.6136,49.7839],[20.6136,49.7832],[20.6142,49.7829],[20.6142,49.7821],[20.6138,49.7818],[20.6146,49.7811],[20.614,49.7802],[20.6134,49.7798],[20.6142,49.7785],[20.6139,49.7779],[20.6126,49.7772],[20.6131,49.7761],[20.6126,49.7757],[20.6109,49.7758],[20.6101,49.7771],[20.6094,49.7774],[20.6087,49.7766],[20.6091,49.7758],[20.6092,49.774],[20.6078,49.7735],[20.6055,49.7724],[20.6033,49.7707],[20.6041,49.77],[20.6039,49.7696],[20.6009,49.7688],[20.5993,49.7685],[20.5966,49.7677],[20.5947,49.7668],[20.593,49.7663],[20.5908,49.7653],[20.5886,49.7647],[20.5876,49.7643],[20.5867,49.7634],[20.5858,49.7628],[20.5851,49.7619],[20.5836,49.7626],[20.5826,49.7642],[20.5829,49.7651],[20.5826,49.7662],[20.5814,49.7677],[20.5801,49.7688],[20.5776,49.7695],[20.5764,49.7708],[20.5746,49.7717],[20.5739,49.7723],[20.5727,49.7728],[20.571,49.7732],[20.5672,49.7747],[20.5664,49.7753],[20.5645,49.7757],[20.5626,49.7763],[20.5601,49.7768],[20.5578,49.7765],[20.5573,49.7761],[20.5566,49.7767],[20.5554,49.7773],[20.5545,49.7771],[20.5519,49.7772],[20.5514,49.7771],[20.5486,49.7789],[20.547,49.7803],[20.5454,49.7813],[20.5432,49.7821],[20.5418,49.7831],[20.5398,49.783],[20.5387,49.7833],[20.5387,49.7843],[20.5382,49.7844],[20.5373,49.7852],[20.5357,49.7855],[20.5348,49.7859],[20.5319,49.7867],[20.5305,49.7875],[20.5296,49.7876],[20.5295,49.7881],[20.5283,49.7884],[20.5282,49.789],[20.5275,49.7891],[20.527,49.7897],[20.5263,49.7899],[20.5253,49.7906],[20.5247,49.7915],[20.5246,49.7926],[20.5242,49.7931],[20.5223,49.7936],[20.5212,49.7941],[20.5204,49.7954],[20.5191,49.7963],[20.5184,49.7971],[20.5181,49.7982],[20.5183,49.7987],[20.5179,49.8003],[20.5202,49.8021],[20.5215,49.8026],[20.5261,49.8024],[20.5262,49.8035],[20.5278,49.8057],[20.5289,49.8065],[20.5296,49.8077],[20.5297,49.8084],[20.5317,49.8101],[20.5322,49.8109],[20.5337,49.812],[20.5346,49.8144],[20.5324,49.815],[20.5321,49.8158],[20.5312,49.8166],[20.5293,49.8174],[20.5278,49.8188],[20.5278,49.8202],[20.5275,49.8209],[20.5262,49.8219],[20.5244,49.8229],[20.5241,49.8235],[20.5229,49.8245],[20.5218,49.825],[20.5211,49.8258],[20.522,49.8267],[20.5224,49.8277],[20.5224,49.8287],[20.5227,49.829],[20.5226,49.83],[20.5206,49.8309],[20.5193,49.8319],[20.5187,49.833],[20.5187,49.8337],[20.5182,49.8341],[20.523,49.834],[20.5248,49.8337],[20.5303,49.8337],[20.5348,49.8335],[20.536,49.8339],[20.5387,49.834],[20.5391,49.8342],[20.542,49.8349],[20.5437,49.8349],[20.5452,49.8347],[20.5477,49.8348],[20.5491,49.8351],[20.5506,49.8351],[20.5519,49.8354],[20.5528,49.8354],[20.5565,49.8361],[20.5612,49.8372],[20.5619,49.8372],[20.5653,49.838],[20.5695,49.8381],[20.5723,49.8383],[20.5746,49.8382],[20.5759,49.8379],[20.5785,49.8379],[20.5788,49.8386],[20.579,49.84],[20.5799,49.842],[20.5802,49.8436],[20.5805,49.8462],[20.5801,49.8473],[20.5791,49.848],[20.5784,49.8491],[20.5779,49.8506],[20.5779,49.8512],[20.5773,49.8521],[20.5764,49.8527],[20.5733,49.8538],[20.5731,49.8543],[20.5713,49.8554],[20.5707,49.8563],[20.57,49.8568],[20.5684,49.8575],[20.5669,49.8578],[20.5664,49.8581],[20.5651,49.8597],[20.5644,49.8593],[20.5638,49.8602],[20.5628,49.861],[20.5618,49.8631],[20.56,49.8679],[20.5595,49.8696],[20.5581,49.872],[20.5569,49.8734],[20.5561,49.8749],[20.5561,49.876],[20.5571,49.8786],[20.5558,49.8797],[20.5547,49.8799],[20.5542,49.8804],[20.554,49.8812],[20.5541,49.8829],[20.5547,49.8846],[20.5559,49.885],[20.5565,49.8861],[20.5573,49.8869],[20.5579,49.8871],[20.5582,49.8884],[20.5589,49.8894],[20.561,49.8908],[20.5621,49.8913],[20.5635,49.8923],[20.5647,49.8937],[20.5658,49.8956],[20.566,49.8977],[20.5664,49.8987],[20.567,49.8987],[20.5667,49.8996],[20.5669,49.9017],[20.5672,49.9022],[20.5672,49.9036],[20.5677,49.9052],[20.568,49.9055],[20.568,49.9067],[20.5688,49.9074],[20.5679,49.9093],[20.5672,49.9101],[20.5673,49.9106],[20.5669,49.9123],[20.5664,49.9159],[20.5645,49.9159],[20.564,49.9157],[20.5624,49.9168],[20.5607,49.9163],[20.558,49.917],[20.5576,49.9164],[20.5564,49.9165],[20.5563,49.9159],[20.5552,49.9153],[20.5542,49.9152],[20.5549,49.9142],[20.5541,49.9142],[20.5539,49.9135],[20.5518,49.9133],[20.5514,49.9142],[20.5514,49.9165],[20.5518,49.9176],[20.5496,49.9189],[20.5499,49.9208],[20.5491,49.9213],[20.5479,49.9214],[20.5475,49.9217],[20.5444,49.9223],[20.5416,49.9231],[20.5413,49.9235],[20.5407,49.9243],[20.5417,49.9252],[20.5413,49.926],[20.5398,49.9271],[20.54,49.9276],[20.5389,49.9283],[20.5379,49.9289],[20.5375,49.9298],[20.5368,49.9306],[20.5367,49.9306],[20.5368,49.9306],[20.5367,49.9306],[20.5364,49.9311],[20.5343,49.9324],[20.534,49.9329],[20.5328,49.9333],[20.5325,49.9339],[20.5315,49.934],[20.5306,49.9345],[20.5295,49.9345],[20.5262,49.9349],[20.5251,49.9353],[20.5252,49.9363],[20.5249,49.9368],[20.5249,49.9387],[20.5242,49.9397],[20.5235,49.94],[20.5244,49.9407],[20.525,49.9424],[20.5248,49.9433],[20.5249,49.9444],[20.5245,49.9459],[20.5249,49.9465],[20.5277,49.9484],[20.5284,49.9494],[20.5297,49.9499],[20.531,49.951],[20.5335,49.9519],[20.5334,49.9533],[20.5336,49.9539],[20.5345,49.9539],[20.5366,49.9544],[20.5378,49.9545],[20.5397,49.9549],[20.5402,49.9557],[20.5409,49.9562],[20.5433,49.957],[20.5487,49.957],[20.5504,49.9572],[20.5505,49.9578],[20.5518,49.9605],[20.5519,49.9621],[20.5516,49.9629],[20.5517,49.9658],[20.5524,49.97],[20.551,49.9702],[20.551,49.9694],[20.5506,49.968],[20.5496,49.9673],[20.5488,49.9664],[20.5477,49.9644],[20.5477,49.9629],[20.5479,49.962],[20.5467,49.9621],[20.5462,49.9607],[20.5448,49.9607],[20.5449,49.9619],[20.5453,49.9632],[20.5461,49.9647],[20.5469,49.9668],[20.5466,49.9671],[20.5455,49.9671],[20.543,49.9678],[20.5436,49.969],[20.5421,49.9699],[20.5421,49.9708],[20.5443,49.9704],[20.5448,49.9724],[20.5453,49.9724],[20.5444,49.9743],[20.5473,49.9743],[20.5475,49.9742],[20.5508,49.9742],[20.5523,49.9741],[20.5523,49.978],[20.5524,49.9793],[20.5535,49.9833],[20.5531,49.9848],[20.5526,49.9855],[20.5521,49.9881],[20.5521,49.9901],[20.5523,49.9925],[20.552,49.9939],[20.5522,49.9943],[20.5543,49.9946],[20.558,49.995],[20.56,49.9954],[20.5644,49.9956],[20.5667,49.996],[20.569,49.9962],[20.5703,49.9966],[20.5709,49.9972],[20.573,49.9978],[20.5739,49.9982],[20.5751,49.9982],[20.5774,49.9986],[20.5781,49.9994],[20.5787,50.0007],[20.5796,50.0031],[20.5794,50.004],[20.58,50.0044],[20.5791,50.0051],[20.5793,50.0063],[20.5788,50.0066],[20.5791,50.008],[20.5798,50.0087],[20.5815,50.0087],[20.5816,50.0098],[20.5797,50.0103],[20.5796,50.0115],[20.5807,50.0117],[20.5838,50.0126],[20.5838,50.0155],[20.5831,50.0157],[20.5832,50.0163],[20.5838,50.0168],[20.5844,50.0185],[20.5843,50.0195],[20.5859,50.0197],[20.587,50.0201],[20.5871,50.0218],[20.5875,50.0235],[20.5879,50.0263],[20.5879,50.0271],[20.5896,50.0295],[20.5908,50.0325],[20.5903,50.0337],[20.5917,50.0344],[20.5942,50.0377],[20.5969,50.0409],[20.5973,50.0412],[20.5982,50.044],[20.598,50.0443],[20.5963,50.0453],[20.5967,50.0459],[20.5988,50.0454],[20.6006,50.0453],[20.6027,50.0468],[20.6041,50.0471],[20.6045,50.0476],[20.606,50.0476],[20.6088,50.0474],[20.6101,50.0466],[20.6099,50.0458],[20.6114,50.0447],[20.6127,50.0445],[20.6128,50.0451],[20.6144,50.0451],[20.6153,50.0445],[20.615,50.0434],[20.6163,50.0434],[20.6177,50.0439],[20.6173,50.0446],[20.6188,50.0446],[20.6191,50.0457],[20.6214,50.0458],[20.6232,50.0466],[20.624,50.0474],[20.6237,50.0479],[20.6236,50.0491],[20.6255,50.05],[20.6239,50.0507],[20.6234,50.0514],[20.6236,50.0518],[20.6287,50.0518],[20.6294,50.0522],[20.631,50.0536],[20.6308,50.0548],[20.6315,50.055],[20.6321,50.0563],[20.6302,50.058],[20.6297,50.0581],[20.6278,50.0597],[20.6299,50.0609],[20.6285,50.0616],[20.6247,50.0627],[20.624,50.0636],[20.6238,50.0655],[20.6233,50.0662],[20.6225,50.0666],[20.6207,50.0669],[20.619,50.0677],[20.618,50.0684],[20.6162,50.069],[20.6153,50.0691],[20.6122,50.07],[20.6106,50.0703],[20.6085,50.0701],[20.6046,50.0695],[20.6001,50.0695],[20.5996,50.0694],[20.595,50.071],[20.5925,50.0723],[20.5902,50.073],[20.5837,50.0746],[20.5817,50.0753],[20.5807,50.0758],[20.5796,50.0768],[20.5796,50.0773],[20.5787,50.0781],[20.5758,50.0795],[20.574,50.0794],[20.5697,50.08],[20.5668,50.0802],[20.5658,50.0804],[20.5641,50.0801],[20.5614,50.0794],[20.5595,50.0798],[20.558,50.0798],[20.5563,50.08],[20.5555,50.0797],[20.5538,50.08],[20.5525,50.0797],[20.5514,50.0797],[20.5501,50.0791],[20.5487,50.0787],[20.5451,50.0783],[20.5428,50.0784],[20.54,50.0781],[20.5378,50.0793],[20.5368,50.0793],[20.5359,50.0789],[20.5349,50.0789],[20.534,50.0792],[20.5324,50.0793],[20.5312,50.0784],[20.5297,50.0784],[20.5288,50.0786],[20.529,50.0799],[20.5281,50.0799],[20.5285,50.0807],[20.528,50.0817],[20.5273,50.0823],[20.5275,50.0832],[20.5272,50.0835],[20.5267,50.0858],[20.5268,50.0885],[20.5271,50.0899],[20.5271,50.0922],[20.5282,50.0939],[20.5286,50.0957],[20.5286,50.0973],[20.5291,50.0995],[20.5283,50.0998],[20.5221,50.101],[20.5212,50.1013],[20.5187,50.1017],[20.5173,50.1021],[20.5152,50.1023],[20.5116,50.1029],[20.51,50.1029],[20.5083,50.1034],[20.5081,50.1039],[20.5096,50.1052],[20.5113,50.1077],[20.5121,50.1092],[20.5122,50.1102],[20.5117,50.1116],[20.5113,50.1133],[20.5116,50.1167],[20.5115,50.1179],[20.5108,50.1198],[20.5095,50.1218],[20.5045,50.1259],[20.5034,50.1267],[20.501,50.1287],[20.5005,50.1293],[20.5005,50.1309],[20.5013,50.1319],[20.5031,50.1334],[20.5051,50.1349],[20.5069,50.1361],[20.5111,50.1385]]]}},{"type":"Feature","id":"powiat-chrzanowski","properties":{"slug":"powiat-chrzanowski","name":"powiat chrzanowski"},"geometry":{"type":"Polygon","coordinates":[[[19.5103,50.0257],[19.5099,50.026],[19.5091,50.0274],[19.5077,50.0323],[19.5075,50.0338],[19.507,50.0348],[19.5052,50.0358],[19.5043,50.036],[19.5025,50.036],[19.4998,50.0348],[19.4977,50.0332],[19.4968,50.0317],[19.4964,50.0314],[19.4957,50.0299],[19.4946,50.0296],[19.4935,50.0285],[19.4921,50.0278],[19.4891,50.028],[19.486,50.0275],[19.485,50.0276],[19.483,50.0273],[19.4795,50.0274],[19.4773,50.0279],[19.4749,50.0289],[19.474,50.0294],[19.4728,50.0304],[19.4722,50.0314],[19.4722,50.0323],[19.4725,50.0333],[19.4733,50.0346],[19.4738,50.0363],[19.4736,50.0373],[19.4731,50.0381],[19.4717,50.0391],[19.4683,50.0403],[19.4668,50.0403],[19.4644,50.04],[19.4631,50.0394],[19.4625,50.0385],[19.4621,50.0372],[19.4622,50.0334],[19.4616,50.0319],[19.4606,50.031],[19.459,50.0301],[19.4564,50.0301],[19.4548,50.0305],[19.4532,50.0311],[19.4504,50.0324],[19.4472,50.0331],[19.4455,50.0333],[19.4436,50.0332],[19.4422,50.0328],[19.439,50.0311],[19.4377,50.0306],[19.4369,50.029],[19.4369,50.0272],[19.4372,50.0262],[19.437,50.0252],[19.4356,50.0235],[19.4349,50.0232],[19.433,50.0232],[19.4322,50.0237],[19.4315,50.0245],[19.4312,50.0259],[19.4305,50.028],[19.43,50.0313],[19.4292,50.0334],[19.4287,50.034],[19.4268,50.0351],[19.4243,50.0352],[19.4229,50.0349],[19.4214,50.0339],[19.4208,50.0323],[19.4206,50.0313],[19.4207,50.0298],[19.4205,50.0291],[19.4193,50.0279],[19.4185,50.0275],[19.4168,50.0272],[19.4152,50.0273],[19.4115,50.028],[19.4095,50.0287],[19.4097,50.0289],[19.4079,50.0299],[19.4061,50.0313],[19.4023,50.0325],[19.401,50.0332],[19.4003,50.0318],[19.4015,50.0314],[19.4029,50.0304],[19.4034,50.0296],[19.4032,50.0289],[19.401,50.0267],[19.3995,50.0263],[19.3986,50.027],[19.3988,50.0304],[19.3987,50.0311],[19.3981,50.0321],[19.3965,50.0331],[19.3976,50.0347],[19.3983,50.0352],[19.3974,50.0364],[19.3961,50.0375],[19.3944,50.0381],[19.3922,50.0383],[19.3899,50.0381],[19.3886,50.0377],[19.3838,50.036],[19.382,50.0357],[19.3794,50.0357],[19.3773,50.0364],[19.3758,50.0373],[19.3749,50.0383],[19.3745,50.0391],[19.3738,50.0419],[19.3735,50.0436],[19.3729,50.045],[19.3715,50.046],[19.3702,50.0464],[19.3688,50.0464],[19.367,50.0458],[19.3649,50.044],[19.3633,50.0433],[19.3619,50.0429],[19.3596,50.0426],[19.3572,50.0427],[19.3557,50.043],[19.3529,50.0441],[19.3504,50.0458],[19.3501,50.0467],[19.3504,50.0479],[19.3511,50.0492],[19.3514,50.0509],[19.3507,50.0521],[19.3495,50.053],[19.348,50.0533],[19.3455,50.0532],[19.3445,50.0529],[19.343,50.0521],[19.3423,50.0512],[19.3423,50.0497],[19.3414,50.0474],[19.3393,50.0463],[19.3375,50.0459],[19.3355,50.0462],[19.3346,50.0465],[19.3335,50.0473],[19.3328,50.0484],[19.3327,50.0506],[19.3317,50.0521],[19.3305,50.0531],[19.3288,50.0532],[19.3266,50.0526],[19.3247,50.0517],[19.3211,50.0507],[19.319,50.0502],[19.3162,50.0472],[19.3147,50.0464],[19.3137,50.0461],[19.3118,50.0461],[19.3105,50.0466],[19.3107,50.0473],[19.31,50.048],[19.3081,50.049],[19.3053,50.0495],[19.3037,50.05],[19.303,50.0504],[19.302,50.0515],[19.3011,50.0547],[19.3,50.0563],[19.2991,50.0569],[19.2978,50.0573],[19.2967,50.0574],[19.2952,50.0572],[19.2939,50.0568],[19.2923,50.0561],[19.2915,50.0555],[19.2909,50.0546],[19.2904,50.0547],[19.2895,50.0539],[19.2888,50.0528],[19.2875,50.0522],[19.2851,50.0514],[19.2836,50.0507],[19.2805,50.0496],[19.2794,50.0489],[19.2771,50.0485],[19.2763,50.0475],[19.2751,50.0484],[19.2734,50.0487],[19.2722,50.0494],[19.2728,50.0499],[19.2727,50.0513],[19.2735,50.0513],[19.2737,50.0522],[19.2729,50.0526],[19.2736,50.0533],[19.2746,50.0535],[19.2746,50.055],[19.2777,50.0581],[19.2797,50.0602],[19.2818,50.0648],[19.285,50.0648],[19.2898,50.0635],[19.2897,50.0673],[19.2904,50.0673],[19.291,50.0681],[19.2919,50.068],[19.2919,50.0687],[19.2915,50.0694],[19.2906,50.0699],[19.2874,50.0693],[19.2852,50.0688],[19.2841,50.069],[19.2823,50.0696],[19.2842,50.0703],[19.2847,50.0708],[19.2854,50.0727],[19.2859,50.0728],[19.2848,50.0744],[19.283,50.0754],[19.2821,50.0763],[19.2816,50.0771],[19.2855,50.0778],[19.287,50.0779],[19.2889,50.0778],[19.2904,50.0781],[19.2892,50.0796],[19.289,50.0811],[19.2858,50.0835],[19.2856,50.0841],[19.284,50.0831],[19.2832,50.0829],[19.2824,50.0831],[19.2802,50.0848],[19.2804,50.0871],[19.2793,50.0891],[19.2863,50.0956],[19.2783,50.0975],[19.2748,50.0985],[19.2767,50.1019],[19.2774,50.1024],[19.2763,50.1029],[19.2764,50.1037],[19.2738,50.1035],[19.2706,50.1046],[19.2698,50.1052],[19.2684,50.1047],[19.2671,50.1054],[19.2676,50.1062],[19.2654,50.1072],[19.2648,50.1076],[19.263,50.1071],[19.2622,50.1093],[19.2596,50.1156],[19.2592,50.1169],[19.2592,50.117],[19.2635,50.1176],[19.2686,50.1184],[19.2724,50.1189],[19.2778,50.1197],[19.2742,50.1296],[19.2733,50.1324],[19.2752,50.1328],[19.2747,50.1352],[19.2746,50.1366],[19.2739,50.1378],[19.2726,50.1389],[19.2725,50.1401],[19.2715,50.1414],[19.2713,50.1423],[19.2707,50.1429],[19.2706,50.1437],[19.2719,50.1439],[19.2735,50.1437],[19.2762,50.1437],[19.2778,50.1436],[19.2791,50.1432],[19.2803,50.1431],[19.2819,50.1426],[19.2853,50.1423],[19.2865,50.1417],[19.287,50.1408],[19.2883,50.1404],[19.29,50.1411],[19.2912,50.1412],[19.2926,50.1417],[19.2962,50.1421],[19.3016,50.1424],[19.311,50.1424],[19.3128,50.1425],[19.315,50.1422],[19.317,50.1432],[19.3201,50.1437],[19.3225,50.1439],[19.3281,50.1435],[19.3316,50.1442],[19.3335,50.1451],[19.336,50.1465],[19.3384,50.1472],[19.3413,50.1486],[19.3431,50.1491],[19.3449,50.1501],[19.346,50.1512],[19.345,50.1515],[19.3446,50.1526],[19.3451,50.1534],[19.3448,50.1544],[19.3461,50.1543],[19.3471,50.1546],[19.3468,50.1536],[19.3477,50.1528],[19.3469,50.1523],[19.3466,50.1513],[19.3484,50.151],[19.3499,50.1505],[19.3505,50.1513],[19.3526,50.1526],[19.3528,50.1531],[19.3538,50.1539],[19.3519,50.1543],[19.3528,50.1549],[19.3527,50.1555],[19.3531,50.1568],[19.3519,50.1566],[19.3519,50.1575],[19.3507,50.1572],[19.3504,50.1595],[19.3508,50.1609],[19.3508,50.1617],[19.3497,50.1612],[19.3489,50.1611],[19.3493,50.1625],[19.3493,50.1632],[19.3499,50.165],[19.347,50.1649],[19.3451,50.1647],[19.346,50.1675],[19.3466,50.1689],[19.3472,50.1709],[19.3487,50.1733],[19.3499,50.1733],[19.3513,50.173],[19.3556,50.173],[19.3576,50.1724],[19.3595,50.1725],[19.3595,50.172],[19.3617,50.1715],[19.3624,50.1722],[19.3632,50.1719],[19.3643,50.1725],[19.3652,50.1735],[19.3666,50.1732],[19.3668,50.1747],[19.3662,50.1749],[19.3667,50.1762],[19.3655,50.1766],[19.3662,50.1774],[19.3666,50.1786],[19.3676,50.1788],[19.3676,50.1792],[19.3664,50.1798],[19.3652,50.1796],[19.3647,50.1799],[19.3623,50.18],[19.3616,50.1791],[19.3616,50.1785],[19.3607,50.1777],[19.359,50.1778],[19.3577,50.1776],[19.3554,50.1776],[19.3518,50.177],[19.3481,50.1779],[19.3462,50.1787],[19.3438,50.18],[19.3408,50.1809],[19.3392,50.1816],[19.3394,50.1825],[19.3375,50.1836],[19.3364,50.184],[19.3357,50.1848],[19.3344,50.1859],[19.3342,50.1868],[19.3346,50.188],[19.337,50.1897],[19.3393,50.1896],[19.3406,50.19],[19.3422,50.1902],[19.3439,50.1899],[19.3456,50.19],[19.3473,50.1909],[19.3486,50.1911],[19.3521,50.1913],[19.3544,50.1905],[19.357,50.1907],[19.3585,50.1904],[19.3596,50.1905],[19.3612,50.1904],[19.3637,50.1905],[19.3657,50.1908],[19.3675,50.1913],[19.3732,50.1924],[19.3733,50.1929],[19.3754,50.1933],[19.3751,50.1943],[19.3752,50.196],[19.3764,50.196],[19.378,50.1963],[19.3796,50.1964],[19.3833,50.1976],[19.3821,50.199],[19.3832,50.1997],[19.3874,50.1999],[19.3917,50.2007],[19.3933,50.2011],[19.3933,50.2016],[19.3949,50.2014],[19.397,50.2009],[19.3983,50.2008],[19.3991,50.2004],[19.4018,50.201],[19.4024,50.201],[19.4025,50.2019],[19.3997,50.2033],[19.4013,50.2049],[19.4018,50.205],[19.4035,50.2043],[19.4042,50.2037],[19.4054,50.2068],[19.4058,50.2069],[19.4084,50.2066],[19.4098,50.2066],[19.4107,50.2064],[19.4114,50.2059],[19.4122,50.2063],[19.4136,50.2056],[19.414,50.2047],[19.4147,50.2043],[19.414,50.2038],[19.4139,50.2031],[19.4145,50.2026],[19.4154,50.2009],[19.4165,50.2013],[19.4163,50.2028],[19.4165,50.2039],[19.4162,50.2081],[19.4162,50.2103],[19.4165,50.2106],[19.4198,50.2126],[19.4285,50.2181],[19.4306,50.2195],[19.4344,50.2218],[19.4405,50.2256],[19.442,50.2266],[19.4445,50.2263],[19.4488,50.2253],[19.4497,50.2248],[19.4514,50.2246],[19.4533,50.2247],[19.4572,50.2252],[19.4588,50.2256],[19.4613,50.226],[19.464,50.2266],[19.4655,50.2273],[19.4713,50.2277],[19.4725,50.228],[19.4794,50.2288],[19.483,50.2291],[19.4841,50.2291],[19.4881,50.2277],[19.4895,50.2274],[19.4923,50.227],[19.4939,50.2263],[19.4952,50.2255],[19.4962,50.2251],[19.4987,50.2237],[19.499,50.2238],[19.501,50.2231],[19.5054,50.2224],[19.5066,50.2225],[19.5103,50.2224],[19.5125,50.2219],[19.5153,50.2217],[19.5173,50.222],[19.5189,50.2219],[19.5201,50.222],[19.5212,50.2218],[19.5255,50.2213],[19.528,50.2215],[19.5306,50.2221],[19.5252,50.2168],[19.5259,50.2159],[19.5269,50.2156],[19.5288,50.2144],[19.5307,50.2134],[19.5315,50.2128],[19.5322,50.2116],[19.5347,50.2103],[19.5359,50.2105],[19.5375,50.2104],[19.5378,50.2114],[19.5397,50.2107],[19.5418,50.2103],[19.5445,50.2107],[19.547,50.2113],[19.5496,50.2111],[19.5511,50.2111],[19.5539,50.2108],[19.5565,50.2107],[19.5566,50.211],[19.5597,50.2106],[19.5622,50.2106],[19.5631,50.2108],[19.5666,50.2104],[19.5698,50.2099],[19.5708,50.2096],[19.574,50.209],[19.5756,50.2089],[19.5775,50.2083],[19.5804,50.2067],[19.5854,50.2056],[19.5863,50.2048],[19.5877,50.2019],[19.5883,50.2011],[19.589,50.1997],[19.5887,50.1981],[19.5862,50.1989],[19.5842,50.1997],[19.583,50.199],[19.5809,50.1998],[19.5783,50.2017],[19.5757,50.1994],[19.5741,50.1997],[19.5716,50.2],[19.5684,50.2007],[19.5631,50.1993],[19.5594,50.1999],[19.5588,50.2001],[19.5544,50.2002],[19.5524,50.2005],[19.5515,50.1997],[19.549,50.2003],[19.5474,50.2003],[19.5456,50.2007],[19.5435,50.201],[19.5387,50.2019],[19.5359,50.2011],[19.5334,50.201],[19.5326,50.2007],[19.5309,50.2007],[19.5289,50.2005],[19.5264,50.2008],[19.5253,50.2007],[19.5253,50.1997],[19.5247,50.1987],[19.5258,50.1978],[19.5272,50.1977],[19.529,50.197],[19.5298,50.196],[19.5312,50.1955],[19.5323,50.1955],[19.5332,50.195],[19.5318,50.1945],[19.5308,50.1939],[19.5277,50.1934],[19.525,50.1925],[19.5237,50.1916],[19.5232,50.1905],[19.5219,50.19],[19.5212,50.189],[19.5204,50.1886],[19.5258,50.1889],[19.5267,50.1887],[19.5286,50.1889],[19.5305,50.1884],[19.5312,50.188],[19.5342,50.1874],[19.5364,50.1872],[19.5375,50.1875],[19.5389,50.1873],[19.5405,50.1861],[19.5437,50.1856],[19.5466,50.1847],[19.547,50.1837],[19.5466,50.1829],[19.5471,50.1818],[19.5479,50.1811],[19.548,50.1802],[19.5492,50.1796],[19.5509,50.1777],[19.5532,50.1759],[19.5541,50.1749],[19.5548,50.1749],[19.557,50.1739],[19.5577,50.1732],[19.5579,50.1723],[19.5594,50.1717],[19.5599,50.1713],[19.5594,50.1703],[19.5595,50.1694],[19.5578,50.1694],[19.5578,50.169],[19.5558,50.1689],[19.5558,50.1683],[19.5549,50.1683],[19.5527,50.1687],[19.5523,50.1682],[19.5513,50.1683],[19.5492,50.1689],[19.5468,50.1693],[19.5464,50.1692],[19.5424,50.1699],[19.5415,50.1682],[19.5401,50.1662],[19.5396,50.165],[19.5386,50.1642],[19.5382,50.1634],[19.537,50.1625],[19.5382,50.1618],[19.541,50.1604],[19.5418,50.1547],[19.5433,50.1542],[19.5426,50.153],[19.5429,50.1521],[19.5427,50.1514],[19.5432,50.1502],[19.543,50.1484],[19.5426,50.1479],[19.5438,50.1467],[19.5447,50.1462],[19.5456,50.1438],[19.545,50.142],[19.5462,50.1402],[19.5464,50.1395],[19.5443,50.1392],[19.5434,50.1393],[19.5393,50.1406],[19.533,50.1406],[19.5319,50.1407],[19.5318,50.1376],[19.5328,50.1365],[19.5327,50.1355],[19.5322,50.1348],[19.5327,50.1335],[19.5343,50.1314],[19.5353,50.1306],[19.5364,50.13],[19.5366,50.1279],[19.539,50.1245],[19.5398,50.1237],[19.5401,50.1229],[19.5399,50.1221],[19.5392,50.1215],[19.5392,50.1208],[19.5379,50.1198],[19.5363,50.1183],[19.5366,50.1179],[19.538,50.1176],[19.5392,50.1171],[19.5393,50.1164],[19.5387,50.1154],[19.5396,50.1138],[19.5393,50.1131],[19.5392,50.1117],[19.5402,50.1103],[19.5442,50.1075],[19.5453,50.1066],[19.5472,50.1045],[19.5486,50.1023],[19.5502,50.1005],[19.5506,50.0998],[19.5506,50.099],[19.5519,50.0992],[19.5538,50.0991],[19.5541,50.0996],[19.5565,50.0991],[19.5589,50.0991],[19.561,50.0986],[19.5654,50.0968],[19.5672,50.0966],[19.57,50.0958],[19.5708,50.095],[19.5728,50.0937],[19.5742,50.0933],[19.575,50.0935],[19.5765,50.0929],[19.5779,50.092],[19.5788,50.0906],[19.5805,50.0893],[19.5825,50.0875],[19.586,50.084],[19.5885,50.0817],[19.5882,50.0809],[19.5873,50.0797],[19.5883,50.0788],[19.5878,50.0778],[19.59,50.0757],[19.5906,50.0746],[19.5913,50.0746],[19.5924,50.0734],[19.5933,50.0733],[19.5943,50.0728],[19.5941,50.0723],[19.5952,50.072],[19.5953,50.0715],[19.5964,50.0712],[19.5971,50.0707],[19.5975,50.0693],[19.5975,50.0678],[19.5982,50.0663],[19.5989,50.0659],[19.5998,50.0649],[19.6007,50.0643],[19.6013,50.0643],[19.6028,50.0633],[19.6042,50.0626],[19.6053,50.0624],[19.6055,50.0601],[19.6045,50.0591],[19.6055,50.0587],[19.6052,50.0575],[19.606,50.0564],[19.6066,50.0562],[19.6066,50.0556],[19.6071,50.0551],[19.6067,50.0537],[19.6061,50.0534],[19.6054,50.0523],[19.606,50.0517],[19.6059,50.0512],[19.6058,50.0509],[19.6069,50.0497],[19.6064,50.0493],[19.6075,50.0486],[19.6088,50.0485],[19.6094,50.049],[19.61,50.0486],[19.6115,50.0483],[19.6124,50.0483],[19.6124,50.0476],[19.6132,50.0475],[19.6132,50.047],[19.614,50.0464],[19.6159,50.046],[19.6164,50.0455],[19.6165,50.0445],[19.6179,50.0435],[19.6189,50.0439],[19.62,50.0423],[19.6208,50.042],[19.6212,50.0409],[19.6219,50.0404],[19.6237,50.04],[19.6235,50.0396],[19.6252,50.0388],[19.6262,50.0386],[19.6269,50.0381],[19.6278,50.0364],[19.6275,50.036],[19.6289,50.0355],[19.629,50.0342],[19.6282,50.0339],[19.6282,50.0326],[19.6261,50.031],[19.6249,50.0308],[19.6233,50.0297],[19.6229,50.0291],[19.6179,50.0296],[19.6181,50.0308],[19.6142,50.0322],[19.6133,50.0322],[19.6109,50.0325],[19.6094,50.0328],[19.6066,50.0343],[19.6052,50.0332],[19.6029,50.0332],[19.6014,50.0329],[19.5992,50.0315],[19.5977,50.0312],[19.5975,50.0307],[19.5951,50.0294],[19.5935,50.029],[19.5923,50.0284],[19.5906,50.0269],[19.5901,50.0258],[19.5889,50.0252],[19.5873,50.0235],[19.5867,50.0219],[19.5851,50.0213],[19.5826,50.0209],[19.58,50.0208],[19.5759,50.0214],[19.5751,50.0214],[19.5736,50.0208],[19.572,50.0207],[19.5703,50.0211],[19.5683,50.0208],[19.566,50.0206],[19.5642,50.0202],[19.5613,50.0202],[19.5593,50.0198],[19.5583,50.0188],[19.5584,50.0178],[19.5595,50.0154],[19.561,50.0139],[19.5612,50.0133],[19.5603,50.0121],[19.5576,50.0125],[19.5552,50.0135],[19.5537,50.0146],[19.5505,50.0182],[19.5487,50.0198],[19.5464,50.0211],[19.5444,50.022],[19.5431,50.0224],[19.5432,50.0229],[19.5421,50.0238],[19.5402,50.0244],[19.5398,50.024],[19.5376,50.024],[19.5363,50.0237],[19.5317,50.0221],[19.5299,50.022],[19.5279,50.0225],[19.5265,50.0231],[19.525,50.0233],[19.5204,50.0232],[19.5171,50.0223],[19.5139,50.0231],[19.5121,50.0242],[19.5103,50.0257]]]}},{"type":"Feature","id":"powiat-dabrowski","properties":{"slug":"powiat-dabrowski","name":"powiat dąbrowski"},"geometry":{"type":"Polygon","coordinates":[[[21.1465,50.3538],[21.1491,50.3534],[21.154,50.3514],[21.1552,50.3505],[21.1569,50.3495],[21.1602,50.3466],[21.1627,50.3449],[21.1649,50.3431],[21.1657,50.3423],[21.1662,50.341],[21.1667,50.3388],[21.1667,50.3366],[21.1664,50.3344],[21.1667,50.3331],[21.1687,50.3316],[21.171,50.3307],[21.1737,50.3301],[21.1766,50.3298],[21.1789,50.3302],[21.1807,50.3308],[21.183,50.332],[21.1843,50.3334],[21.1853,50.3347],[21.1861,50.3362],[21.1865,50.3373],[21.1869,50.3409],[21.1873,50.3432],[21.187,50.3478],[21.1873,50.3491],[21.188,50.3504],[21.1901,50.3521],[21.1936,50.3538],[21.1958,50.354],[21.2049,50.3545],[21.2088,50.3549],[21.2109,50.3507],[21.2124,50.3482],[21.2136,50.346],[21.2152,50.3435],[21.2165,50.3429],[21.2189,50.3414],[21.2189,50.3403],[21.2177,50.3382],[21.2183,50.337],[21.2192,50.3363],[21.2194,50.3356],[21.2184,50.3351],[21.2178,50.3345],[21.2156,50.3333],[21.2132,50.3311],[21.2134,50.3297],[21.2148,50.3268],[21.2179,50.3245],[21.2195,50.3228],[21.2192,50.3217],[21.2174,50.3219],[21.2184,50.3184],[21.2185,50.3175],[21.2192,50.3163],[21.2193,50.3157],[21.2204,50.3138],[21.2211,50.313],[21.2217,50.3119],[21.2225,50.3109],[21.2218,50.3103],[21.2191,50.3101],[21.2175,50.3098],[21.2162,50.3093],[21.2135,50.3085],[21.2124,50.3085],[21.2108,50.3082],[21.2099,50.3078],[21.209,50.307],[21.2064,50.3062],[21.2044,50.3054],[21.2024,50.3048],[21.2001,50.3047],[21.1984,50.3043],[21.1958,50.304],[21.194,50.3042],[21.193,50.3034],[21.193,50.3025],[21.1916,50.3011],[21.1906,50.3006],[21.1888,50.3],[21.1885,50.2986],[21.1871,50.2981],[21.1838,50.298],[21.1838,50.2959],[21.1835,50.2925],[21.1835,50.291],[21.1833,50.2892],[21.1832,50.2865],[21.1786,50.281],[21.1771,50.2794],[21.176,50.2788],[21.1731,50.2768],[21.1712,50.2756],[21.1664,50.2723],[21.1642,50.271],[21.1639,50.2707],[21.1618,50.2695],[21.1594,50.268],[21.1567,50.2657],[21.1572,50.2653],[21.156,50.2641],[21.1557,50.2628],[21.1548,50.2623],[21.1521,50.2616],[21.1511,50.2608],[21.1514,50.2602],[21.1516,50.2588],[21.151,50.2582],[21.1493,50.2573],[21.1484,50.2572],[21.1477,50.2579],[21.1471,50.2573],[21.1461,50.2569],[21.1469,50.2561],[21.1481,50.2553],[21.1498,50.2545],[21.1537,50.2532],[21.1551,50.2526],[21.1561,50.2518],[21.1594,50.2497],[21.1611,50.2481],[21.1631,50.2466],[21.1653,50.2456],[21.1663,50.2455],[21.1676,50.2451],[21.1688,50.2444],[21.1704,50.2438],[21.1732,50.2431],[21.1776,50.2416],[21.1815,50.2412],[21.1827,50.24],[21.1821,50.2393],[21.1797,50.2393],[21.1785,50.2382],[21.1738,50.2382],[21.1735,50.2381],[21.1689,50.2381],[21.1657,50.2379],[21.1604,50.2378],[21.1578,50.2376],[21.1549,50.2375],[21.1544,50.238],[21.1531,50.2385],[21.1498,50.2385],[21.1479,50.2389],[21.1472,50.2389],[21.1435,50.2385],[21.1422,50.2377],[21.1428,50.2366],[21.1434,50.2361],[21.1441,50.2349],[21.1461,50.2334],[21.147,50.2321],[21.1484,50.2312],[21.1493,50.23],[21.1524,50.2292],[21.1538,50.2279],[21.1541,50.2266],[21.1549,50.2255],[21.1571,50.2245],[21.1593,50.2242],[21.1615,50.2235],[21.163,50.2227],[21.1633,50.2222],[21.1633,50.221],[21.1627,50.2189],[21.1628,50.2174],[21.1631,50.2167],[21.1644,50.2155],[21.1653,50.2142],[21.1655,50.2135],[21.1674,50.2117],[21.1688,50.2102],[21.1709,50.2086],[21.1708,50.207],[21.1705,50.2054],[21.17,50.2047],[21.1678,50.2037],[21.1666,50.2017],[21.1668,50.2003],[21.1673,50.1996],[21.1675,50.1973],[21.1672,50.1967],[21.1672,50.1921],[21.1674,50.1905],[21.1678,50.1887],[21.1674,50.1874],[21.1652,50.1814],[21.165,50.1806],[21.1658,50.1794],[21.1667,50.179],[21.1682,50.1779],[21.1708,50.1769],[21.1698,50.1762],[21.1687,50.1751],[21.1681,50.1748],[21.1677,50.1741],[21.1679,50.1726],[21.1667,50.171],[21.1659,50.1693],[21.1653,50.1685],[21.1632,50.165],[21.1626,50.1643],[21.1617,50.1627],[21.1585,50.1577],[21.1567,50.1546],[21.1533,50.1492],[21.1524,50.1476],[21.1521,50.1473],[21.1495,50.1459],[21.1484,50.1452],[21.1446,50.1431],[21.143,50.1421],[21.1375,50.1391],[21.1359,50.138],[21.1336,50.1369],[21.1318,50.1358],[21.1309,50.1348],[21.13,50.1331],[21.1287,50.1321],[21.1287,50.1311],[21.128,50.1307],[21.1268,50.1288],[21.1268,50.128],[21.1277,50.1268],[21.1295,50.1262],[21.1302,50.1256],[21.1309,50.1255],[21.132,50.1248],[21.134,50.1246],[21.1365,50.124],[21.1375,50.1233],[21.1383,50.1224],[21.1392,50.1209],[21.1397,50.118],[21.1397,50.1166],[21.1402,50.115],[21.1364,50.1149],[21.1299,50.1145],[21.128,50.1145],[21.1259,50.1143],[21.1241,50.1143],[21.1174,50.1139],[21.1127,50.1138],[21.1112,50.1131],[21.1105,50.1133],[21.1075,50.1135],[21.1059,50.1132],[21.1043,50.1131],[21.1012,50.1134],[21.0998,50.1137],[21.0983,50.1132],[21.0973,50.1132],[21.096,50.1127],[21.0939,50.1129],[21.0922,50.1133],[21.0914,50.1138],[21.0889,50.1148],[21.0874,50.1152],[21.0839,50.1155],[21.0799,50.1148],[21.0779,50.1141],[21.0773,50.1132],[21.0758,50.1125],[21.0741,50.1115],[21.0721,50.1107],[21.0691,50.1097],[21.0673,50.1088],[21.0628,50.1073],[21.0604,50.1068],[21.0565,50.1067],[21.0556,50.1071],[21.0527,50.1079],[21.0468,50.1091],[21.0418,50.1098],[21.0403,50.1103],[21.0388,50.1105],[21.0379,50.1108],[21.036,50.1109],[21.0335,50.1115],[21.0321,50.1113],[21.0309,50.1114],[21.0276,50.1114],[21.0276,50.1117],[21.0289,50.1133],[21.0296,50.1154],[21.029,50.116],[21.0267,50.1153],[21.0243,50.1143],[21.0215,50.1138],[21.0204,50.1138],[21.0203,50.115],[21.0193,50.1159],[21.0163,50.1178],[21.0132,50.1203],[21.0134,50.1214],[21.0145,50.1231],[21.0146,50.1236],[21.0121,50.1248],[21.0101,50.1261],[21.0081,50.126],[21.0067,50.1264],[21.0054,50.1256],[21.0049,50.1249],[21.0038,50.1244],[21.0026,50.1241],[20.9995,50.123],[20.9986,50.1229],[20.9985,50.121],[21.0003,50.1198],[21.0001,50.1188],[21.0002,50.1171],[21,50.1168],[20.9983,50.1162],[20.9962,50.1151],[20.994,50.1146],[20.9905,50.1147],[20.9906,50.1168],[20.99,50.117],[20.9888,50.1168],[20.9867,50.1168],[20.9864,50.116],[20.9859,50.116],[20.9849,50.1146],[20.9851,50.1132],[20.9849,50.1118],[20.9837,50.1124],[20.9839,50.1146],[20.9842,50.1154],[20.983,50.1153],[20.9818,50.1128],[20.9811,50.1116],[20.9792,50.1119],[20.9784,50.1104],[20.9771,50.1103],[20.9727,50.111],[20.9714,50.111],[20.9709,50.1118],[20.9713,50.1133],[20.9688,50.1136],[20.9682,50.1134],[20.9621,50.1121],[20.9587,50.1121],[20.9566,50.1122],[20.9575,50.1141],[20.9579,50.1165],[20.957,50.1165],[20.9573,50.1177],[20.9574,50.1193],[20.9556,50.1195],[20.9558,50.1214],[20.9567,50.1229],[20.958,50.1239],[20.9581,50.1248],[20.9566,50.1251],[20.9564,50.1256],[20.954,50.1258],[20.9535,50.1266],[20.9542,50.1267],[20.9551,50.1264],[20.9572,50.1262],[20.958,50.1264],[20.9591,50.1263],[20.9598,50.1267],[20.9612,50.1266],[20.9615,50.1271],[20.9602,50.1283],[20.9576,50.1298],[20.9558,50.1304],[20.9548,50.1313],[20.9548,50.136],[20.9547,50.1375],[20.958,50.1373],[20.9608,50.1389],[20.9604,50.1393],[20.9624,50.1422],[20.9632,50.1435],[20.9642,50.1443],[20.9641,50.1461],[20.9652,50.1472],[20.9631,50.1471],[20.962,50.1468],[20.9598,50.1467],[20.9565,50.1472],[20.9546,50.1474],[20.9532,50.1474],[20.9512,50.1477],[20.9502,50.1477],[20.9487,50.1481],[20.9478,50.1488],[20.9456,50.15],[20.9448,50.1508],[20.9439,50.151],[20.9426,50.1516],[20.9411,50.1525],[20.9406,50.1531],[20.9385,50.1544],[20.9348,50.156],[20.9322,50.1575],[20.9316,50.1577],[20.9359,50.1605],[20.9372,50.1606],[20.9385,50.1611],[20.9379,50.1621],[20.9362,50.1625],[20.9349,50.1638],[20.9342,50.1648],[20.9324,50.1648],[20.9308,50.1646],[20.9252,50.1653],[20.924,50.1653],[20.9207,50.1658],[20.9186,50.1658],[20.9144,50.1645],[20.9092,50.162],[20.9077,50.1625],[20.9055,50.1625],[20.9038,50.1628],[20.8999,50.1632],[20.8975,50.1627],[20.8947,50.1626],[20.8919,50.1623],[20.891,50.1624],[20.889,50.1622],[20.8874,50.1617],[20.8847,50.1614],[20.8843,50.1612],[20.8811,50.161],[20.8798,50.1617],[20.8775,50.1624],[20.8758,50.1635],[20.8716,50.1656],[20.8695,50.1662],[20.868,50.167],[20.8667,50.1673],[20.8662,50.1679],[20.8645,50.1683],[20.8653,50.169],[20.8669,50.1695],[20.8686,50.1713],[20.8697,50.1719],[20.8707,50.1732],[20.8723,50.175],[20.8728,50.1763],[20.8733,50.1767],[20.8732,50.1774],[20.8741,50.1781],[20.877,50.1773],[20.8757,50.1794],[20.8755,50.181],[20.8761,50.1828],[20.8762,50.1843],[20.876,50.185],[20.8745,50.1879],[20.8743,50.1895],[20.8747,50.1906],[20.8776,50.1936],[20.8774,50.1937],[20.8745,50.1928],[20.8743,50.1947],[20.8752,50.1947],[20.8748,50.1957],[20.8724,50.1958],[20.8728,50.1966],[20.8708,50.197],[20.8696,50.1974],[20.8704,50.1985],[20.8703,50.1993],[20.8696,50.1995],[20.8696,50.2001],[20.8691,50.2008],[20.8648,50.2014],[20.8646,50.2021],[20.865,50.2029],[20.8641,50.2043],[20.8599,50.205],[20.8599,50.2055],[20.8567,50.2055],[20.8541,50.2053],[20.855,50.2063],[20.8551,50.2074],[20.8548,50.2081],[20.8555,50.2087],[20.8547,50.2099],[20.8547,50.2107],[20.8553,50.2119],[20.8554,50.2135],[20.8565,50.2135],[20.8555,50.2148],[20.8546,50.2147],[20.8507,50.2147],[20.8506,50.2147],[20.8507,50.2147],[20.8506,50.2147],[20.85,50.215],[20.8482,50.2149],[20.8472,50.217],[20.8467,50.2175],[20.8455,50.2175],[20.8453,50.2165],[20.8425,50.2172],[20.8405,50.2175],[20.8409,50.2188],[20.8402,50.219],[20.8379,50.2201],[20.8369,50.2204],[20.8353,50.2205],[20.8351,50.2208],[20.8361,50.2217],[20.8361,50.2222],[20.8345,50.2223],[20.8336,50.2227],[20.8311,50.2232],[20.83,50.2224],[20.8291,50.2221],[20.8275,50.2212],[20.8275,50.22],[20.8243,50.2169],[20.823,50.2169],[20.8216,50.2176],[20.8198,50.2178],[20.8185,50.2172],[20.8177,50.2164],[20.8169,50.2148],[20.8156,50.214],[20.8149,50.2132],[20.8129,50.2126],[20.8128,50.2114],[20.8107,50.2119],[20.8094,50.212],[20.805,50.2126],[20.8033,50.2126],[20.8011,50.2122],[20.8001,50.2122],[20.7989,50.2126],[20.7981,50.2132],[20.7973,50.2134],[20.7971,50.2144],[20.7964,50.2155],[20.7966,50.2159],[20.7936,50.2175],[20.7933,50.2185],[20.7923,50.2186],[20.7908,50.2182],[20.7882,50.2182],[20.7869,50.2179],[20.7843,50.2176],[20.7828,50.2173],[20.7807,50.2166],[20.779,50.2159],[20.7777,50.215],[20.7778,50.2144],[20.7769,50.2137],[20.7746,50.2132],[20.7734,50.2128],[20.7715,50.2126],[20.7702,50.2119],[20.7689,50.2122],[20.7668,50.2118],[20.765,50.2116],[20.7634,50.2112],[20.7629,50.2102],[20.7619,50.2094],[20.7589,50.2084],[20.7574,50.2098],[20.7568,50.2098],[20.7559,50.2105],[20.7537,50.2118],[20.7512,50.2131],[20.7507,50.2135],[20.7491,50.2139],[20.7496,50.2149],[20.7509,50.2183],[20.7512,50.22],[20.7511,50.2217],[20.7504,50.2235],[20.7497,50.2246],[20.7476,50.2271],[20.7474,50.2275],[20.7458,50.2292],[20.7431,50.2315],[20.74,50.2337],[20.737,50.2355],[20.7352,50.2372],[20.7341,50.238],[20.7337,50.238],[20.7325,50.2389],[20.7291,50.242],[20.728,50.2428],[20.7276,50.2439],[20.7272,50.2464],[20.7274,50.2489],[20.728,50.2503],[20.729,50.2515],[20.7303,50.2525],[20.7335,50.2543],[20.7372,50.2554],[20.7405,50.2566],[20.7438,50.2583],[20.7453,50.2593],[20.7479,50.2614],[20.7494,50.2628],[20.7525,50.2647],[20.7543,50.2654],[20.7563,50.2659],[20.7585,50.2663],[20.7626,50.2666],[20.7644,50.267],[20.7663,50.2676],[20.768,50.2683],[20.7694,50.2691],[20.7709,50.2702],[20.7721,50.2715],[20.773,50.2727],[20.7736,50.2739],[20.7741,50.2765],[20.7747,50.2777],[20.7765,50.2806],[20.7783,50.2832],[20.7799,50.2846],[20.7825,50.2862],[20.7853,50.2875],[20.787,50.2884],[20.7899,50.2896],[20.7933,50.2903],[20.7968,50.2904],[20.8017,50.29],[20.8058,50.2895],[20.8094,50.2882],[20.8135,50.2865],[20.8162,50.2851],[20.8176,50.2841],[20.8195,50.2823],[20.8216,50.2805],[20.8254,50.2768],[20.8276,50.2751],[20.8296,50.2741],[20.8316,50.2735],[20.8337,50.2733],[20.8358,50.2733],[20.8377,50.2738],[20.843,50.2755],[20.8445,50.2762],[20.847,50.2777],[20.8482,50.2788],[20.849,50.2802],[20.8495,50.2815],[20.85,50.2837],[20.85,50.2882],[20.8497,50.2904],[20.8499,50.2918],[20.8507,50.2931],[20.8517,50.2942],[20.853,50.2952],[20.8549,50.2961],[20.8574,50.2965],[20.86,50.2965],[20.8632,50.2959],[20.8664,50.295],[20.8685,50.2946],[20.8719,50.2945],[20.8763,50.2948],[20.8795,50.2956],[20.8824,50.2969],[20.8847,50.2985],[20.8858,50.2996],[20.8866,50.3008],[20.8882,50.3028],[20.8896,50.3038],[20.891,50.305],[20.8929,50.306],[20.8953,50.3066],[20.8973,50.3067],[20.9032,50.3055],[20.9052,50.3048],[20.9099,50.3028],[20.9131,50.3019],[20.9162,50.3009],[20.9195,50.3002],[20.9215,50.2996],[20.9277,50.2984],[20.9319,50.2981],[20.9346,50.2985],[20.9365,50.299],[20.938,50.2998],[20.9388,50.3005],[20.9396,50.3018],[20.9407,50.3046],[20.9413,50.3074],[20.9445,50.3115],[20.9451,50.3125],[20.9467,50.3136],[20.9497,50.3147],[20.953,50.3156],[20.9552,50.316],[20.9586,50.3162],[20.9621,50.3159],[20.9654,50.3152],[20.9719,50.314],[20.974,50.3139],[20.9777,50.314],[20.9844,50.3149],[20.9912,50.3153],[20.9946,50.3151],[20.9969,50.3147],[21.0007,50.3137],[21.004,50.3131],[21.0079,50.3128],[21.0114,50.3129],[21.0142,50.3133],[21.0161,50.314],[21.018,50.3145],[21.0199,50.3156],[21.0228,50.3168],[21.0255,50.3183],[21.0275,50.3189],[21.0295,50.3192],[21.033,50.3193],[21.0365,50.3191],[21.0382,50.3187],[21.0404,50.3179],[21.0441,50.3163],[21.0465,50.3155],[21.0484,50.3151],[21.0523,50.3151],[21.0555,50.3155],[21.0617,50.317],[21.0645,50.3181],[21.0674,50.3195],[21.0698,50.321],[21.0721,50.3227],[21.0741,50.3244],[21.0753,50.3257],[21.0766,50.3278],[21.0776,50.3298],[21.0789,50.3319],[21.0795,50.3334],[21.0806,50.3345],[21.0831,50.3364],[21.0848,50.3372],[21.0868,50.3379],[21.0888,50.3383],[21.0919,50.3387],[21.094,50.3386],[21.1044,50.3374],[21.1079,50.3374],[21.1112,50.3378],[21.113,50.3384],[21.1157,50.3405],[21.1166,50.3416],[21.1176,50.3439],[21.1181,50.3462],[21.1192,50.3484],[21.121,50.3503],[21.1224,50.3514],[21.1253,50.3527],[21.1273,50.3533],[21.1302,50.354],[21.132,50.3543],[21.1377,50.3545],[21.1413,50.3545],[21.1447,50.3543],[21.1465,50.3538]]]}},{"type":"Feature","id":"powiat-gorlicki","properties":{"slug":"powiat-gorlicki","name":"powiat gorlicki"},"geometry":{"type":"Polygon","coordinates":[[[21.2418,49.7761],[21.2425,49.7752],[21.2431,49.7739],[21.2438,49.7732],[21.2448,49.7718],[21.247,49.7704],[21.2483,49.7682],[21.249,49.7674],[21.2505,49.7665],[21.2525,49.7645],[21.2535,49.763],[21.2537,49.761],[21.2542,49.7585],[21.2541,49.7564],[21.2551,49.7567],[21.2558,49.7564],[21.2569,49.754],[21.2567,49.7535],[21.2578,49.7521],[21.2615,49.7524],[21.2642,49.7529],[21.2683,49.7529],[21.2697,49.7531],[21.2715,49.753],[21.2731,49.7526],[21.2744,49.7533],[21.2782,49.7546],[21.2807,49.7548],[21.2813,49.7552],[21.2837,49.7539],[21.2855,49.7527],[21.2869,49.752],[21.2888,49.7506],[21.2905,49.7488],[21.2922,49.7494],[21.2937,49.7492],[21.2952,49.7483],[21.2967,49.7481],[21.2976,49.749],[21.299,49.7498],[21.3014,49.7503],[21.3037,49.75],[21.3041,49.7498],[21.307,49.7492],[21.3084,49.7488],[21.3102,49.7488],[21.3125,49.7478],[21.3115,49.7472],[21.3129,49.7456],[21.3141,49.7446],[21.3162,49.7421],[21.3179,49.7398],[21.3187,49.7392],[21.3188,49.7361],[21.3187,49.7356],[21.3176,49.7339],[21.3163,49.7324],[21.3157,49.732],[21.3157,49.731],[21.316,49.7307],[21.3158,49.7282],[21.3183,49.7279],[21.3191,49.7274],[21.3222,49.7271],[21.3222,49.7256],[21.3211,49.724],[21.3222,49.7236],[21.3226,49.7228],[21.3223,49.7224],[21.324,49.7221],[21.3258,49.7225],[21.3264,49.7215],[21.3277,49.7209],[21.3298,49.7203],[21.331,49.7197],[21.3309,49.719],[21.3314,49.7188],[21.3306,49.7165],[21.3301,49.7145],[21.3297,49.7144],[21.3281,49.7127],[21.3276,49.7119],[21.3282,49.7109],[21.3279,49.7094],[21.3256,49.7062],[21.3242,49.7047],[21.3233,49.7035],[21.3204,49.6984],[21.3223,49.698],[21.324,49.6975],[21.3287,49.6965],[21.3301,49.6954],[21.3317,49.6946],[21.3331,49.6943],[21.3331,49.6948],[21.3342,49.6964],[21.335,49.698],[21.3355,49.6982],[21.3371,49.6978],[21.3391,49.6979],[21.3408,49.6972],[21.3418,49.6962],[21.3418,49.6954],[21.3424,49.6944],[21.3419,49.694],[21.3428,49.6929],[21.3437,49.6924],[21.3433,49.692],[21.3442,49.6916],[21.3444,49.6925],[21.3466,49.6919],[21.3476,49.6919],[21.3478,49.6929],[21.3487,49.6927],[21.3487,49.692],[21.3483,49.6913],[21.3468,49.69],[21.3463,49.688],[21.3457,49.6862],[21.3457,49.6857],[21.3444,49.6779],[21.3439,49.6746],[21.3431,49.6723],[21.3423,49.6693],[21.3433,49.6689],[21.3435,49.6684],[21.343,49.6673],[21.3434,49.667],[21.3433,49.6647],[21.3434,49.6639],[21.3419,49.6606],[21.3417,49.6593],[21.342,49.6583],[21.3428,49.6582],[21.3437,49.6576],[21.3444,49.6568],[21.3455,49.6561],[21.3467,49.6559],[21.3484,49.655],[21.3495,49.6542],[21.3503,49.6532],[21.3519,49.6528],[21.3547,49.6511],[21.3577,49.6497],[21.3577,49.6486],[21.3572,49.6477],[21.3563,49.647],[21.3555,49.646],[21.3574,49.6441],[21.3584,49.6424],[21.3588,49.6411],[21.3593,49.641],[21.3596,49.64],[21.3603,49.6393],[21.3603,49.6385],[21.3613,49.637],[21.3626,49.6354],[21.3627,49.6336],[21.3602,49.6303],[21.3581,49.6284],[21.3558,49.6261],[21.3556,49.6243],[21.3547,49.6229],[21.3528,49.6215],[21.3516,49.6203],[21.3509,49.6187],[21.3508,49.6177],[21.3495,49.6162],[21.3468,49.6145],[21.3449,49.6127],[21.344,49.6117],[21.3446,49.6104],[21.3451,49.6082],[21.3432,49.6074],[21.3409,49.6069],[21.3397,49.6064],[21.3384,49.6055],[21.3376,49.6046],[21.3357,49.603],[21.333,49.6019],[21.3313,49.6006],[21.3312,49.6001],[21.3304,49.5988],[21.3303,49.5982],[21.3291,49.5963],[21.3273,49.5941],[21.3267,49.5937],[21.3268,49.5922],[21.3279,49.5899],[21.3298,49.5883],[21.3308,49.5878],[21.3324,49.5867],[21.3334,49.5863],[21.3364,49.5856],[21.3404,49.5838],[21.3438,49.5821],[21.3458,49.5807],[21.3475,49.5793],[21.3488,49.5788],[21.3528,49.5776],[21.3559,49.5769],[21.3575,49.5764],[21.3594,49.5762],[21.3608,49.5759],[21.3622,49.5762],[21.3638,49.577],[21.3645,49.5767],[21.3668,49.5749],[21.368,49.5737],[21.3702,49.5726],[21.3721,49.5712],[21.3738,49.5705],[21.3756,49.5704],[21.3764,49.5702],[21.3795,49.5703],[21.3806,49.5694],[21.3802,49.5691],[21.3806,49.568],[21.3805,49.5676],[21.3794,49.5675],[21.3789,49.5671],[21.3761,49.5661],[21.376,49.5655],[21.3754,49.5653],[21.3752,49.5641],[21.3755,49.5639],[21.3753,49.5629],[21.3733,49.5613],[21.3711,49.5599],[21.37,49.5588],[21.368,49.5576],[21.366,49.5551],[21.3645,49.5539],[21.367,49.5513],[21.3667,49.5508],[21.3671,49.5503],[21.3682,49.55],[21.3685,49.5495],[21.3678,49.5491],[21.3664,49.5491],[21.3656,49.5495],[21.3646,49.549],[21.3633,49.5491],[21.3624,49.5487],[21.3614,49.5486],[21.3604,49.548],[21.3605,49.5475],[21.3597,49.547],[21.3596,49.5465],[21.3589,49.5462],[21.3585,49.5453],[21.3586,49.5447],[21.3595,49.5444],[21.3592,49.5439],[21.3598,49.5431],[21.3623,49.5418],[21.3648,49.5425],[21.3671,49.5424],[21.3696,49.5419],[21.3723,49.541],[21.374,49.5403],[21.3759,49.5384],[21.3769,49.5378],[21.3776,49.5386],[21.3793,49.5385],[21.3805,49.5391],[21.3809,49.5385],[21.3804,49.5378],[21.3814,49.5367],[21.3826,49.5367],[21.383,49.5357],[21.3824,49.5353],[21.3831,49.5347],[21.383,49.5339],[21.3842,49.534],[21.3845,49.5336],[21.3832,49.5332],[21.3837,49.5326],[21.3839,49.5318],[21.3848,49.5314],[21.3848,49.5307],[21.3858,49.5306],[21.3865,49.5298],[21.388,49.5295],[21.3882,49.529],[21.3906,49.5285],[21.3917,49.5275],[21.3907,49.5273],[21.3892,49.5273],[21.3886,49.5271],[21.3869,49.527],[21.3855,49.5263],[21.3826,49.5253],[21.3828,49.5247],[21.3841,49.5236],[21.3863,49.5229],[21.3874,49.5224],[21.3875,49.522],[21.3888,49.5215],[21.3893,49.5209],[21.3891,49.5202],[21.3877,49.5197],[21.3876,49.5193],[21.389,49.5182],[21.3895,49.5172],[21.3897,49.5162],[21.3918,49.5141],[21.3924,49.513],[21.3924,49.5124],[21.3929,49.5115],[21.3955,49.5101],[21.3973,49.5107],[21.3986,49.5105],[21.3988,49.5083],[21.4026,49.5086],[21.4041,49.509],[21.4076,49.5096],[21.4092,49.5071],[21.4099,49.5041],[21.4099,49.5024],[21.4102,49.5011],[21.4109,49.5002],[21.4119,49.5005],[21.4146,49.4984],[21.4162,49.4986],[21.4166,49.4974],[21.4184,49.4978],[21.4186,49.4976],[21.4197,49.4942],[21.4207,49.4926],[21.4209,49.492],[21.4179,49.4918],[21.4164,49.4923],[21.4133,49.492],[21.4123,49.4917],[21.4093,49.4918],[21.4044,49.4909],[21.4025,49.4915],[21.4015,49.492],[21.3997,49.4909],[21.3963,49.4903],[21.3952,49.4902],[21.3928,49.4896],[21.3917,49.489],[21.3907,49.489],[21.3897,49.4866],[21.3897,49.486],[21.3889,49.4854],[21.3891,49.4849],[21.3902,49.4838],[21.3912,49.4832],[21.3922,49.4823],[21.3927,49.4815],[21.3936,49.4811],[21.3953,49.4808],[21.3969,49.4801],[21.3983,49.4793],[21.3985,49.4788],[21.401,49.4775],[21.4012,49.4769],[21.4027,49.4759],[21.404,49.4756],[21.4062,49.4755],[21.4084,49.4743],[21.4092,49.474],[21.4088,49.4732],[21.4092,49.4724],[21.4083,49.4721],[21.4079,49.471],[21.4081,49.4707],[21.4079,49.4695],[21.4091,49.4688],[21.4107,49.4684],[21.4114,49.4678],[21.4099,49.4667],[21.4076,49.4652],[21.4061,49.4644],[21.4044,49.4624],[21.4035,49.4616],[21.4021,49.46],[21.4,49.4584],[21.3988,49.458],[21.3976,49.4573],[21.3948,49.4564],[21.3935,49.4563],[21.3922,49.4558],[21.3922,49.4552],[21.3932,49.4528],[21.3932,49.4513],[21.3925,49.4498],[21.3929,49.4477],[21.3926,49.4469],[21.393,49.4457],[21.3939,49.4443],[21.3957,49.4419],[21.396,49.4405],[21.3966,49.44],[21.3966,49.4389],[21.3973,49.4368],[21.3972,49.4359],[21.3977,49.435],[21.3987,49.4338],[21.3985,49.4337],[21.3955,49.4341],[21.3941,49.4345],[21.3932,49.4344],[21.3925,49.4331],[21.3915,49.4327],[21.3893,49.4334],[21.3881,49.4343],[21.3865,49.4345],[21.3817,49.4346],[21.3802,49.4342],[21.3792,49.4335],[21.3763,49.4331],[21.3745,49.4326],[21.3727,49.4326],[21.3715,49.4338],[21.3701,49.4371],[21.3687,49.439],[21.3671,49.4398],[21.3669,49.4401],[21.3653,49.4409],[21.3642,49.4417],[21.3629,49.4422],[21.3607,49.4425],[21.3574,49.4431],[21.3564,49.443],[21.3559,49.4434],[21.3545,49.4438],[21.3538,49.4443],[21.352,49.4449],[21.3495,49.4465],[21.3482,49.4476],[21.3479,49.4482],[21.347,49.4487],[21.3466,49.4494],[21.3456,49.4495],[21.3447,49.4504],[21.3425,49.451],[21.3396,49.4509],[21.3371,49.4514],[21.3349,49.4509],[21.3328,49.451],[21.3294,49.4495],[21.3258,49.4501],[21.323,49.4499],[21.3215,49.4492],[21.3199,49.4494],[21.3184,49.4491],[21.3165,49.4479],[21.3151,49.4482],[21.3137,49.4488],[21.3131,49.4493],[21.3107,49.4491],[21.3083,49.4485],[21.3072,49.448],[21.3068,49.4484],[21.3038,49.4493],[21.3009,49.4512],[21.2998,49.4514],[21.2989,49.4519],[21.298,49.4519],[21.2949,49.4529],[21.2948,49.4532],[21.2918,49.4546],[21.2906,49.4549],[21.2885,49.4564],[21.2874,49.457],[21.2834,49.4586],[21.2803,49.4591],[21.2795,49.4601],[21.2775,49.4609],[21.2744,49.4604],[21.272,49.4598],[21.2693,49.4584],[21.2673,49.4572],[21.2674,49.456],[21.2671,49.4554],[21.267,49.4543],[21.2665,49.4536],[21.2658,49.452],[21.2663,49.4505],[21.2663,49.4491],[21.2655,49.4474],[21.2631,49.4472],[21.2593,49.4467],[21.2579,49.4459],[21.2566,49.4449],[21.2551,49.4434],[21.2538,49.4427],[21.2523,49.4416],[21.2488,49.4399],[21.2468,49.4392],[21.2455,49.4373],[21.2442,49.4366],[21.2427,49.4355],[21.2421,49.4353],[21.2407,49.4342],[21.2392,49.435],[21.2377,49.4355],[21.237,49.4354],[21.2361,49.4359],[21.2356,49.4366],[21.2341,49.4375],[21.2335,49.4368],[21.2329,49.4367],[21.2319,49.4355],[21.2325,49.4341],[21.2321,49.433],[21.2306,49.4317],[21.2295,49.4305],[21.2288,49.4292],[21.2271,49.428],[21.2267,49.4281],[21.2241,49.4267],[21.2235,49.4255],[21.2236,49.4247],[21.2243,49.4241],[21.2244,49.4232],[21.2252,49.4225],[21.2264,49.4218],[21.2267,49.4214],[21.2271,49.4199],[21.2263,49.419],[21.227,49.4179],[21.2273,49.417],[21.2252,49.4161],[21.224,49.4153],[21.2228,49.4142],[21.2212,49.4134],[21.2201,49.4124],[21.2189,49.4122],[21.2171,49.4111],[21.2153,49.4098],[21.2136,49.4089],[21.2123,49.408],[21.2098,49.4052],[21.2091,49.4039],[21.2085,49.4034],[21.208,49.4025],[21.2052,49.4035],[21.2038,49.4038],[21.2028,49.4043],[21.2015,49.4046],[21.1989,49.4038],[21.1983,49.4039],[21.1965,49.4033],[21.1952,49.4026],[21.1942,49.4026],[21.1921,49.401],[21.19,49.4014],[21.1891,49.4014],[21.1868,49.4019],[21.1842,49.4027],[21.1835,49.4028],[21.1819,49.402],[21.1802,49.4023],[21.1803,49.4028],[21.1814,49.4041],[21.1814,49.4051],[21.1811,49.4068],[21.1794,49.409],[21.1784,49.4096],[21.1772,49.4098],[21.1762,49.4103],[21.1747,49.4114],[21.1737,49.4119],[21.1723,49.4121],[21.1699,49.4133],[21.1701,49.4136],[21.1691,49.4144],[21.1681,49.4156],[21.1661,49.4168],[21.1647,49.4183],[21.1622,49.419],[21.1609,49.4192],[21.1601,49.4197],[21.1583,49.42],[21.1578,49.4199],[21.1552,49.421],[21.1546,49.4223],[21.1554,49.4244],[21.1537,49.4255],[21.1535,49.426],[21.1522,49.427],[21.1504,49.4277],[21.1489,49.4279],[21.1467,49.4292],[21.1445,49.4296],[21.1431,49.4302],[21.1404,49.4306],[21.139,49.4314],[21.1365,49.4324],[21.1361,49.4328],[21.1347,49.4334],[21.133,49.4336],[21.1319,49.4343],[21.1292,49.435],[21.1273,49.4351],[21.1249,49.436],[21.124,49.4366],[21.1205,49.4351],[21.1189,49.4333],[21.1183,49.4318],[21.1173,49.43],[21.1163,49.4291],[21.1152,49.4278],[21.1149,49.4261],[21.1137,49.4239],[21.1127,49.4242],[21.1101,49.4244],[21.1066,49.4253],[21.1038,49.4262],[21.1025,49.4265],[21.1012,49.4271],[21.099,49.4286],[21.0964,49.4295],[21.0935,49.429],[21.0909,49.4284],[21.0902,49.4279],[21.0877,49.4275],[21.0856,49.4266],[21.0836,49.4261],[21.0818,49.425],[21.0806,49.4253],[21.0785,49.4255],[21.077,49.4253],[21.076,49.4256],[21.0749,49.4255],[21.0737,49.4251],[21.0726,49.425],[21.0706,49.4239],[21.0689,49.4232],[21.0674,49.4228],[21.0662,49.4222],[21.0653,49.4214],[21.0646,49.4212],[21.0637,49.4205],[21.0628,49.4207],[21.0624,49.4212],[21.061,49.4218],[21.0592,49.4216],[21.0565,49.4217],[21.0547,49.4212],[21.0542,49.422],[21.0536,49.4236],[21.0525,49.4251],[21.0519,49.4266],[21.0519,49.4289],[21.0508,49.4294],[21.0489,49.4293],[21.0485,49.4296],[21.0491,49.4307],[21.0489,49.4311],[21.0494,49.432],[21.0488,49.4331],[21.0488,49.4337],[21.0471,49.4351],[21.0467,49.4359],[21.0456,49.4367],[21.0451,49.4375],[21.0432,49.437],[21.0411,49.4404],[21.0396,49.442],[21.0379,49.4429],[21.0367,49.4438],[21.0366,49.4442],[21.0354,49.4452],[21.0351,49.4462],[21.0345,49.447],[21.0337,49.4474],[21.0314,49.4493],[21.03,49.4497],[21.0286,49.4505],[21.0266,49.4523],[21.0252,49.4543],[21.0239,49.4558],[21.0227,49.4567],[21.0217,49.4586],[21.0201,49.46],[21.022,49.461],[21.0236,49.462],[21.0266,49.4644],[21.0302,49.4659],[21.0317,49.4669],[21.0345,49.469],[21.0378,49.4705],[21.0382,49.4715],[21.04,49.4728],[21.0406,49.4736],[21.0405,49.4748],[21.04,49.4763],[21.0409,49.4777],[21.0414,49.4788],[21.0458,49.4806],[21.0459,49.481],[21.0423,49.4824],[21.0416,49.4818],[21.0392,49.4827],[21.0393,49.4834],[21.0406,49.484],[21.0401,49.4855],[21.0384,49.4873],[21.0381,49.4884],[21.0371,49.4889],[21.0364,49.4897],[21.0363,49.4905],[21.0364,49.4914],[21.0342,49.4924],[21.0342,49.4928],[21.0325,49.4931],[21.031,49.4947],[21.0296,49.4953],[21.0265,49.4947],[21.0248,49.4956],[21.0215,49.4955],[21.0194,49.4959],[21.018,49.496],[21.0177,49.497],[21.0172,49.4975],[21.0162,49.4991],[21.0148,49.4999],[21.0145,49.5007],[21.0132,49.5019],[21.0115,49.5028],[21.0095,49.5044],[21.008,49.5059],[21.0098,49.5071],[21.0105,49.5072],[21.0113,49.5087],[21.0113,49.5097],[21.0105,49.5121],[21.0106,49.5129],[21.0116,49.5133],[21.0127,49.5145],[21.0098,49.5175],[21.0098,49.5182],[21.0088,49.5198],[21.0089,49.5212],[21.0085,49.5231],[21.0079,49.5233],[21.0075,49.5251],[21.007,49.5262],[21.0064,49.5266],[21.0053,49.5265],[21.0039,49.5276],[21.002,49.5284],[21.0007,49.5288],[20.9998,49.5284],[20.9996,49.5295],[20.999,49.5302],[20.9987,49.5315],[20.9994,49.5334],[21.0009,49.535],[21.0017,49.5351],[21.0027,49.5365],[21.0036,49.5387],[21.0049,49.5402],[21.0067,49.541],[21.0077,49.5416],[21.0102,49.5456],[21.0123,49.5483],[21.0132,49.5486],[21.0149,49.5499],[21.0163,49.5508],[21.0176,49.5523],[21.0166,49.5534],[21.0173,49.5537],[21.0179,49.555],[21.0183,49.5554],[21.0184,49.5564],[21.0189,49.5566],[21.02,49.5583],[21.0216,49.5588],[21.0224,49.5596],[21.0238,49.5602],[21.0246,49.5609],[21.0257,49.5608],[21.0271,49.5625],[21.0298,49.5654],[21.0303,49.5662],[21.0304,49.5669],[21.0236,49.5687],[21.0212,49.5704],[21.02,49.5715],[21.0192,49.5718],[21.0172,49.5735],[21.0157,49.5743],[21.0155,49.5755],[21.0149,49.5764],[21.0141,49.577],[21.013,49.5768],[21.0121,49.5773],[21.0108,49.5777],[21.0101,49.5786],[21.0099,49.5801],[21.0088,49.582],[21.0089,49.5825],[21.0073,49.5855],[21.006,49.5872],[21.0061,49.5886],[21.0064,49.5896],[21.0065,49.5909],[21.0059,49.592],[21.0041,49.593],[21.0023,49.595],[21.0008,49.5963],[20.9994,49.5968],[20.9998,49.5985],[20.9997,49.599],[21.0001,49.601],[21.001,49.6012],[21.003,49.6023],[21.0036,49.6031],[21.0041,49.6046],[21.004,49.6056],[21.0045,49.6063],[21.0053,49.608],[21.0052,49.6085],[21.007,49.6096],[21.0079,49.6104],[21.0096,49.6112],[21.011,49.6112],[21.013,49.6108],[21.0154,49.611],[21.0165,49.6107],[21.0175,49.6115],[21.0176,49.6121],[21.0175,49.6143],[21.0172,49.6153],[21.018,49.6165],[21.0198,49.6156],[21.0219,49.6158],[21.0225,49.6162],[21.0241,49.616],[21.025,49.6161],[21.026,49.6156],[21.0276,49.6169],[21.0295,49.6181],[21.0306,49.6185],[21.0312,49.619],[21.0337,49.6191],[21.0351,49.6193],[21.0366,49.6201],[21.0388,49.6206],[21.0396,49.6204],[21.0415,49.6209],[21.043,49.6209],[21.0437,49.6211],[21.0444,49.6207],[21.045,49.6209],[21.0461,49.6199],[21.0471,49.6201],[21.0473,49.6218],[21.0468,49.6225],[21.0467,49.6234],[21.047,49.6251],[21.0478,49.6262],[21.0486,49.6269],[21.0482,49.6282],[21.0498,49.6301],[21.0492,49.631],[21.0497,49.6321],[21.0493,49.6335],[21.0501,49.6342],[21.0502,49.6347],[21.0533,49.6374],[21.0544,49.6393],[21.056,49.6406],[21.0575,49.6421],[21.0585,49.6435],[21.0576,49.6442],[21.0574,49.6448],[21.0563,49.6458],[21.0557,49.6471],[21.0545,49.6483],[21.0545,49.6493],[21.0532,49.65],[21.0518,49.6504],[21.0507,49.6504],[21.0484,49.6508],[21.0473,49.6505],[21.0453,49.6513],[21.0445,49.6514],[21.0427,49.6525],[21.0408,49.6532],[21.0395,49.6547],[21.0378,49.6562],[21.0354,49.6571],[21.0347,49.6576],[21.0327,49.6582],[21.0312,49.6589],[21.0312,49.6593],[21.0303,49.6598],[21.0279,49.662],[21.0258,49.6628],[21.0237,49.6638],[21.0208,49.6656],[21.0189,49.6673],[21.0136,49.6706],[21.0123,49.6713],[21.0105,49.6718],[21.0098,49.6725],[21.0085,49.6734],[21.0061,49.6754],[21.0051,49.6764],[21.0041,49.6766],[21.0039,49.678],[21.0031,49.6795],[21.0025,49.6815],[21.0025,49.6851],[21.0028,49.686],[21.0029,49.6888],[20.9991,49.6886],[20.996,49.6883],[20.9951,49.6883],[20.9931,49.688],[20.9911,49.6875],[20.9881,49.6869],[20.9858,49.6862],[20.984,49.6859],[20.9807,49.6855],[20.9772,49.6845],[20.9756,49.6839],[20.9735,49.6839],[20.9723,49.6836],[20.9702,49.6833],[20.9641,49.6827],[20.9628,49.6824],[20.9618,49.6824],[20.962,49.6812],[20.9619,49.6795],[20.9609,49.6774],[20.9583,49.6744],[20.9573,49.6734],[20.9565,49.6723],[20.9546,49.6723],[20.9535,49.6721],[20.952,49.671],[20.9517,49.6701],[20.9519,49.6696],[20.9509,49.6686],[20.9506,49.668],[20.9488,49.6669],[20.9478,49.667],[20.9467,49.6687],[20.9451,49.6701],[20.9444,49.6711],[20.9422,49.6718],[20.9418,49.6717],[20.9403,49.6722],[20.9392,49.6728],[20.9374,49.6735],[20.9369,49.6739],[20.9365,49.6748],[20.9349,49.6753],[20.9337,49.6762],[20.9323,49.6776],[20.9306,49.6781],[20.9295,49.6786],[20.9279,49.679],[20.9243,49.6795],[20.9211,49.679],[20.9198,49.6791],[20.9175,49.6817],[20.9169,49.6827],[20.9164,49.6829],[20.9155,49.6825],[20.9135,49.6832],[20.9122,49.6834],[20.9098,49.6832],[20.9091,49.6835],[20.9078,49.6836],[20.9064,49.6848],[20.9069,49.6854],[20.9059,49.6859],[20.9061,49.6866],[20.9053,49.6872],[20.9044,49.6875],[20.9032,49.6883],[20.9019,49.6897],[20.8995,49.6912],[20.899,49.692],[20.8984,49.692],[20.8974,49.694],[20.8974,49.6947],[20.8965,49.6954],[20.8959,49.6964],[20.8953,49.6964],[20.8948,49.697],[20.8939,49.6969],[20.8933,49.6972],[20.8932,49.6984],[20.8916,49.6991],[20.8916,49.6996],[20.8907,49.6998],[20.8904,49.7003],[20.8907,49.701],[20.8901,49.7012],[20.8898,49.7018],[20.8886,49.7017],[20.8882,49.7037],[20.8874,49.704],[20.8868,49.7049],[20.8867,49.7058],[20.8861,49.706],[20.8871,49.7068],[20.8874,49.7077],[20.8882,49.7078],[20.8879,49.7084],[20.8884,49.7087],[20.889,49.7104],[20.8901,49.7122],[20.8917,49.7139],[20.8922,49.7148],[20.8922,49.7171],[20.8925,49.7178],[20.8923,49.7193],[20.8925,49.7203],[20.8922,49.7208],[20.8922,49.7218],[20.8905,49.7234],[20.8885,49.726],[20.8876,49.7276],[20.8873,49.7288],[20.8868,49.7292],[20.8852,49.7298],[20.8826,49.7317],[20.8824,49.7318],[20.8826,49.7317],[20.884,49.7315],[20.8893,49.7318],[20.8917,49.732],[20.8949,49.7325],[20.8974,49.7321],[20.9004,49.7324],[20.9017,49.7327],[20.902,49.733],[20.9014,49.7337],[20.9043,49.7355],[20.9061,49.7374],[20.9094,49.7402],[20.9111,49.7393],[20.9118,49.7391],[20.914,49.7371],[20.9151,49.7351],[20.9164,49.7342],[20.9175,49.7337],[20.9177,49.732],[20.9188,49.7321],[20.9194,49.7315],[20.9202,49.7315],[20.9218,49.7307],[20.9245,49.7311],[20.9254,49.7308],[20.9268,49.7309],[20.9303,49.7298],[20.9314,49.7296],[20.9331,49.7286],[20.9351,49.7286],[20.9364,49.7294],[20.9382,49.7289],[20.9388,49.7284],[20.9396,49.7285],[20.9403,49.7297],[20.9409,49.7302],[20.9434,49.7312],[20.9433,49.7317],[20.9424,49.7321],[20.9417,49.733],[20.94,49.7338],[20.94,49.7342],[20.9412,49.7351],[20.9421,49.736],[20.9433,49.7363],[20.9436,49.7371],[20.9456,49.738],[20.9458,49.739],[20.9456,49.7403],[20.946,49.7415],[20.9483,49.7413],[20.9515,49.7413],[20.9537,49.7416],[20.9557,49.7431],[20.9564,49.7441],[20.9563,49.745],[20.9574,49.7455],[20.9578,49.746],[20.9597,49.7474],[20.9612,49.7474],[20.9634,49.7468],[20.9643,49.7462],[20.9669,49.7452],[20.9687,49.7441],[20.9707,49.7433],[20.9714,49.7432],[20.974,49.7423],[20.977,49.7417],[20.9786,49.7417],[20.9811,49.742],[20.9826,49.7424],[20.986,49.7429],[20.9908,49.7439],[20.9938,49.7438],[20.9986,49.7444],[21.0012,49.7451],[21.0056,49.7471],[21.0062,49.7478],[21.0048,49.7487],[21.0037,49.7492],[21.0015,49.7519],[21.0003,49.7538],[21.0002,49.7554],[21.0011,49.7588],[21,49.7598],[21.0007,49.7602],[21.0025,49.7605],[21.0034,49.761],[21.0039,49.7609],[21.0062,49.7612],[21.0083,49.7613],[21.012,49.7618],[21.0141,49.7618],[21.02,49.7628],[21.021,49.7628],[21.0251,49.7633],[21.0275,49.7633],[21.0301,49.7641],[21.0312,49.7651],[21.0345,49.7669],[21.0358,49.7675],[21.037,49.7684],[21.0378,49.7702],[21.0395,49.7702],[21.04,49.7704],[21.0407,49.7698],[21.0408,49.7687],[21.0412,49.7682],[21.0411,49.7669],[21.0416,49.765],[21.0415,49.7633],[21.0421,49.7626],[21.0439,49.7619],[21.047,49.7598],[21.0483,49.7587],[21.0488,49.758],[21.0498,49.7572],[21.0516,49.7564],[21.0539,49.755],[21.0554,49.7545],[21.0561,49.7529],[21.0576,49.7513],[21.0599,49.7499],[21.0646,49.7476],[21.0655,49.7468],[21.0675,49.7483],[21.0687,49.7496],[21.071,49.7518],[21.0744,49.753],[21.0762,49.7534],[21.0809,49.7559],[21.0823,49.7562],[21.0843,49.757],[21.0856,49.7573],[21.0869,49.7582],[21.0896,49.7596],[21.092,49.7607],[21.094,49.7621],[21.0955,49.7628],[21.0973,49.7644],[21.0988,49.7661],[21.0993,49.7669],[21.1004,49.7677],[21.1011,49.7686],[21.1008,49.7695],[21.1018,49.7711],[21.1028,49.772],[21.1036,49.7719],[21.1041,49.7713],[21.1069,49.7706],[21.109,49.7695],[21.1095,49.7699],[21.1092,49.771],[21.1104,49.772],[21.1119,49.7717],[21.1115,49.7701],[21.112,49.7691],[21.113,49.7688],[21.114,49.7682],[21.1144,49.7686],[21.1156,49.7691],[21.1162,49.7697],[21.1164,49.7705],[21.1173,49.7706],[21.1182,49.7703],[21.1189,49.7723],[21.1199,49.7731],[21.1208,49.7741],[21.1227,49.7737],[21.1239,49.7736],[21.1248,49.7733],[21.1259,49.7733],[21.1275,49.7726],[21.1285,49.7725],[21.1293,49.7721],[21.1337,49.7707],[21.1359,49.7697],[21.1381,49.7697],[21.1391,49.7704],[21.1418,49.7716],[21.1421,49.7715],[21.1437,49.7727],[21.1458,49.7736],[21.15,49.7751],[21.1514,49.7757],[21.1526,49.7769],[21.1546,49.7778],[21.1568,49.7797],[21.1576,49.7816],[21.16,49.7817],[21.1626,49.7813],[21.1639,49.7813],[21.1661,49.7817],[21.1677,49.7817],[21.1689,49.7815],[21.1711,49.7809],[21.1739,49.7807],[21.1758,49.7804],[21.1773,49.78],[21.1831,49.7788],[21.1877,49.7786],[21.192,49.7793],[21.1959,49.7792],[21.1988,49.7799],[21.2002,49.7805],[21.205,49.7807],[21.207,49.7802],[21.2083,49.7801],[21.2106,49.7796],[21.2116,49.7796],[21.2141,49.7791],[21.2173,49.7788],[21.2175,49.7793],[21.2186,49.7795],[21.2206,49.7792],[21.2231,49.7786],[21.2254,49.7784],[21.2266,49.7781],[21.2296,49.7777],[21.232,49.7777],[21.2328,49.7774],[21.2361,49.7769],[21.2385,49.777],[21.2418,49.7761]]]}},{"type":"Feature","id":"powiat-krakowski","properties":{"slug":"powiat-krakowski","name":"powiat krakowski"},"geometry":{"type":"MultiPolygon","coordinates":[[[[19.9245,50.1113],[19.9254,50.1101],[19.9259,50.1084],[19.9266,50.1076],[19.9276,50.1073],[19.9279,50.1078],[19.9294,50.1077],[19.9294,50.1081],[19.9271,50.1102],[19.9284,50.1103],[19.9304,50.1092],[19.9311,50.1086],[19.9312,50.1075],[19.9305,50.1068],[19.9294,50.1067],[19.9298,50.1059],[19.9308,50.1048],[19.9289,50.1037],[19.9281,50.1043],[19.9277,50.1051],[19.9209,50.1023],[19.921,50.1021],[19.9189,50.1014],[19.9189,50.1002],[19.918,50.1003],[19.9162,50.1008],[19.9151,50.1009],[19.9146,50.1039],[19.9142,50.1053],[19.9129,50.1081],[19.9122,50.1101],[19.9115,50.1116],[19.9108,50.1126],[19.9097,50.115],[19.9086,50.1179],[19.9067,50.1199],[19.9056,50.1213],[19.9047,50.1221],[19.9026,50.1232],[19.9005,50.1255],[19.8996,50.1258],[19.8983,50.1257],[19.8983,50.1261],[19.8925,50.1261],[19.8924,50.1248],[19.8926,50.1243],[19.8915,50.1243],[19.8904,50.124],[19.8914,50.123],[19.8906,50.1227],[19.8887,50.1227],[19.8879,50.1224],[19.8861,50.1222],[19.8844,50.1222],[19.8821,50.1214],[19.8807,50.1204],[19.8792,50.1188],[19.8788,50.1175],[19.8775,50.1147],[19.8768,50.1136],[19.8766,50.1124],[19.8753,50.111],[19.8682,50.1078],[19.8674,50.1074],[19.8633,50.1073],[19.8618,50.1059],[19.8628,50.1043],[19.8637,50.1024],[19.8644,50.1015],[19.8647,50.1002],[19.8653,50.0995],[19.8666,50.1],[19.8674,50.0992],[19.8656,50.0973],[19.8654,50.0969],[19.8639,50.0954],[19.8629,50.0941],[19.8616,50.0927],[19.8586,50.0935],[19.856,50.0936],[19.8529,50.0943],[19.8515,50.0944],[19.8498,50.0937],[19.8478,50.0933],[19.845,50.0922],[19.8435,50.0922],[19.8431,50.0924],[19.8419,50.0918],[19.8409,50.0918],[19.8394,50.0908],[19.8378,50.0905],[19.8365,50.0893],[19.8356,50.0896],[19.8344,50.0883],[19.8331,50.0885],[19.8312,50.0885],[19.8293,50.0877],[19.828,50.0858],[19.8255,50.0842],[19.8238,50.0835],[19.8235,50.0827],[19.8219,50.0824],[19.8208,50.082],[19.8195,50.0818],[19.8185,50.081],[19.8154,50.0807],[19.8146,50.0804],[19.8129,50.0802],[19.8112,50.0802],[19.8095,50.0794],[19.8083,50.0784],[19.8084,50.0772],[19.8073,50.0747],[19.806,50.0721],[19.8048,50.0711],[19.8017,50.0692],[19.8042,50.0654],[19.8046,50.0645],[19.8045,50.0621],[19.8093,50.061],[19.8097,50.06],[19.8113,50.0585],[19.8125,50.0586],[19.8146,50.0592],[19.8165,50.0593],[19.8176,50.0588],[19.8185,50.0587],[19.8198,50.0582],[19.822,50.0582],[19.8213,50.0577],[19.8207,50.0567],[19.8208,50.0553],[19.8201,50.0542],[19.8202,50.0534],[19.8196,50.0522],[19.8196,50.0516],[19.8189,50.0506],[19.8183,50.0503],[19.8177,50.0491],[19.814,50.0455],[19.8131,50.0449],[19.811,50.0429],[19.8106,50.0407],[19.812,50.0402],[19.8128,50.0392],[19.8126,50.0375],[19.813,50.0369],[19.8134,50.0354],[19.8145,50.0349],[19.8156,50.0337],[19.8166,50.0334],[19.8188,50.0323],[19.8208,50.0319],[19.8228,50.0319],[19.8249,50.0321],[19.8263,50.0324],[19.8265,50.0317],[19.8279,50.0294],[19.829,50.0269],[19.8291,50.0258],[19.8287,50.0247],[19.8282,50.0241],[19.8257,50.0227],[19.821,50.0206],[19.8194,50.0204],[19.8177,50.0205],[19.8156,50.0212],[19.8149,50.0218],[19.814,50.0234],[19.8124,50.0254],[19.8103,50.0264],[19.8087,50.0266],[19.8059,50.0261],[19.8043,50.0252],[19.8026,50.0237],[19.8009,50.0204],[19.8006,50.0186],[19.7993,50.0168],[19.7976,50.0156],[19.7943,50.0147],[19.7926,50.0131],[19.7922,50.0118],[19.793,50.0096],[19.7938,50.0083],[19.7947,50.0061],[19.7948,50.0049],[19.7957,50.0008],[19.7962,49.9994],[19.7966,49.9974],[19.7961,49.9958],[19.7957,49.9953],[19.7967,49.9946],[19.798,49.9951],[19.7989,49.996],[19.8006,49.9956],[19.8009,49.994],[19.8023,49.9934],[19.8027,49.9941],[19.8035,49.9936],[19.8036,49.993],[19.806,49.993],[19.8077,49.9925],[19.8095,49.9922],[19.8113,49.9938],[19.8112,49.9942],[19.8121,49.9947],[19.8143,49.9943],[19.8147,49.9946],[19.8142,49.9952],[19.8151,49.9958],[19.8184,49.9965],[19.8192,49.997],[19.8219,49.9968],[19.8225,49.9963],[19.8239,49.9962],[19.8291,49.9962],[19.8339,49.9957],[19.8367,49.9956],[19.8381,49.995],[19.8413,49.9948],[19.8418,49.995],[19.8455,49.9946],[19.848,49.9948],[19.8495,49.9947],[19.8492,49.9923],[19.8483,49.9903],[19.8483,49.9891],[19.8487,49.9872],[19.8488,49.9852],[19.8508,49.9854],[19.8538,49.9854],[19.8541,49.9855],[19.8569,49.9855],[19.8591,49.9848],[19.8604,49.9846],[19.8624,49.9847],[19.863,49.9839],[19.8645,49.9832],[19.8646,49.9817],[19.8645,49.9801],[19.8626,49.9798],[19.8623,49.9793],[19.8629,49.9786],[19.863,49.9766],[19.8607,49.9759],[19.8614,49.9755],[19.8633,49.9748],[19.8648,49.9746],[19.8677,49.9745],[19.8682,49.9734],[19.869,49.9724],[19.8707,49.9717],[19.8729,49.9717],[19.8744,49.9715],[19.8794,49.9715],[19.8799,49.974],[19.8809,49.9747],[19.8822,49.975],[19.8823,49.975],[19.8822,49.975],[19.8823,49.975],[19.8828,49.9756],[19.8849,49.9763],[19.8854,49.9769],[19.8852,49.9774],[19.8855,49.9784],[19.8874,49.9796],[19.8874,49.9798],[19.8874,49.9804],[19.8883,49.9806],[19.8911,49.9806],[19.8926,49.9804],[19.8947,49.9806],[19.8964,49.9805],[19.8981,49.9806],[19.8999,49.9812],[19.9014,49.9811],[19.9019,49.9813],[19.9063,49.9813],[19.9071,49.9815],[19.9086,49.9815],[19.9095,49.9819],[19.9118,49.9814],[19.9132,49.9799],[19.9154,49.98],[19.9191,49.98],[19.9209,49.9804],[19.923,49.9807],[19.9257,49.9813],[19.926,49.981],[19.9272,49.9809],[19.9277,49.9804],[19.9276,49.9796],[19.9283,49.9792],[19.929,49.9793],[19.9302,49.979],[19.9314,49.9784],[19.9322,49.9788],[19.9332,49.9777],[19.9329,49.9769],[19.9337,49.9764],[19.9345,49.9764],[19.9341,49.9756],[19.9378,49.9745],[19.9392,49.9748],[19.9399,49.9752],[19.9406,49.9745],[19.9416,49.9745],[19.9424,49.974],[19.9432,49.9739],[19.9429,49.9733],[19.9438,49.9728],[19.9444,49.9731],[19.9449,49.9722],[19.9466,49.9721],[19.9476,49.9723],[19.9483,49.9721],[19.9488,49.9714],[19.9507,49.9711],[19.9511,49.9704],[19.9508,49.9699],[19.9517,49.9695],[19.9521,49.9701],[19.954,49.9696],[19.9557,49.9687],[19.9554,49.9677],[19.9576,49.9684],[19.9587,49.9683],[19.9594,49.9692],[19.9605,49.9689],[19.9616,49.9689],[19.9615,49.9684],[19.9634,49.9686],[19.9648,49.9665],[19.9654,49.9661],[19.9649,49.9648],[19.9661,49.9634],[19.9661,49.9622],[19.9667,49.9622],[19.9684,49.9611],[19.9693,49.9602],[19.9725,49.9603],[19.9743,49.96],[19.9751,49.9602],[19.9772,49.9602],[19.9808,49.96],[19.9823,49.9601],[19.9823,49.9592],[19.9831,49.9593],[19.9834,49.9577],[19.9821,49.9561],[19.9817,49.9553],[19.9822,49.9538],[19.9816,49.9523],[19.9819,49.9508],[19.9816,49.9499],[19.9818,49.9493],[19.9831,49.9489],[19.9855,49.949],[19.9866,49.9488],[19.9877,49.949],[19.9882,49.9488],[19.9879,49.948],[19.9883,49.9476],[19.9896,49.948],[19.991,49.948],[19.9916,49.9485],[19.9936,49.9483],[19.9951,49.9485],[19.9957,49.9488],[19.9965,49.95],[19.9965,49.9508],[19.9976,49.9511],[19.9998,49.9514],[20.0005,49.9511],[20.0009,49.9498],[20.0037,49.9498],[20.0047,49.9491],[20.0063,49.9493],[20.0054,49.9476],[20.0051,49.9453],[20.0056,49.9436],[20.0067,49.9421],[20.0071,49.9405],[20.0047,49.9384],[20.0042,49.9378],[20.0013,49.9355],[20,49.935],[19.9996,49.9344],[20.0003,49.9333],[20.0001,49.933],[20.0011,49.9324],[20.0016,49.9312],[20.0013,49.9311],[19.9996,49.9316],[19.9964,49.9317],[19.9937,49.9321],[19.99,49.9321],[19.9883,49.9316],[19.9874,49.9315],[19.9845,49.9315],[19.9822,49.9313],[19.9813,49.9316],[19.9802,49.9315],[19.9795,49.9309],[19.9779,49.9305],[19.9758,49.9284],[19.9741,49.9283],[19.9714,49.9275],[19.9703,49.9274],[19.9684,49.9275],[19.9668,49.9273],[19.9643,49.9254],[19.9637,49.9256],[19.9626,49.9245],[19.9624,49.9238],[19.9609,49.9226],[19.9609,49.922],[19.9588,49.9212],[19.9588,49.9209],[19.9553,49.9215],[19.9544,49.9215],[19.9514,49.9221],[19.9461,49.9234],[19.9446,49.9233],[19.9435,49.9238],[19.9415,49.9227],[19.9405,49.9214],[19.9394,49.9204],[19.9395,49.9196],[19.9387,49.9182],[19.9387,49.9172],[19.9381,49.917],[19.9362,49.9171],[19.9351,49.9169],[19.9334,49.9157],[19.9327,49.9154],[19.9334,49.9145],[19.9334,49.9122],[19.9331,49.9119],[19.9331,49.9115],[19.934,49.9109],[19.9336,49.9101],[19.9345,49.9095],[19.9337,49.909],[19.9336,49.9089],[19.9335,49.9088],[19.9334,49.9083],[19.9308,49.9073],[19.9305,49.9067],[19.9306,49.9058],[19.9296,49.9053],[19.9299,49.9046],[19.9298,49.9046],[19.9299,49.9046],[19.9305,49.9043],[19.9303,49.9033],[19.9294,49.9031],[19.9276,49.9031],[19.9265,49.9027],[19.9258,49.9031],[19.9245,49.903],[19.9234,49.9033],[19.9218,49.904],[19.9204,49.904],[19.9195,49.9038],[19.9197,49.9023],[19.9187,49.9022],[19.9191,49.9012],[19.9179,49.9003],[19.9166,49.9],[19.9161,49.8994],[19.9133,49.8989],[19.9113,49.8994],[19.9095,49.8992],[19.908,49.8997],[19.9067,49.8997],[19.906,49.9],[19.9046,49.9011],[19.9038,49.9013],[19.9037,49.9013],[19.9038,49.9013],[19.9037,49.9013],[19.9016,49.9021],[19.9015,49.9021],[19.9016,49.9021],[19.9015,49.9021],[19.9009,49.9025],[19.8996,49.9039],[19.8991,49.9046],[19.8992,49.9053],[19.8977,49.907],[19.8974,49.9077],[19.8963,49.9091],[19.8954,49.9095],[19.8945,49.9106],[19.8931,49.9115],[19.8908,49.9115],[19.8887,49.9122],[19.8873,49.9128],[19.8866,49.9147],[19.8865,49.9156],[19.886,49.9159],[19.8843,49.9156],[19.8836,49.9158],[19.8828,49.9154],[19.8815,49.9161],[19.8792,49.9161],[19.8801,49.9167],[19.8799,49.917],[19.8815,49.9177],[19.8804,49.9191],[19.881,49.9198],[19.8816,49.9198],[19.8838,49.9208],[19.8832,49.9223],[19.883,49.9241],[19.8823,49.924],[19.8795,49.9244],[19.8789,49.9248],[19.8769,49.9248],[19.8761,49.9251],[19.875,49.9244],[19.8739,49.9248],[19.874,49.9259],[19.8725,49.9264],[19.8706,49.9274],[19.8687,49.9274],[19.8654,49.9272],[19.8644,49.9267],[19.86,49.9262],[19.8544,49.9308],[19.8502,49.9313],[19.8501,49.9301],[19.8505,49.9297],[19.8502,49.9286],[19.8496,49.9283],[19.8492,49.9272],[19.8491,49.9259],[19.8483,49.9237],[19.8482,49.9225],[19.8488,49.9219],[19.8505,49.9194],[19.852,49.9185],[19.8542,49.917],[19.8546,49.9166],[19.8545,49.9157],[19.8533,49.9137],[19.8523,49.913],[19.8466,49.9108],[19.8437,49.9101],[19.8391,49.9097],[19.8379,49.9094],[19.8358,49.9081],[19.8354,49.9077],[19.8354,49.9064],[19.8331,49.9064],[19.8323,49.907],[19.8317,49.9065],[19.8324,49.9044],[19.8332,49.9037],[19.8329,49.9028],[19.8331,49.9024],[19.8323,49.9017],[19.8316,49.9015],[19.8284,49.9016],[19.8273,49.9009],[19.8259,49.9004],[19.826,49.8998],[19.8254,49.8982],[19.8241,49.8976],[19.8233,49.8976],[19.8246,49.8953],[19.8244,49.8943],[19.824,49.8938],[19.823,49.8937],[19.8213,49.8941],[19.8201,49.8941],[19.8211,49.8923],[19.821,49.8914],[19.8196,49.8905],[19.8194,49.8899],[19.8178,49.8886],[19.8167,49.8883],[19.8154,49.8884],[19.8149,49.8887],[19.8129,49.8889],[19.8118,49.8885],[19.8129,49.8881],[19.813,49.8866],[19.812,49.8857],[19.8103,49.8852],[19.8099,49.8855],[19.8071,49.8867],[19.8043,49.887],[19.8033,49.8879],[19.8014,49.8888],[19.8011,49.8892],[19.7983,49.8893],[19.7957,49.8902],[19.7945,49.8902],[19.7913,49.8913],[19.7893,49.8914],[19.7867,49.8922],[19.7839,49.8924],[19.7824,49.8928],[19.781,49.8928],[19.7796,49.8932],[19.7783,49.893],[19.7727,49.893],[19.7708,49.894],[19.7687,49.8965],[19.7679,49.8976],[19.7668,49.8997],[19.7678,49.9002],[19.7682,49.9008],[19.766,49.9008],[19.7659,49.9015],[19.7674,49.9017],[19.7678,49.9021],[19.7666,49.9025],[19.7657,49.9025],[19.765,49.9035],[19.7644,49.9045],[19.7638,49.9047],[19.7634,49.9056],[19.7621,49.9061],[19.7624,49.9067],[19.7607,49.9079],[19.7598,49.9083],[19.7586,49.9095],[19.7577,49.9099],[19.7576,49.9109],[19.7581,49.9119],[19.7581,49.9125],[19.7588,49.9136],[19.7582,49.9148],[19.758,49.9158],[19.7583,49.917],[19.7567,49.9165],[19.7549,49.9164],[19.7525,49.916],[19.7507,49.9162],[19.7479,49.9161],[19.748,49.9144],[19.7476,49.9144],[19.748,49.9121],[19.7467,49.9128],[19.7462,49.9128],[19.7464,49.9104],[19.744,49.9101],[19.7431,49.9105],[19.7429,49.9113],[19.7424,49.9119],[19.7425,49.913],[19.742,49.9153],[19.7424,49.9161],[19.7426,49.9173],[19.7417,49.9173],[19.7417,49.9153],[19.7409,49.9152],[19.7411,49.9173],[19.7406,49.9178],[19.7407,49.9188],[19.7394,49.9188],[19.7375,49.9176],[19.7353,49.9171],[19.735,49.9175],[19.7351,49.9184],[19.7342,49.9183],[19.7324,49.9177],[19.7319,49.9191],[19.7317,49.9203],[19.7323,49.9205],[19.7315,49.9214],[19.7299,49.9226],[19.7288,49.9244],[19.7312,49.9254],[19.7331,49.926],[19.7321,49.927],[19.7306,49.928],[19.7281,49.9308],[19.7272,49.9314],[19.7258,49.934],[19.7246,49.9356],[19.7243,49.9372],[19.7238,49.9383],[19.724,49.9397],[19.7236,49.9403],[19.723,49.941],[19.7215,49.9413],[19.7216,49.9427],[19.7208,49.9436],[19.7209,49.9446],[19.7206,49.9456],[19.72,49.9463],[19.7182,49.9464],[19.7176,49.9475],[19.7178,49.9481],[19.7179,49.9498],[19.7188,49.9527],[19.7191,49.955],[19.7191,49.9565],[19.7193,49.9581],[19.7179,49.9583],[19.7145,49.9575],[19.7131,49.9575],[19.7086,49.9584],[19.7076,49.9587],[19.7064,49.9587],[19.7045,49.9581],[19.7011,49.9576],[19.7,49.9576],[19.698,49.957],[19.6988,49.954],[19.6993,49.9533],[19.6985,49.9528],[19.6973,49.951],[19.6975,49.9506],[19.697,49.9501],[19.6959,49.9498],[19.6961,49.9485],[19.6956,49.948],[19.6944,49.9484],[19.6942,49.9488],[19.6899,49.9487],[19.6883,49.9488],[19.6875,49.9491],[19.6854,49.9492],[19.6848,49.9488],[19.6826,49.9489],[19.6815,49.9488],[19.6787,49.9488],[19.6782,49.949],[19.6769,49.9486],[19.6762,49.9486],[19.6759,49.9498],[19.676,49.9515],[19.6744,49.9522],[19.6732,49.9524],[19.6717,49.9523],[19.6701,49.9526],[19.6681,49.9532],[19.6661,49.9532],[19.6647,49.953],[19.6641,49.9532],[19.6618,49.9532],[19.6604,49.9539],[19.6586,49.9542],[19.6589,49.955],[19.6575,49.9561],[19.6576,49.9569],[19.658,49.9576],[19.6589,49.9582],[19.6586,49.9585],[19.6588,49.9594],[19.6581,49.9599],[19.658,49.9605],[19.6596,49.9614],[19.6594,49.9618],[19.6582,49.9623],[19.6569,49.9633],[19.656,49.9642],[19.6551,49.9667],[19.6536,49.9666],[19.6523,49.9679],[19.6523,49.9688],[19.6547,49.9715],[19.6559,49.9725],[19.656,49.9732],[19.6567,49.9733],[19.6584,49.9741],[19.6596,49.9752],[19.6609,49.976],[19.6623,49.9763],[19.6667,49.9777],[19.6691,49.9787],[19.6672,49.9799],[19.6657,49.9806],[19.6635,49.9812],[19.662,49.9812],[19.6599,49.9808],[19.656,49.9805],[19.6532,49.9812],[19.6516,49.9823],[19.6508,49.9837],[19.6501,49.9885],[19.6498,49.9893],[19.649,49.9901],[19.6477,49.9907],[19.6457,49.9912],[19.6437,49.9912],[19.6418,49.9909],[19.6403,49.9903],[19.6394,49.9896],[19.639,49.9887],[19.6388,49.9872],[19.6381,49.986],[19.6378,49.9851],[19.6381,49.9824],[19.637,49.9806],[19.6354,49.9797],[19.634,49.9793],[19.6318,49.9792],[19.6305,49.9797],[19.6295,49.9807],[19.6287,49.9819],[19.6277,49.9828],[19.6265,49.9835],[19.6249,49.9841],[19.6249,49.9845],[19.6233,49.9849],[19.6224,49.9847],[19.6212,49.9848],[19.6199,49.9846],[19.618,49.9839],[19.6178,49.9832],[19.6141,49.9822],[19.6106,49.9814],[19.6071,49.981],[19.6041,49.981],[19.6024,49.9814],[19.6007,49.9823],[19.601,49.9837],[19.6013,49.9841],[19.6024,49.9846],[19.6029,49.9844],[19.6039,49.9858],[19.6048,49.9883],[19.6047,49.99],[19.6039,49.99],[19.6032,49.9911],[19.6027,49.9929],[19.6027,49.9948],[19.603,49.9962],[19.6027,49.9978],[19.6021,49.9985],[19.6003,49.9996],[19.5998,50.0002],[19.5987,50.0005],[19.5968,50.0006],[19.5959,50.0004],[19.5953,49.9994],[19.5953,49.9987],[19.5949,49.9972],[19.5934,49.9979],[19.592,49.9973],[19.5921,49.9964],[19.5915,49.9951],[19.5922,49.9942],[19.592,49.993],[19.5916,49.9922],[19.5901,49.9914],[19.5921,49.9912],[19.5914,49.9891],[19.5891,49.9894],[19.5876,49.9894],[19.5854,49.9892],[19.5836,49.9892],[19.5821,49.9889],[19.5809,49.9889],[19.5793,49.9893],[19.5774,49.9904],[19.5762,49.9919],[19.5757,49.9929],[19.5747,49.9961],[19.5741,49.9968],[19.571,49.9989],[19.5706,49.999],[19.5671,50.0012],[19.5662,50.0019],[19.5651,50.0037],[19.5648,50.0048],[19.5648,50.0058],[19.5643,50.0075],[19.5621,50.0108],[19.5603,50.0121],[19.5612,50.0133],[19.561,50.0139],[19.5595,50.0154],[19.5584,50.0178],[19.5583,50.0188],[19.5593,50.0198],[19.5613,50.0202],[19.5642,50.0202],[19.566,50.0206],[19.5683,50.0208],[19.5703,50.0211],[19.572,50.0207],[19.5736,50.0208],[19.5751,50.0214],[19.5759,50.0214],[19.58,50.0208],[19.5826,50.0209],[19.5851,50.0213],[19.5867,50.0219],[19.5873,50.0235],[19.5889,50.0252],[19.5901,50.0258],[19.5906,50.0269],[19.5923,50.0284],[19.5935,50.029],[19.5951,50.0294],[19.5975,50.0307],[19.5977,50.0312],[19.5992,50.0315],[19.6014,50.0329],[19.6029,50.0332],[19.6052,50.0332],[19.6066,50.0343],[19.6094,50.0328],[19.6109,50.0325],[19.6133,50.0322],[19.6142,50.0322],[19.6181,50.0308],[19.6179,50.0296],[19.6229,50.0291],[19.6233,50.0297],[19.6249,50.0308],[19.6261,50.031],[19.6282,50.0326],[19.6282,50.0339],[19.629,50.0342],[19.6289,50.0355],[19.6275,50.036],[19.6278,50.0364],[19.6269,50.0381],[19.6262,50.0386],[19.6252,50.0388],[19.6235,50.0396],[19.6237,50.04],[19.6219,50.0404],[19.6212,50.0409],[19.6208,50.042],[19.62,50.0423],[19.6189,50.0439],[19.6179,50.0435],[19.6165,50.0445],[19.6164,50.0455],[19.6159,50.046],[19.614,50.0464],[19.6132,50.047],[19.6132,50.0475],[19.6124,50.0476],[19.6124,50.0483],[19.6115,50.0483],[19.61,50.0486],[19.6094,50.049],[19.6088,50.0485],[19.6075,50.0486],[19.6064,50.0493],[19.6069,50.0497],[19.6058,50.0509],[19.6059,50.0512],[19.606,50.0517],[19.6054,50.0523],[19.6061,50.0534],[19.6067,50.0537],[19.6071,50.0551],[19.6066,50.0556],[19.6066,50.0562],[19.606,50.0564],[19.6052,50.0575],[19.6055,50.0587],[19.6045,50.0591],[19.6055,50.0601],[19.6053,50.0624],[19.6042,50.0626],[19.6028,50.0633],[19.6013,50.0643],[19.6007,50.0643],[19.5998,50.0649],[19.5989,50.0659],[19.5982,50.0663],[19.5975,50.0678],[19.5975,50.0693],[19.5971,50.0707],[19.5964,50.0712],[19.5953,50.0715],[19.5952,50.072],[19.5941,50.0723],[19.5943,50.0728],[19.5933,50.0733],[19.5924,50.0734],[19.5913,50.0746],[19.5906,50.0746],[19.59,50.0757],[19.5878,50.0778],[19.5883,50.0788],[19.5873,50.0797],[19.5882,50.0809],[19.5885,50.0817],[19.586,50.084],[19.5825,50.0875],[19.5805,50.0893],[19.5788,50.0906],[19.5779,50.092],[19.5765,50.0929],[19.575,50.0935],[19.5742,50.0933],[19.5728,50.0937],[19.5708,50.095],[19.57,50.0958],[19.5672,50.0966],[19.5654,50.0968],[19.561,50.0986],[19.5589,50.0991],[19.5565,50.0991],[19.5541,50.0996],[19.5538,50.0991],[19.5519,50.0992],[19.5506,50.099],[19.5506,50.0998],[19.5502,50.1005],[19.5486,50.1023],[19.5472,50.1045],[19.5453,50.1066],[19.5442,50.1075],[19.5402,50.1103],[19.5392,50.1117],[19.5393,50.1131],[19.5396,50.1138],[19.5387,50.1154],[19.5393,50.1164],[19.5392,50.1171],[19.538,50.1176],[19.5366,50.1179],[19.5363,50.1183],[19.5379,50.1198],[19.5392,50.1208],[19.5392,50.1215],[19.5399,50.1221],[19.5401,50.1229],[19.5398,50.1237],[19.539,50.1245],[19.5366,50.1279],[19.5364,50.13],[19.5353,50.1306],[19.5343,50.1314],[19.5327,50.1335],[19.5322,50.1348],[19.5327,50.1355],[19.5328,50.1365],[19.5318,50.1376],[19.5319,50.1407],[19.533,50.1406],[19.5393,50.1406],[19.5434,50.1393],[19.5443,50.1392],[19.5464,50.1395],[19.5462,50.1402],[19.545,50.142],[19.5456,50.1438],[19.5447,50.1462],[19.5438,50.1467],[19.5426,50.1479],[19.543,50.1484],[19.5432,50.1502],[19.5427,50.1514],[19.5429,50.1521],[19.5426,50.153],[19.5433,50.1542],[19.5418,50.1547],[19.541,50.1604],[19.5382,50.1618],[19.537,50.1625],[19.5382,50.1634],[19.5386,50.1642],[19.5396,50.165],[19.5401,50.1662],[19.5415,50.1682],[19.5424,50.1699],[19.5464,50.1692],[19.5468,50.1693],[19.5492,50.1689],[19.5513,50.1683],[19.5523,50.1682],[19.5527,50.1687],[19.5549,50.1683],[19.5558,50.1683],[19.5558,50.1689],[19.5578,50.169],[19.5578,50.1694],[19.5595,50.1694],[19.5594,50.1703],[19.5599,50.1713],[19.5594,50.1717],[19.5579,50.1723],[19.5577,50.1732],[19.557,50.1739],[19.5548,50.1749],[19.5541,50.1749],[19.5532,50.1759],[19.5509,50.1777],[19.5492,50.1796],[19.548,50.1802],[19.5479,50.1811],[19.5471,50.1818],[19.5466,50.1829],[19.547,50.1837],[19.5466,50.1847],[19.5437,50.1856],[19.5405,50.1861],[19.5389,50.1873],[19.5375,50.1875],[19.5364,50.1872],[19.5342,50.1874],[19.5312,50.188],[19.5305,50.1884],[19.5286,50.1889],[19.5267,50.1887],[19.5258,50.1889],[19.5204,50.1886],[19.5212,50.189],[19.5219,50.19],[19.5232,50.1905],[19.5237,50.1916],[19.525,50.1925],[19.5277,50.1934],[19.5308,50.1939],[19.5318,50.1945],[19.5332,50.195],[19.5323,50.1955],[19.5312,50.1955],[19.5298,50.196],[19.529,50.197],[19.5272,50.1977],[19.5258,50.1978],[19.5247,50.1987],[19.5253,50.1997],[19.5253,50.2007],[19.5264,50.2008],[19.5289,50.2005],[19.5309,50.2007],[19.5326,50.2007],[19.5334,50.201],[19.5359,50.2011],[19.5387,50.2019],[19.5435,50.201],[19.5456,50.2007],[19.5474,50.2003],[19.549,50.2003],[19.5515,50.1997],[19.5524,50.2005],[19.5544,50.2002],[19.5588,50.2001],[19.5594,50.1999],[19.5631,50.1993],[19.5684,50.2007],[19.5716,50.2],[19.5741,50.1997],[19.5757,50.1994],[19.5783,50.2017],[19.5809,50.1998],[19.583,50.199],[19.5842,50.1997],[19.5862,50.1989],[19.5887,50.1981],[19.5881,50.1964],[19.5884,50.1943],[19.5894,50.1934],[19.5922,50.1924],[19.5952,50.1898],[19.5954,50.1895],[19.5984,50.1891],[19.6008,50.1891],[19.6021,50.1895],[19.6049,50.1899],[19.6051,50.1907],[19.607,50.1911],[19.6097,50.1919],[19.6115,50.1917],[19.6128,50.1912],[19.6141,50.1913],[19.6162,50.1918],[19.6186,50.1918],[19.6223,50.1923],[19.6277,50.1925],[19.6294,50.1919],[19.6316,50.1932],[19.6328,50.1936],[19.6348,50.1947],[19.636,50.1949],[19.6372,50.1957],[19.6385,50.1961],[19.64,50.1968],[19.6418,50.1969],[19.6424,50.198],[19.6447,50.1985],[19.6467,50.1993],[19.6481,50.2],[19.6476,50.2004],[19.6453,50.2033],[19.6449,50.2041],[19.6449,50.2051],[19.6446,50.2054],[19.6447,50.2073],[19.6444,50.2085],[19.6451,50.2093],[19.6463,50.2102],[19.6516,50.2135],[19.6534,50.2141],[19.6562,50.2152],[19.6566,50.2156],[19.6566,50.2164],[19.6561,50.219],[19.6564,50.2212],[19.657,50.2221],[19.6574,50.2232],[19.6574,50.2245],[19.6579,50.2259],[19.6604,50.2289],[19.6605,50.2294],[19.6614,50.2305],[19.6635,50.2325],[19.6688,50.231],[19.67,50.2325],[19.672,50.2342],[19.6735,50.236],[19.6759,50.2395],[19.678,50.2415],[19.6767,50.2425],[19.6783,50.2443],[19.681,50.2478],[19.6819,50.2493],[19.6834,50.2526],[19.684,50.2544],[19.6845,50.2551],[19.6824,50.2561],[19.6826,50.2568],[19.6818,50.2572],[19.6825,50.2582],[19.685,50.2581],[19.685,50.2597],[19.686,50.262],[19.686,50.2628],[19.6848,50.263],[19.6834,50.263],[19.6817,50.2633],[19.6778,50.2644],[19.6768,50.265],[19.6758,50.2651],[19.6746,50.266],[19.6747,50.2665],[19.6741,50.2674],[19.6734,50.269],[19.6736,50.2709],[19.6733,50.273],[19.6736,50.2734],[19.6731,50.2745],[19.6732,50.2767],[19.6735,50.2773],[19.6752,50.2792],[19.6766,50.2811],[19.6779,50.2825],[19.6774,50.2833],[19.6774,50.2842],[19.6777,50.2857],[19.6777,50.2878],[19.6772,50.2888],[19.677,50.2902],[19.6764,50.292],[19.6758,50.2932],[19.6748,50.2947],[19.6738,50.2959],[19.6729,50.2967],[19.6755,50.2971],[19.679,50.297],[19.6804,50.2972],[19.6812,50.297],[19.683,50.2971],[19.6852,50.2959],[19.6863,50.2961],[19.6875,50.296],[19.6879,50.2954],[19.6894,50.2951],[19.6909,50.2954],[19.6909,50.2961],[19.6916,50.2971],[19.6936,50.2972],[19.6941,50.2982],[19.6959,50.2981],[19.6981,50.2983],[19.7004,50.2992],[19.7008,50.2997],[19.7041,50.2996],[19.707,50.298],[19.7071,50.2976],[19.708,50.297],[19.7104,50.2964],[19.7125,50.2949],[19.713,50.2947],[19.7126,50.2939],[19.7128,50.2932],[19.7135,50.2932],[19.7153,50.2928],[19.7165,50.2928],[19.7182,50.2924],[19.7193,50.2929],[19.7203,50.293],[19.722,50.2926],[19.7232,50.2925],[19.7289,50.2925],[19.7307,50.2922],[19.7317,50.2918],[19.7335,50.2915],[19.7353,50.2914],[19.7381,50.2909],[19.7393,50.2909],[19.7402,50.2906],[19.7415,50.2898],[19.7436,50.289],[19.7455,50.2885],[19.7468,50.2886],[19.7474,50.2895],[19.7482,50.29],[19.7497,50.2915],[19.7506,50.2913],[19.7535,50.2899],[19.7556,50.2892],[19.7541,50.2867],[19.7525,50.285],[19.7537,50.2844],[19.7562,50.2828],[19.7591,50.2819],[19.7603,50.2811],[19.7622,50.2804],[19.7642,50.2799],[19.7652,50.2795],[19.7693,50.2783],[19.7709,50.2777],[19.7776,50.2761],[19.7746,50.2714],[19.7773,50.2713],[19.7792,50.2711],[19.7807,50.2711],[19.7828,50.2706],[19.7855,50.2702],[19.786,50.2706],[19.7894,50.2703],[19.7894,50.2732],[19.7935,50.2736],[19.7946,50.2719],[19.7957,50.2709],[19.7967,50.2705],[19.7979,50.2705],[19.7993,50.2698],[19.8024,50.2691],[19.8027,50.27],[19.8042,50.2697],[19.8051,50.2722],[19.8077,50.2724],[19.8093,50.2746],[19.8099,50.275],[19.8126,50.2781],[19.815,50.2772],[19.8153,50.2757],[19.8164,50.2747],[19.8171,50.2731],[19.8181,50.2725],[19.82,50.2721],[19.8231,50.2713],[19.825,50.2706],[19.8254,50.2696],[19.8265,50.2679],[19.8269,50.2666],[19.8285,50.2655],[19.83,50.2648],[19.8327,50.2638],[19.8342,50.2635],[19.8343,50.2621],[19.8337,50.2603],[19.8338,50.2587],[19.8378,50.2582],[19.8375,50.2579],[19.8375,50.251],[19.8407,50.2511],[19.8407,50.2502],[19.8427,50.2502],[19.8439,50.25],[19.8461,50.2499],[19.8469,50.2494],[19.847,50.2522],[19.8477,50.2529],[19.8477,50.2538],[19.848,50.2569],[19.8503,50.2568],[19.8512,50.2575],[19.8525,50.2593],[19.8542,50.2603],[19.8552,50.2611],[19.8579,50.2638],[19.8594,50.265],[19.8607,50.2663],[19.8638,50.2684],[19.8661,50.2696],[19.8684,50.272],[19.8687,50.2727],[19.87,50.2741],[19.8712,50.2756],[19.8715,50.2763],[19.8733,50.2785],[19.8757,50.2777],[19.8751,50.2767],[19.879,50.275],[19.8771,50.2719],[19.8836,50.2701],[19.8855,50.2697],[19.8887,50.2688],[19.8882,50.2667],[19.8887,50.2665],[19.8936,50.2655],[19.894,50.2674],[19.8945,50.2688],[19.8954,50.2702],[19.8971,50.2716],[19.8986,50.2731],[19.9005,50.2742],[19.9013,50.2753],[19.9014,50.2761],[19.9023,50.2759],[19.9069,50.2762],[19.9079,50.277],[19.9105,50.2787],[19.9113,50.2802],[19.9142,50.2792],[19.9152,50.2782],[19.9168,50.2776],[19.9189,50.2773],[19.9222,50.2765],[19.9238,50.2759],[19.9288,50.2749],[19.9305,50.2748],[19.9316,50.2751],[19.9325,50.2744],[19.9334,50.274],[19.9345,50.273],[19.9308,50.2721],[19.9299,50.2718],[19.9296,50.2713],[19.9284,50.2705],[19.928,50.27],[19.925,50.2708],[19.923,50.2692],[19.9223,50.2674],[19.9221,50.2664],[19.9223,50.266],[19.9222,50.2646],[19.9219,50.2633],[19.9211,50.2613],[19.9199,50.2612],[19.92,50.2608],[19.9209,50.2604],[19.9205,50.2597],[19.925,50.2589],[19.926,50.2603],[19.9283,50.2632],[19.9294,50.2638],[19.9311,50.264],[19.934,50.2639],[19.9355,50.2637],[19.9354,50.2642],[19.9382,50.2644],[19.9399,50.266],[19.9404,50.2674],[19.9413,50.2684],[19.9403,50.2704],[19.9413,50.2708],[19.9425,50.2736],[19.9425,50.2755],[19.9422,50.2757],[19.9422,50.2772],[19.9419,50.2778],[19.9419,50.279],[19.9427,50.2805],[19.9449,50.2804],[19.9455,50.282],[19.9461,50.2823],[19.9475,50.2825],[19.9513,50.2828],[19.9553,50.2826],[19.9561,50.283],[19.9584,50.2832],[19.9592,50.2835],[19.9595,50.2828],[19.9595,50.2819],[19.9612,50.281],[19.9634,50.2806],[19.9662,50.281],[19.9675,50.281],[19.9684,50.2813],[19.9703,50.2816],[19.9737,50.2816],[19.9768,50.2819],[19.9787,50.2818],[19.9817,50.2818],[19.9822,50.2819],[19.9849,50.2816],[19.9869,50.2815],[19.9909,50.2809],[19.9938,50.2801],[19.9951,50.28],[19.9954,50.2822],[19.9957,50.2827],[19.9995,50.2833],[20.0032,50.2844],[20.0044,50.2857],[20.0057,50.2856],[20.0072,50.286],[20.01,50.2863],[20.0119,50.2869],[20.014,50.2878],[20.0146,50.2882],[20.0166,50.2889],[20.0177,50.29],[20.0178,50.291],[20.0185,50.2935],[20.0225,50.2933],[20.0225,50.2941],[20.0259,50.294],[20.0285,50.2938],[20.0316,50.2937],[20.0319,50.2929],[20.0343,50.2928],[20.0353,50.2932],[20.0375,50.2937],[20.0384,50.2943],[20.0392,50.2941],[20.0405,50.2945],[20.0424,50.296],[20.0424,50.2964],[20.0452,50.2975],[20.0459,50.2975],[20.0469,50.2983],[20.0489,50.2979],[20.0502,50.2978],[20.0569,50.2967],[20.0634,50.2958],[20.0663,50.2953],[20.0696,50.2949],[20.0707,50.2945],[20.0721,50.2937],[20.073,50.2946],[20.0742,50.2942],[20.0765,50.2965],[20.078,50.2982],[20.0812,50.2977],[20.0842,50.2971],[20.0849,50.2977],[20.0858,50.2979],[20.0888,50.2976],[20.0938,50.2973],[20.0964,50.297],[20.0972,50.3013],[20.0976,50.3027],[20.0978,50.3043],[20.0962,50.304],[20.093,50.3036],[20.0902,50.3039],[20.0881,50.3045],[20.0884,50.3052],[20.0891,50.3055],[20.0901,50.3066],[20.0911,50.3067],[20.0925,50.3072],[20.0934,50.3081],[20.0944,50.3078],[20.095,50.3083],[20.0961,50.3075],[20.101,50.3081],[20.1078,50.309],[20.1094,50.3091],[20.1136,50.3097],[20.1173,50.3101],[20.1167,50.3122],[20.117,50.3124],[20.1198,50.3123],[20.1221,50.3147],[20.1257,50.3132],[20.1249,50.3115],[20.1244,50.3097],[20.1234,50.3087],[20.1216,50.3056],[20.1211,50.3057],[20.118,50.3057],[20.1148,50.3058],[20.1137,50.306],[20.1122,50.3069],[20.1102,50.3056],[20.1095,50.3043],[20.1095,50.3033],[20.11,50.3026],[20.1115,50.3014],[20.1137,50.3015],[20.1145,50.3021],[20.1147,50.3027],[20.1158,50.3037],[20.1188,50.3036],[20.1208,50.3032],[20.1206,50.304],[20.1214,50.3052],[20.1235,50.3044],[20.1309,50.3011],[20.1311,50.3021],[20.1302,50.3039],[20.1309,50.3043],[20.1335,50.3038],[20.1425,50.3016],[20.1433,50.2999],[20.1445,50.2966],[20.1465,50.2961],[20.1482,50.2963],[20.1494,50.2959],[20.1504,50.2998],[20.1547,50.3],[20.155,50.2997],[20.1553,50.2974],[20.1564,50.2976],[20.1578,50.2974],[20.1598,50.2963],[20.1608,50.2966],[20.1605,50.2973],[20.1609,50.2977],[20.1619,50.2974],[20.163,50.2968],[20.1637,50.2956],[20.1638,50.2945],[20.165,50.2945],[20.1666,50.2942],[20.1668,50.2939],[20.1698,50.2931],[20.1701,50.2932],[20.1728,50.2921],[20.1742,50.2901],[20.1758,50.29],[20.1769,50.2902],[20.177,50.2896],[20.1779,50.2892],[20.178,50.2885],[20.1772,50.2879],[20.1767,50.2868],[20.1762,50.2865],[20.1766,50.284],[20.1773,50.2836],[20.1748,50.2835],[20.1749,50.2829],[20.1737,50.2829],[20.1735,50.28],[20.1732,50.2784],[20.1734,50.2759],[20.1727,50.2756],[20.1699,50.2754],[20.1654,50.2749],[20.163,50.2747],[20.1632,50.274],[20.1629,50.2728],[20.1611,50.2731],[20.1583,50.2731],[20.1578,50.273],[20.1566,50.2717],[20.153,50.2717],[20.151,50.2718],[20.1497,50.2717],[20.1479,50.272],[20.1466,50.272],[20.1445,50.2723],[20.1434,50.2722],[20.1428,50.2716],[20.1382,50.2718],[20.138,50.2705],[20.1353,50.2687],[20.1349,50.2683],[20.1325,50.2668],[20.1317,50.266],[20.131,50.2644],[20.1298,50.2632],[20.127,50.2613],[20.1262,50.2604],[20.1269,50.2588],[20.1286,50.257],[20.1297,50.2563],[20.1312,50.2557],[20.1308,50.2545],[20.1322,50.2534],[20.1333,50.2523],[20.1333,50.2511],[20.1326,50.2498],[20.1324,50.2489],[20.1329,50.2462],[20.1337,50.2445],[20.1344,50.2437],[20.135,50.2419],[20.1359,50.2414],[20.1371,50.2411],[20.1377,50.2406],[20.1419,50.2396],[20.1429,50.2386],[20.1452,50.2377],[20.1455,50.2364],[20.1454,50.2338],[20.1468,50.2337],[20.1495,50.2331],[20.1514,50.2312],[20.1533,50.2306],[20.1534,50.2297],[20.1541,50.2268],[20.1553,50.2267],[20.1563,50.2271],[20.1576,50.2268],[20.1586,50.2273],[20.1606,50.2276],[20.1616,50.228],[20.1629,50.2281],[20.1634,50.2284],[20.1651,50.2284],[20.1651,50.2281],[20.1665,50.2273],[20.1676,50.2275],[20.169,50.2271],[20.1687,50.2266],[20.1724,50.2248],[20.1729,50.2256],[20.1736,50.2259],[20.176,50.2261],[20.1768,50.226],[20.1785,50.225],[20.178,50.2239],[20.1772,50.2239],[20.1746,50.2229],[20.1724,50.2219],[20.1714,50.2223],[20.1674,50.2229],[20.1667,50.2231],[20.1633,50.2236],[20.1626,50.2226],[20.1622,50.2216],[20.1613,50.2208],[20.1607,50.2199],[20.1589,50.2179],[20.1576,50.2149],[20.1572,50.2119],[20.157,50.2118],[20.1567,50.2098],[20.1568,50.2079],[20.1565,50.2074],[20.1563,50.2059],[20.1557,50.2042],[20.1566,50.204],[20.1569,50.2048],[20.1577,50.2043],[20.1597,50.2039],[20.1596,50.2035],[20.162,50.2033],[20.1634,50.2028],[20.1656,50.2026],[20.1654,50.2015],[20.1661,50.2015],[20.1658,50.2003],[20.1651,50.1988],[20.1645,50.1985],[20.165,50.1964],[20.1646,50.1958],[20.1648,50.1952],[20.1671,50.1934],[20.1677,50.1926],[20.1685,50.1923],[20.1708,50.1925],[20.1729,50.1929],[20.1721,50.192],[20.1716,50.1908],[20.1749,50.1908],[20.1744,50.1896],[20.1741,50.1883],[20.1749,50.1868],[20.1723,50.1862],[20.1705,50.1859],[20.1704,50.1845],[20.17,50.1844],[20.1666,50.1844],[20.1652,50.1821],[20.1622,50.1807],[20.1608,50.1797],[20.1614,50.1787],[20.1625,50.1779],[20.1639,50.1772],[20.1649,50.1761],[20.1653,50.1752],[20.1682,50.1756],[20.1686,50.175],[20.1687,50.1736],[20.1698,50.1704],[20.1696,50.1688],[20.1678,50.168],[20.1667,50.1682],[20.1641,50.167],[20.162,50.1654],[20.1599,50.165],[20.1574,50.1636],[20.1564,50.1637],[20.1561,50.1633],[20.1542,50.1631],[20.1524,50.162],[20.1481,50.1621],[20.1478,50.1619],[20.1471,50.1587],[20.1459,50.1576],[20.1456,50.1563],[20.146,50.155],[20.151,50.1557],[20.1526,50.1557],[20.155,50.1551],[20.1558,50.1547],[20.1602,50.1536],[20.1609,50.1514],[20.1631,50.1514],[20.1641,50.1512],[20.1657,50.1512],[20.1661,50.1508],[20.1686,50.1503],[20.1705,50.1498],[20.1762,50.1498],[20.1776,50.1496],[20.1777,50.1489],[20.1797,50.1485],[20.1815,50.1484],[20.1812,50.1472],[20.1803,50.1473],[20.1803,50.1459],[20.1811,50.1441],[20.1837,50.1438],[20.1856,50.1434],[20.1882,50.143],[20.1891,50.143],[20.1892,50.1419],[20.1905,50.1389],[20.191,50.1384],[20.192,50.1366],[20.1931,50.136],[20.1947,50.1337],[20.1956,50.1334],[20.1961,50.1329],[20.1972,50.1326],[20.1995,50.1326],[20.1995,50.134],[20.2016,50.134],[20.2021,50.1336],[20.2023,50.1327],[20.2032,50.1323],[20.2045,50.1297],[20.2045,50.1289],[20.2038,50.1281],[20.2042,50.1274],[20.2026,50.1273],[20.2015,50.1255],[20.2018,50.1245],[20.2014,50.1226],[20.2017,50.1214],[20.2013,50.1204],[20.2003,50.1202],[20.199,50.1206],[20.1978,50.1196],[20.1962,50.1197],[20.1959,50.1186],[20.1936,50.1192],[20.193,50.1197],[20.191,50.1191],[20.1898,50.1178],[20.1871,50.1183],[20.1859,50.1174],[20.1854,50.1168],[20.1825,50.1178],[20.1816,50.1166],[20.1798,50.1172],[20.1788,50.1183],[20.1762,50.1194],[20.1749,50.1198],[20.1742,50.119],[20.1731,50.119],[20.1724,50.1204],[20.1684,50.1204],[20.1658,50.1205],[20.1658,50.1215],[20.16,50.1215],[20.1591,50.1216],[20.1591,50.1207],[20.1582,50.1202],[20.1563,50.1186],[20.1543,50.1194],[20.1529,50.1188],[20.1527,50.1182],[20.1519,50.1173],[20.1502,50.1162],[20.1468,50.1143],[20.1452,50.1124],[20.1444,50.1109],[20.1436,50.1084],[20.1431,50.1065],[20.1391,50.1065],[20.1379,50.1068],[20.1337,50.1069],[20.1316,50.1068],[20.1311,50.107],[20.1283,50.1072],[20.1268,50.1075],[20.1242,50.1083],[20.1229,50.1085],[20.1208,50.1085],[20.1208,50.1104],[20.1203,50.1138],[20.1203,50.1154],[20.12,50.1165],[20.1153,50.117],[20.1114,50.1169],[20.1113,50.1165],[20.1084,50.1167],[20.1058,50.1173],[20.0983,50.1188],[20.0962,50.1193],[20.0959,50.1186],[20.0951,50.1178],[20.0942,50.1163],[20.0941,50.1148],[20.091,50.1139],[20.0891,50.1135],[20.0882,50.1135],[20.088,50.1114],[20.0853,50.1115],[20.0843,50.1112],[20.0841,50.1102],[20.0837,50.1098],[20.0823,50.1097],[20.0793,50.1087],[20.0784,50.1083],[20.0771,50.1083],[20.0761,50.1093],[20.0755,50.1095],[20.0776,50.1115],[20.0787,50.112],[20.079,50.1124],[20.0769,50.1129],[20.075,50.1129],[20.0736,50.1127],[20.0703,50.1127],[20.0702,50.1139],[20.0664,50.114],[20.0638,50.1134],[20.0616,50.1135],[20.0618,50.1143],[20.0585,50.1147],[20.0578,50.1136],[20.0564,50.1126],[20.0554,50.1126],[20.0539,50.1129],[20.0524,50.112],[20.0519,50.1106],[20.0501,50.1103],[20.0493,50.1097],[20.0474,50.1096],[20.0465,50.1098],[20.0455,50.1112],[20.0448,50.1105],[20.0442,50.1107],[20.0422,50.1127],[20.0419,50.1135],[20.0386,50.1132],[20.037,50.1127],[20.0372,50.1119],[20.0368,50.1111],[20.036,50.1102],[20.0352,50.11],[20.0358,50.1086],[20.034,50.1087],[20.0316,50.1079],[20.03,50.1059],[20.028,50.1058],[20.0275,50.1044],[20.0242,50.1039],[20.0238,50.1043],[20.0221,50.1052],[20.0184,50.1063],[20.0153,50.1067],[20.0132,50.1067],[20.009,50.107],[20.0063,50.1071],[20.0028,50.1071],[20.0023,50.1072],[19.9965,50.1072],[19.9932,50.1068],[19.9907,50.1061],[19.9894,50.1053],[19.9883,50.1053],[19.9867,50.1048],[19.9845,50.1051],[19.9826,50.1055],[19.9815,50.1055],[19.9807,50.105],[19.9792,50.1058],[19.9777,50.1058],[19.9753,50.1065],[19.9721,50.1068],[19.9703,50.1073],[19.9676,50.1088],[19.9658,50.1092],[19.9633,50.1102],[19.9616,50.109],[19.9603,50.1084],[19.9581,50.1083],[19.9573,50.1094],[19.9574,50.1106],[19.956,50.1105],[19.955,50.1115],[19.9537,50.1125],[19.9514,50.1139],[19.9492,50.116],[19.9483,50.1172],[19.9474,50.1193],[19.9442,50.119],[19.9434,50.1188],[19.9419,50.119],[19.9402,50.1189],[19.9398,50.1169],[19.94,50.1162],[19.9369,50.1159],[19.9353,50.1155],[19.9354,50.1152],[19.9329,50.1145],[19.9311,50.1142],[19.9297,50.1142],[19.9277,50.1135],[19.9273,50.1146],[19.9259,50.1144],[19.925,50.114],[19.9257,50.1125],[19.9253,50.1117],[19.9245,50.1113]]],[[[20.2091,50.1156],[20.2107,50.1155],[20.2125,50.1144],[20.2194,50.1125],[20.222,50.1122],[20.2238,50.1116],[20.2266,50.1115],[20.2282,50.1112],[20.2346,50.111],[20.2359,50.1122],[20.236,50.1131],[20.2376,50.113],[20.2401,50.1135],[20.242,50.1141],[20.2434,50.115],[20.2452,50.1156],[20.2466,50.1153],[20.2476,50.1137],[20.2486,50.1139],[20.2501,50.1128],[20.2504,50.1123],[20.2513,50.1125],[20.2503,50.1133],[20.2511,50.1138],[20.2499,50.1149],[20.2497,50.1154],[20.2512,50.1154],[20.252,50.1156],[20.2527,50.1162],[20.2549,50.1176],[20.2566,50.1185],[20.2576,50.1188],[20.2588,50.1184],[20.2606,50.1185],[20.2636,50.1184],[20.2646,50.1176],[20.2648,50.1161],[20.2659,50.1163],[20.2655,50.117],[20.2668,50.1181],[20.2653,50.1201],[20.2639,50.1199],[20.2628,50.1201],[20.2634,50.1223],[20.2647,50.1247],[20.265,50.125],[20.2656,50.1269],[20.2658,50.1289],[20.2662,50.1302],[20.2663,50.1327],[20.266,50.1345],[20.2698,50.1343],[20.2719,50.1339],[20.2723,50.133],[20.2735,50.1322],[20.2748,50.1318],[20.2774,50.1306],[20.2784,50.1304],[20.2791,50.1309],[20.2778,50.1339],[20.2784,50.1341],[20.2793,50.1349],[20.2789,50.1367],[20.2793,50.137],[20.2794,50.1402],[20.2799,50.1404],[20.281,50.1428],[20.2814,50.1431],[20.2817,50.1441],[20.2827,50.1461],[20.2826,50.1471],[20.282,50.1486],[20.2806,50.1497],[20.2803,50.1504],[20.2791,50.1513],[20.2798,50.1518],[20.2784,50.1522],[20.2785,50.1525],[20.2779,50.1536],[20.2777,50.1549],[20.2766,50.1574],[20.2768,50.1584],[20.2801,50.1585],[20.2811,50.1581],[20.283,50.1585],[20.2844,50.1593],[20.2855,50.1571],[20.2868,50.1565],[20.2869,50.1562],[20.2894,50.1554],[20.2905,50.156],[20.2929,50.1564],[20.2948,50.1564],[20.2961,50.1562],[20.2983,50.1553],[20.2993,50.1552],[20.3029,50.1552],[20.3028,50.156],[20.3052,50.1559],[20.3062,50.1553],[20.3065,50.1547],[20.3081,50.155],[20.3091,50.1549],[20.3109,50.1555],[20.3104,50.1561],[20.3101,50.1572],[20.3118,50.1574],[20.3117,50.1583],[20.3134,50.1589],[20.3133,50.1601],[20.3166,50.1605],[20.3178,50.1604],[20.3191,50.1599],[20.319,50.1594],[20.3226,50.159],[20.3245,50.1578],[20.3244,50.157],[20.3263,50.1542],[20.3271,50.1543],[20.3276,50.1538],[20.3274,50.1518],[20.3283,50.1499],[20.3286,50.1489],[20.3293,50.1486],[20.3324,50.1455],[20.3302,50.1443],[20.3292,50.1444],[20.3281,50.1433],[20.326,50.142],[20.324,50.1404],[20.3228,50.1391],[20.3225,50.1381],[20.3216,50.1369],[20.3209,50.1369],[20.3187,50.1374],[20.3191,50.1364],[20.3191,50.1347],[20.3194,50.1335],[20.3189,50.132],[20.3194,50.1306],[20.3197,50.1288],[20.321,50.1272],[20.321,50.1263],[20.3218,50.1243],[20.322,50.1233],[20.3218,50.1223],[20.3246,50.122],[20.3261,50.122],[20.3275,50.1223],[20.3297,50.1223],[20.3324,50.1218],[20.3336,50.1221],[20.3366,50.1222],[20.3387,50.1226],[20.34,50.1223],[20.3413,50.1223],[20.3467,50.1205],[20.3495,50.1201],[20.3523,50.118],[20.3538,50.1171],[20.3527,50.1166],[20.3491,50.1145],[20.3477,50.1139],[20.3452,50.1131],[20.3429,50.1125],[20.3415,50.1118],[20.3405,50.1111],[20.3399,50.1098],[20.3406,50.108],[20.3432,50.1059],[20.3453,50.1044],[20.3473,50.1024],[20.3478,50.1017],[20.3483,50.0999],[20.3484,50.0992],[20.3482,50.0975],[20.3473,50.096],[20.3445,50.0939],[20.342,50.0927],[20.3396,50.0919],[20.337,50.0915],[20.3355,50.0914],[20.333,50.0916],[20.3314,50.0919],[20.3268,50.0933],[20.3235,50.094],[20.3205,50.0942],[20.3162,50.0941],[20.3139,50.0943],[20.3117,50.0948],[20.3042,50.0968],[20.2993,50.0979],[20.2978,50.0979],[20.2957,50.0975],[20.2943,50.0968],[20.2929,50.0956],[20.2922,50.0946],[20.2918,50.0936],[20.2917,50.0925],[20.292,50.0907],[20.2918,50.0884],[20.2908,50.086],[20.2901,50.0851],[20.2887,50.0837],[20.2862,50.0819],[20.2835,50.0804],[20.2807,50.0792],[20.2791,50.0784],[20.2748,50.0768],[20.2717,50.0761],[20.2693,50.0762],[20.2654,50.0762],[20.2628,50.0758],[20.2612,50.0753],[20.2596,50.0746],[20.2582,50.0735],[20.2566,50.0714],[20.2562,50.0684],[20.2556,50.0671],[20.2549,50.0662],[20.2539,50.0655],[20.2526,50.0651],[20.2508,50.065],[20.2484,50.0655],[20.242,50.068],[20.2403,50.0685],[20.2389,50.0687],[20.2367,50.0686],[20.2356,50.0684],[20.2342,50.0678],[20.2329,50.0667],[20.2321,50.0656],[20.2307,50.0623],[20.2302,50.0614],[20.2286,50.0592],[20.2269,50.0575],[20.2255,50.0566],[20.2239,50.0558],[20.2223,50.0552],[20.2201,50.0546],[20.2173,50.0534],[20.2149,50.0553],[20.2139,50.0563],[20.2126,50.0573],[20.2104,50.06],[20.2071,50.0644],[20.2064,50.065],[20.2056,50.0652],[20.2043,50.065],[20.2026,50.0658],[20.1992,50.067],[20.199,50.0682],[20.1985,50.0686],[20.1965,50.0695],[20.1941,50.07],[20.193,50.0705],[20.1928,50.0711],[20.193,50.0723],[20.1952,50.074],[20.1996,50.0742],[20.1994,50.0749],[20.1972,50.0756],[20.1969,50.0761],[20.1958,50.0762],[20.1955,50.0767],[20.1955,50.0781],[20.1946,50.0782],[20.1946,50.0788],[20.1936,50.0791],[20.1928,50.0798],[20.1924,50.0807],[20.1919,50.0807],[20.1911,50.0815],[20.1904,50.0816],[20.1898,50.0823],[20.19,50.084],[20.1895,50.0846],[20.1883,50.0852],[20.1861,50.0852],[20.1851,50.0856],[20.1849,50.0861],[20.1892,50.0864],[20.1906,50.0871],[20.1921,50.0873],[20.1928,50.0877],[20.1926,50.0889],[20.1917,50.0916],[20.1916,50.0948],[20.1918,50.0959],[20.1916,50.0974],[20.1921,50.0995],[20.1922,50.1006],[20.1928,50.1019],[20.1932,50.1034],[20.1949,50.1053],[20.1953,50.106],[20.1954,50.107],[20.1961,50.1083],[20.1977,50.1084],[20.1988,50.1092],[20.2,50.1098],[20.2009,50.11],[20.2016,50.1108],[20.2024,50.1112],[20.205,50.1111],[20.2055,50.1121],[20.2091,50.1156]]]]}},{"type":"Feature","id":"powiat-limanowski","properties":{"slug":"powiat-limanowski","name":"powiat limanowski"},"geometry":{"type":"Polygon","coordinates":[[[20.1753,49.8045],[20.1757,49.8047],[20.1768,49.8048],[20.1773,49.8053],[20.1783,49.8055],[20.1789,49.8061],[20.1807,49.806],[20.1827,49.806],[20.1857,49.8048],[20.1902,49.8044],[20.1917,49.8049],[20.194,49.8053],[20.1964,49.8061],[20.1977,49.8073],[20.1985,49.8083],[20.1994,49.8088],[20.2023,49.8087],[20.2057,49.8079],[20.2065,49.8075],[20.2067,49.8074],[20.2078,49.8076],[20.2094,49.8076],[20.213,49.8078],[20.2135,49.8074],[20.2144,49.8077],[20.2148,49.8079],[20.2146,49.8088],[20.2135,49.8088],[20.2124,49.8093],[20.2118,49.8099],[20.211,49.8101],[20.2109,49.8108],[20.2103,49.8115],[20.2107,49.8118],[20.2106,49.8122],[20.2097,49.8128],[20.2107,49.8132],[20.2116,49.8135],[20.2131,49.8145],[20.213,49.8155],[20.2136,49.816],[20.2152,49.8166],[20.2175,49.8168],[20.2194,49.8175],[20.222,49.818],[20.2215,49.8185],[20.2232,49.8187],[20.2226,49.8208],[20.221,49.822],[20.2216,49.8226],[20.2222,49.8227],[20.2235,49.8235],[20.224,49.8227],[20.2253,49.8235],[20.2268,49.824],[20.2289,49.8241],[20.2303,49.8239],[20.2303,49.8228],[20.2324,49.8231],[20.2343,49.8231],[20.2349,49.8243],[20.2357,49.8246],[20.2373,49.8246],[20.2395,49.8256],[20.2414,49.8261],[20.242,49.827],[20.2433,49.8277],[20.2433,49.8281],[20.2434,49.8287],[20.2443,49.8295],[20.2463,49.829],[20.2483,49.8293],[20.2496,49.8289],[20.2507,49.8289],[20.2516,49.8286],[20.2526,49.8297],[20.2544,49.8298],[20.2566,49.8301],[20.2566,49.8304],[20.2583,49.8309],[20.2594,49.8312],[20.2606,49.8311],[20.2603,49.8301],[20.2598,49.8294],[20.261,49.8286],[20.2634,49.8264],[20.2653,49.8251],[20.266,49.8221],[20.2667,49.8212],[20.267,49.8205],[20.268,49.8201],[20.2692,49.8201],[20.2704,49.8192],[20.2726,49.8182],[20.2729,49.8161],[20.2739,49.8156],[20.2723,49.8152],[20.2714,49.814],[20.2719,49.8132],[20.2753,49.812],[20.2771,49.8112],[20.2772,49.8102],[20.2776,49.8093],[20.279,49.8088],[20.2791,49.8083],[20.2805,49.8077],[20.2815,49.8075],[20.2822,49.8079],[20.2845,49.808],[20.2857,49.8074],[20.2866,49.8073],[20.2887,49.8064],[20.2889,49.806],[20.2902,49.8057],[20.2917,49.806],[20.293,49.806],[20.2935,49.8063],[20.2952,49.8063],[20.296,49.8072],[20.2987,49.8076],[20.2993,49.8081],[20.2995,49.8089],[20.2991,49.8095],[20.3,49.8105],[20.3003,49.8114],[20.3012,49.8121],[20.3025,49.8126],[20.3028,49.8131],[20.304,49.8135],[20.3059,49.8124],[20.3067,49.8128],[20.3085,49.8129],[20.3117,49.8137],[20.3129,49.8142],[20.3138,49.815],[20.3156,49.8159],[20.3161,49.8166],[20.316,49.8174],[20.3152,49.8178],[20.3152,49.8183],[20.3145,49.8186],[20.3142,49.8195],[20.3132,49.8205],[20.3138,49.8209],[20.3138,49.8214],[20.3148,49.8227],[20.3145,49.8232],[20.3157,49.8233],[20.3162,49.8223],[20.3175,49.8224],[20.3182,49.822],[20.3203,49.8214],[20.3203,49.8204],[20.3218,49.8202],[20.3241,49.8192],[20.3255,49.8189],[20.3266,49.819],[20.3296,49.8188],[20.3301,49.8184],[20.3303,49.8176],[20.3316,49.8176],[20.3352,49.8168],[20.3364,49.8168],[20.3393,49.8163],[20.341,49.8163],[20.3436,49.8157],[20.3436,49.8151],[20.3422,49.8144],[20.3417,49.8139],[20.3427,49.8133],[20.3426,49.8128],[20.3441,49.8122],[20.3453,49.8122],[20.3462,49.8119],[20.348,49.8119],[20.3489,49.8115],[20.3498,49.8116],[20.3511,49.8113],[20.3521,49.8113],[20.3511,49.8102],[20.35,49.8094],[20.3496,49.8087],[20.3471,49.8074],[20.3474,49.8062],[20.3483,49.8051],[20.3489,49.8047],[20.351,49.8042],[20.3503,49.8036],[20.3501,49.8029],[20.3492,49.8028],[20.349,49.8019],[20.3497,49.8017],[20.3496,49.8011],[20.3502,49.8007],[20.3502,49.8001],[20.3511,49.7999],[20.3515,49.7992],[20.3513,49.7988],[20.3522,49.7984],[20.3529,49.7967],[20.3527,49.7954],[20.3522,49.7942],[20.351,49.7937],[20.3529,49.7933],[20.3528,49.7914],[20.3531,49.791],[20.3521,49.79],[20.3515,49.7884],[20.3546,49.7861],[20.3558,49.7855],[20.3569,49.7847],[20.358,49.7844],[20.3597,49.7832],[20.36,49.7823],[20.3609,49.7817],[20.3618,49.7807],[20.3623,49.7808],[20.3634,49.7799],[20.3641,49.7789],[20.3655,49.7787],[20.3663,49.7788],[20.3684,49.7794],[20.37,49.7795],[20.3733,49.779],[20.3739,49.7791],[20.3754,49.7803],[20.3762,49.7802],[20.3765,49.7812],[20.3783,49.7813],[20.3805,49.7816],[20.3817,49.7809],[20.3836,49.7802],[20.385,49.7802],[20.3861,49.7795],[20.3854,49.779],[20.385,49.7779],[20.3862,49.7776],[20.3862,49.7773],[20.3879,49.7774],[20.3882,49.7785],[20.389,49.7786],[20.3922,49.7785],[20.3933,49.7788],[20.3946,49.7796],[20.3996,49.7802],[20.4005,49.7801],[20.4027,49.7802],[20.4055,49.7818],[20.4092,49.7831],[20.4114,49.7842],[20.4127,49.7847],[20.4149,49.7849],[20.4174,49.7848],[20.4184,49.7844],[20.4207,49.7838],[20.4219,49.7839],[20.4238,49.7838],[20.4251,49.7839],[20.4267,49.7845],[20.4286,49.7842],[20.4293,49.7839],[20.4304,49.7839],[20.4336,49.7847],[20.4363,49.7846],[20.4371,49.7847],[20.44,49.7847],[20.4405,49.7848],[20.4438,49.7848],[20.4449,49.7845],[20.4459,49.7845],[20.447,49.7842],[20.4484,49.7835],[20.452,49.7822],[20.4533,49.7822],[20.4549,49.7819],[20.4564,49.7818],[20.4591,49.7813],[20.4611,49.7811],[20.4629,49.7811],[20.4637,49.7809],[20.4672,49.781],[20.4681,49.7808],[20.4699,49.78],[20.4709,49.7803],[20.4704,49.7806],[20.4704,49.7818],[20.4698,49.782],[20.4696,49.784],[20.4719,49.7847],[20.4742,49.7851],[20.4758,49.7883],[20.4766,49.7896],[20.4764,49.7904],[20.4771,49.7907],[20.4768,49.792],[20.4759,49.7926],[20.4758,49.793],[20.4747,49.7941],[20.4748,49.7953],[20.4733,49.7968],[20.4731,49.7975],[20.4732,49.7988],[20.4735,49.7993],[20.4737,49.8014],[20.4741,49.8018],[20.4753,49.8012],[20.4771,49.8008],[20.4786,49.8008],[20.4806,49.7998],[20.4826,49.7982],[20.485,49.7983],[20.4869,49.7975],[20.4889,49.7975],[20.4902,49.7978],[20.4914,49.7985],[20.4935,49.7993],[20.4958,49.7991],[20.4974,49.7985],[20.4994,49.798],[20.5005,49.7981],[20.5019,49.7985],[20.5077,49.7985],[20.5101,49.7988],[20.5141,49.7987],[20.5162,49.799],[20.5181,49.7982],[20.5184,49.7971],[20.5191,49.7963],[20.5204,49.7954],[20.5212,49.7941],[20.5223,49.7936],[20.5242,49.7931],[20.5246,49.7926],[20.5247,49.7915],[20.5253,49.7906],[20.5263,49.7899],[20.527,49.7897],[20.5275,49.7891],[20.5282,49.789],[20.5283,49.7884],[20.5295,49.7881],[20.5296,49.7876],[20.5305,49.7875],[20.5319,49.7867],[20.5348,49.7859],[20.5357,49.7855],[20.5373,49.7852],[20.5382,49.7844],[20.5387,49.7843],[20.5387,49.7833],[20.5398,49.783],[20.5418,49.7831],[20.5432,49.7821],[20.5454,49.7813],[20.547,49.7803],[20.5486,49.7789],[20.5514,49.7771],[20.5519,49.7772],[20.5545,49.7771],[20.5554,49.7773],[20.5566,49.7767],[20.5573,49.7761],[20.5578,49.7765],[20.5601,49.7768],[20.5626,49.7763],[20.5645,49.7757],[20.5664,49.7753],[20.5672,49.7747],[20.571,49.7732],[20.5727,49.7728],[20.5739,49.7723],[20.5746,49.7717],[20.5764,49.7708],[20.5776,49.7695],[20.5801,49.7688],[20.5814,49.7677],[20.5826,49.7662],[20.5829,49.7651],[20.5826,49.7642],[20.5836,49.7626],[20.5851,49.7619],[20.5847,49.7613],[20.5872,49.7615],[20.5887,49.7602],[20.5899,49.7599],[20.5906,49.7593],[20.5919,49.7588],[20.5919,49.7584],[20.5939,49.7577],[20.5953,49.7563],[20.5952,49.7556],[20.5945,49.755],[20.5942,49.7543],[20.5925,49.7531],[20.5919,49.7523],[20.5917,49.7514],[20.5904,49.7502],[20.5866,49.7506],[20.5851,49.7505],[20.5843,49.7509],[20.5822,49.751],[20.5819,49.7513],[20.5807,49.7515],[20.5793,49.7511],[20.5783,49.7512],[20.5772,49.7517],[20.5767,49.7516],[20.5759,49.7506],[20.5755,49.7494],[20.5739,49.7485],[20.5732,49.7483],[20.573,49.7474],[20.5723,49.747],[20.5714,49.7457],[20.5672,49.7465],[20.566,49.7453],[20.5668,49.7448],[20.5685,49.7444],[20.5679,49.7435],[20.5685,49.7433],[20.568,49.7426],[20.57,49.7422],[20.5685,49.7409],[20.566,49.7359],[20.5636,49.7357],[20.5605,49.736],[20.5592,49.7359],[20.5572,49.7354],[20.556,49.7355],[20.5529,49.7352],[20.5508,49.7354],[20.5508,49.7348],[20.5488,49.7348],[20.5482,49.7345],[20.5461,49.7345],[20.5458,49.7336],[20.544,49.7333],[20.5426,49.7334],[20.5436,49.7325],[20.5427,49.7319],[20.5399,49.7322],[20.5397,49.7316],[20.5407,49.7303],[20.5412,49.7305],[20.5422,49.7292],[20.542,49.7286],[20.5402,49.7282],[20.538,49.7274],[20.5368,49.7265],[20.5343,49.7251],[20.533,49.7246],[20.533,49.7243],[20.5314,49.7233],[20.5301,49.723],[20.5298,49.7225],[20.5314,49.722],[20.5294,49.7206],[20.5266,49.7213],[20.5259,49.7205],[20.5259,49.7199],[20.528,49.7197],[20.5288,49.7191],[20.532,49.7183],[20.5344,49.7178],[20.539,49.7178],[20.5422,49.7175],[20.5463,49.7165],[20.5491,49.7166],[20.5512,49.7163],[20.5523,49.7163],[20.5547,49.715],[20.5556,49.7141],[20.5557,49.7131],[20.5566,49.7128],[20.5582,49.7118],[20.5591,49.7116],[20.5603,49.7108],[20.5617,49.7101],[20.5641,49.7093],[20.5659,49.7092],[20.5671,49.7084],[20.5688,49.7076],[20.5701,49.7065],[20.5713,49.7059],[20.5724,49.7058],[20.5749,49.7048],[20.5769,49.7034],[20.5804,49.7029],[20.5815,49.7029],[20.586,49.7021],[20.588,49.7009],[20.5903,49.7001],[20.5909,49.6991],[20.591,49.6982],[20.5917,49.6966],[20.5918,49.6957],[20.5896,49.6956],[20.5884,49.6958],[20.5859,49.6954],[20.5847,49.6941],[20.5847,49.6915],[20.5839,49.6888],[20.5832,49.687],[20.5825,49.6845],[20.5807,49.6811],[20.5797,49.6779],[20.5796,49.6755],[20.5761,49.6751],[20.5733,49.6753],[20.5698,49.6762],[20.5666,49.6762],[20.5638,49.6758],[20.5637,49.6749],[20.5622,49.6717],[20.5615,49.671],[20.5606,49.6692],[20.5597,49.6682],[20.5583,49.6648],[20.5572,49.6636],[20.5563,49.6619],[20.5559,49.6607],[20.5554,49.6601],[20.5547,49.6585],[20.5553,49.6567],[20.5552,49.6556],[20.5582,49.6561],[20.5592,49.6557],[20.5601,49.6557],[20.5621,49.655],[20.5642,49.6546],[20.5658,49.6538],[20.5672,49.6534],[20.5686,49.6532],[20.5726,49.6534],[20.5737,49.6533],[20.5762,49.6528],[20.577,49.6525],[20.5778,49.6502],[20.5779,49.6482],[20.5782,49.6473],[20.5782,49.6459],[20.5789,49.6455],[20.5776,49.6439],[20.5766,49.6436],[20.5763,49.6431],[20.5754,49.6428],[20.5746,49.643],[20.5728,49.6443],[20.5717,49.6443],[20.5698,49.6438],[20.5681,49.6438],[20.5677,49.6435],[20.5681,49.6417],[20.5659,49.6412],[20.5649,49.6407],[20.5644,49.641],[20.5627,49.6432],[20.5622,49.643],[20.5601,49.6414],[20.5601,49.6408],[20.5584,49.6401],[20.5573,49.6402],[20.5571,49.6392],[20.5562,49.6376],[20.554,49.6371],[20.5524,49.6372],[20.5513,49.6363],[20.5524,49.6346],[20.5522,49.6339],[20.5507,49.6349],[20.5495,49.635],[20.5486,49.636],[20.5469,49.6372],[20.5455,49.6379],[20.5431,49.6396],[20.5424,49.6399],[20.5416,49.6408],[20.5403,49.6419],[20.539,49.6427],[20.5377,49.644],[20.5373,49.6441],[20.5374,49.6453],[20.5336,49.6471],[20.5318,49.6468],[20.5301,49.6461],[20.5285,49.6466],[20.5271,49.6465],[20.527,49.6459],[20.5254,49.6443],[20.5258,49.6435],[20.5248,49.6427],[20.525,49.6418],[20.5257,49.6413],[20.5259,49.6396],[20.5266,49.6388],[20.5274,49.6384],[20.5268,49.6377],[20.5265,49.6369],[20.5253,49.6349],[20.5246,49.6333],[20.5246,49.6325],[20.5242,49.6314],[20.5235,49.6305],[20.5231,49.6295],[20.5225,49.6288],[20.5249,49.6277],[20.5258,49.6274],[20.5268,49.6263],[20.5278,49.6255],[20.5296,49.6245],[20.5316,49.6241],[20.5319,49.6238],[20.533,49.6238],[20.5339,49.6235],[20.5359,49.6232],[20.5371,49.6233],[20.5382,49.6229],[20.5389,49.6222],[20.5395,49.621],[20.5405,49.6199],[20.5406,49.6193],[20.5439,49.6173],[20.5458,49.6155],[20.5466,49.6149],[20.5468,49.6124],[20.5473,49.6111],[20.5462,49.6093],[20.5455,49.6084],[20.5437,49.6067],[20.5422,49.6048],[20.542,49.6036],[20.5416,49.6029],[20.5424,49.6026],[20.5428,49.602],[20.5448,49.6009],[20.5444,49.5992],[20.541,49.5977],[20.542,49.5969],[20.5428,49.5966],[20.5441,49.5956],[20.5449,49.5946],[20.5468,49.5934],[20.5478,49.5923],[20.549,49.5917],[20.5492,49.5909],[20.5505,49.5907],[20.5508,49.5904],[20.5502,49.5897],[20.5494,49.5895],[20.5487,49.5886],[20.5474,49.5885],[20.5459,49.5894],[20.5452,49.5888],[20.545,49.5871],[20.5443,49.5856],[20.5423,49.584],[20.541,49.5835],[20.5404,49.5835],[20.5395,49.5827],[20.5388,49.5826],[20.5379,49.5831],[20.5361,49.5823],[20.534,49.5808],[20.5319,49.5806],[20.5305,49.5801],[20.5273,49.5801],[20.5262,49.5804],[20.5248,49.5802],[20.5229,49.5802],[20.5183,49.5791],[20.5173,49.5791],[20.5156,49.5786],[20.5148,49.5786],[20.5141,49.5791],[20.5128,49.5785],[20.5106,49.578],[20.5061,49.5779],[20.5054,49.5777],[20.5037,49.5778],[20.5027,49.5777],[20.4996,49.5778],[20.4954,49.5782],[20.4913,49.5781],[20.4883,49.5787],[20.488,49.5791],[20.4896,49.5814],[20.4905,49.5819],[20.4909,49.5827],[20.4921,49.5842],[20.4927,49.5847],[20.4937,49.586],[20.4927,49.5865],[20.4909,49.5871],[20.4891,49.5882],[20.4884,49.5888],[20.4878,49.5885],[20.4868,49.5889],[20.4848,49.5903],[20.4845,49.5897],[20.4816,49.5903],[20.4812,49.5906],[20.4794,49.5908],[20.48,49.5914],[20.4779,49.5917],[20.4753,49.5927],[20.4748,49.5921],[20.4733,49.5924],[20.4719,49.5935],[20.4705,49.5938],[20.4696,49.5945],[20.4665,49.5941],[20.4657,49.5936],[20.465,49.5928],[20.4624,49.5918],[20.4611,49.5918],[20.4605,49.5913],[20.4592,49.5911],[20.4575,49.5906],[20.4546,49.5912],[20.4523,49.5915],[20.4515,49.5919],[20.4481,49.5926],[20.4463,49.5928],[20.4456,49.5927],[20.4449,49.5932],[20.4432,49.5926],[20.4426,49.5945],[20.442,49.5945],[20.4414,49.5952],[20.4414,49.5963],[20.441,49.5974],[20.4411,49.598],[20.4387,49.5991],[20.4385,49.6002],[20.437,49.6016],[20.4367,49.6023],[20.437,49.6027],[20.4358,49.6049],[20.4348,49.6058],[20.4328,49.6084],[20.4316,49.6088],[20.4311,49.6097],[20.4281,49.6108],[20.4267,49.6108],[20.4233,49.6112],[20.4232,49.6114],[20.4212,49.6126],[20.4171,49.612],[20.4148,49.6135],[20.4139,49.6137],[20.4115,49.6148],[20.4082,49.6155],[20.405,49.6157],[20.4023,49.6162],[20.3995,49.6171],[20.3955,49.6176],[20.3935,49.6181],[20.3925,49.6187],[20.3885,49.619],[20.3873,49.6189],[20.3862,49.6194],[20.3843,49.6194],[20.3833,49.6197],[20.3819,49.6195],[20.379,49.6208],[20.378,49.6211],[20.3761,49.6212],[20.3742,49.6211],[20.3719,49.6208],[20.3704,49.6209],[20.3693,49.6207],[20.3679,49.6201],[20.3679,49.6184],[20.3654,49.6156],[20.3678,49.6137],[20.3683,49.6122],[20.3676,49.6121],[20.3682,49.6102],[20.3675,49.6092],[20.3685,49.609],[20.3685,49.6071],[20.3702,49.6069],[20.37,49.6061],[20.369,49.6059],[20.3677,49.606],[20.3672,49.6054],[20.366,49.6025],[20.3672,49.6024],[20.367,49.6019],[20.366,49.601],[20.3664,49.6006],[20.3673,49.6015],[20.3678,49.6007],[20.3679,49.5998],[20.3684,49.5981],[20.369,49.5969],[20.3692,49.5959],[20.369,49.5946],[20.3692,49.5941],[20.3693,49.5921],[20.3695,49.5912],[20.3695,49.5891],[20.369,49.5874],[20.3674,49.5871],[20.3665,49.5871],[20.3647,49.5877],[20.3619,49.5879],[20.3597,49.5876],[20.3591,49.5877],[20.3565,49.5873],[20.3559,49.5866],[20.3567,49.5853],[20.3581,49.5851],[20.3605,49.584],[20.3618,49.583],[20.3636,49.5819],[20.3641,49.5813],[20.3649,49.5811],[20.3654,49.5803],[20.3622,49.578],[20.3632,49.5776],[20.3661,49.5769],[20.3676,49.5769],[20.3674,49.5763],[20.3684,49.5757],[20.3698,49.5754],[20.3705,49.5734],[20.3712,49.5718],[20.3721,49.5708],[20.3732,49.5689],[20.3734,49.5683],[20.3743,49.5675],[20.3745,49.567],[20.3761,49.5662],[20.3778,49.5662],[20.3793,49.566],[20.3815,49.5655],[20.3827,49.5654],[20.3829,49.5628],[20.3832,49.5621],[20.3844,49.562],[20.3856,49.5611],[20.3854,49.5607],[20.3838,49.5594],[20.3836,49.5581],[20.3812,49.5564],[20.381,49.5556],[20.3799,49.5544],[20.3797,49.5534],[20.3788,49.5526],[20.3787,49.5522],[20.3763,49.5514],[20.3757,49.551],[20.3746,49.5508],[20.3735,49.5502],[20.373,49.5495],[20.3721,49.5489],[20.3718,49.5483],[20.37,49.5477],[20.3679,49.5475],[20.3655,49.545],[20.3646,49.5445],[20.3635,49.5429],[20.3635,49.5412],[20.3644,49.5398],[20.3647,49.5386],[20.364,49.5379],[20.3631,49.5374],[20.3625,49.5366],[20.3626,49.5362],[20.362,49.5341],[20.3607,49.5346],[20.359,49.5357],[20.3575,49.5359],[20.3565,49.5366],[20.3562,49.5376],[20.3536,49.5376],[20.3522,49.538],[20.351,49.539],[20.3504,49.5386],[20.347,49.5374],[20.3461,49.5381],[20.344,49.5392],[20.3413,49.5392],[20.3393,49.5389],[20.3378,49.54],[20.3359,49.54],[20.3323,49.5418],[20.332,49.5418],[20.332,49.5434],[20.3312,49.5436],[20.3306,49.5442],[20.3293,49.5443],[20.3288,49.5449],[20.3286,49.5463],[20.3283,49.5469],[20.3289,49.5497],[20.3281,49.5503],[20.3273,49.5519],[20.3265,49.5525],[20.3253,49.5541],[20.3241,49.5546],[20.3219,49.5569],[20.321,49.5575],[20.3204,49.5582],[20.3206,49.5591],[20.3202,49.5596],[20.3203,49.5613],[20.3186,49.5619],[20.3177,49.5626],[20.3171,49.5635],[20.3154,49.564],[20.3145,49.5647],[20.3128,49.5657],[20.3123,49.5664],[20.3089,49.5673],[20.308,49.5677],[20.3045,49.5681],[20.3038,49.5687],[20.3,49.5695],[20.2991,49.5699],[20.2985,49.5711],[20.2977,49.5716],[20.2973,49.5732],[20.2941,49.5715],[20.2925,49.5695],[20.2898,49.5693],[20.288,49.569],[20.2872,49.5686],[20.2856,49.5685],[20.2831,49.5671],[20.2814,49.5665],[20.279,49.567],[20.2778,49.567],[20.2754,49.5677],[20.2707,49.5677],[20.2703,49.568],[20.2682,49.5678],[20.2669,49.5679],[20.2644,49.5677],[20.2618,49.5682],[20.26,49.5678],[20.2576,49.5665],[20.2565,49.5663],[20.253,49.5651],[20.2516,49.5643],[20.2501,49.5632],[20.2483,49.5623],[20.2466,49.5612],[20.2427,49.5599],[20.2404,49.5586],[20.2386,49.5579],[20.237,49.5577],[20.234,49.557],[20.2304,49.5566],[20.2285,49.5567],[20.2247,49.556],[20.2232,49.5555],[20.2201,49.5542],[20.218,49.5527],[20.2168,49.552],[20.2136,49.5509],[20.2099,49.5509],[20.2075,49.551],[20.2056,49.5508],[20.2044,49.5503],[20.2016,49.5506],[20.1989,49.5513],[20.1953,49.5505],[20.1931,49.5502],[20.1892,49.5499],[20.1854,49.5499],[20.1831,49.5501],[20.1795,49.5493],[20.1766,49.549],[20.1761,49.5486],[20.1743,49.5483],[20.1732,49.5476],[20.1715,49.547],[20.1704,49.5468],[20.1623,49.5475],[20.1605,49.5475],[20.1576,49.5478],[20.1563,49.5475],[20.1554,49.5468],[20.1514,49.5446],[20.1503,49.5439],[20.1492,49.5426],[20.148,49.5431],[20.1452,49.5439],[20.1409,49.5435],[20.1397,49.5436],[20.1374,49.5447],[20.1361,49.5452],[20.1316,49.5455],[20.1281,49.5455],[20.1278,49.5454],[20.1229,49.5454],[20.1222,49.5453],[20.1195,49.5445],[20.1189,49.5448],[20.1167,49.5452],[20.1143,49.5451],[20.1114,49.5463],[20.111,49.5468],[20.1098,49.5472],[20.1067,49.5473],[20.1041,49.5478],[20.1026,49.5482],[20.1008,49.549],[20.1001,49.549],[20.0979,49.5495],[20.0974,49.55],[20.0961,49.552],[20.0948,49.5533],[20.0935,49.5537],[20.0929,49.5544],[20.0921,49.5543],[20.0904,49.555],[20.0879,49.5555],[20.0857,49.5557],[20.0842,49.5561],[20.0823,49.5563],[20.0799,49.5573],[20.0776,49.5588],[20.0761,49.559],[20.0749,49.5594],[20.0718,49.5599],[20.0673,49.5601],[20.0655,49.5598],[20.0645,49.5599],[20.0635,49.5596],[20.0619,49.5594],[20.0577,49.5595],[20.0565,49.5593],[20.054,49.5594],[20.0534,49.5593],[20.0502,49.5595],[20.0484,49.5595],[20.046,49.5593],[20.045,49.5597],[20.0427,49.5599],[20.0399,49.56],[20.0373,49.5617],[20.0383,49.5623],[20.0378,49.5634],[20.0379,49.5645],[20.0385,49.5657],[20.038,49.5667],[20.0375,49.567],[20.0371,49.5678],[20.0359,49.5683],[20.0353,49.5691],[20.0333,49.5707],[20.0314,49.572],[20.0295,49.5722],[20.0279,49.5728],[20.0275,49.5737],[20.0266,49.575],[20.0263,49.5761],[20.0252,49.5775],[20.0251,49.5784],[20.0253,49.5796],[20.0261,49.5811],[20.0252,49.5826],[20.0238,49.5833],[20.0224,49.5844],[20.0212,49.5866],[20.0206,49.5872],[20.0199,49.5887],[20.0178,49.5901],[20.0154,49.5911],[20.0147,49.592],[20.0145,49.5937],[20.015,49.5946],[20.0145,49.5964],[20.0139,49.5978],[20.0133,49.5984],[20.0124,49.5998],[20.0123,49.6015],[20.0109,49.6031],[20.0094,49.6038],[20.0081,49.6049],[20.0063,49.6058],[20.0053,49.606],[20.0031,49.6068],[20.0024,49.6077],[20.0017,49.6102],[20.0006,49.6114],[19.9994,49.6133],[19.9991,49.6145],[19.9994,49.6152],[19.9992,49.6165],[20.0002,49.6185],[20.0008,49.6189],[19.9993,49.6195],[19.9979,49.6204],[19.9978,49.6215],[19.9984,49.6246],[19.9984,49.6253],[19.9995,49.625],[20.0045,49.625],[20.0045,49.6259],[20.0057,49.6273],[20.0054,49.6287],[20.0057,49.6296],[20.0047,49.6313],[20.0048,49.6316],[20.0042,49.633],[20.0041,49.6346],[20.0049,49.6349],[20.0048,49.6363],[20.0023,49.6376],[20.0011,49.638],[20,49.6397],[20.0001,49.6405],[19.9988,49.6415],[19.9976,49.6417],[19.9969,49.6428],[19.9966,49.644],[19.9951,49.6456],[19.9932,49.6468],[19.9929,49.6473],[19.9914,49.6485],[19.9915,49.6495],[19.9908,49.6506],[19.9911,49.6521],[19.9919,49.6535],[19.9938,49.6526],[19.9946,49.6526],[19.9964,49.6536],[19.9993,49.6543],[20.0006,49.6551],[20.0013,49.6558],[20.0017,49.6567],[20.0031,49.658],[20.0037,49.6591],[20.0042,49.6607],[20.0053,49.6621],[20.006,49.6638],[20.0065,49.6645],[20.007,49.6661],[20.0082,49.6682],[20.009,49.6693],[20.0117,49.6721],[20.0118,49.6733],[20.0115,49.674],[20.011,49.6763],[20.0115,49.6787],[20.0121,49.6803],[20.0108,49.6819],[20.0104,49.6828],[20.0103,49.6844],[20.0104,49.6868],[20.0107,49.6882],[20.0103,49.6887],[20.0085,49.6902],[20.0075,49.6912],[20.0074,49.6924],[20.0076,49.6936],[20.0083,49.6949],[20.0083,49.6959],[20.0074,49.6967],[20.0048,49.6974],[20.0025,49.6985],[20.0017,49.7001],[20.0017,49.7011],[20.0022,49.7016],[20.0028,49.7029],[20.0032,49.7033],[20.005,49.706],[20.0053,49.7066],[20.0065,49.7079],[20.008,49.7102],[20.0115,49.7118],[20.0144,49.7116],[20.0146,49.7118],[20.0167,49.7118],[20.0173,49.7126],[20.0192,49.7139],[20.0205,49.7164],[20.0224,49.7176],[20.0237,49.7189],[20.0245,49.7201],[20.0244,49.7218],[20.0239,49.7226],[20.0239,49.7236],[20.0243,49.7257],[20.0248,49.7265],[20.0235,49.7281],[20.0213,49.7303],[20.0226,49.731],[20.0232,49.7321],[20.0251,49.7334],[20.0252,49.7338],[20.0262,49.7344],[20.0269,49.7355],[20.0269,49.7365],[20.0296,49.7375],[20.0308,49.7381],[20.0319,49.7402],[20.0331,49.7416],[20.0354,49.7427],[20.0363,49.7434],[20.0378,49.7451],[20.0387,49.7457],[20.0393,49.7464],[20.0402,49.7465],[20.043,49.7453],[20.0436,49.7448],[20.0448,49.7443],[20.0452,49.7439],[20.0467,49.7431],[20.0471,49.7431],[20.0489,49.7417],[20.0494,49.7411],[20.0508,49.7405],[20.0511,49.74],[20.0523,49.7394],[20.0532,49.7385],[20.054,49.7381],[20.0551,49.7372],[20.0558,49.7369],[20.0569,49.737],[20.0579,49.7374],[20.0584,49.7371],[20.0618,49.736],[20.0633,49.7359],[20.0649,49.7352],[20.0677,49.7336],[20.0703,49.7331],[20.0727,49.731],[20.0753,49.7308],[20.0767,49.731],[20.0774,49.7323],[20.0785,49.7324],[20.0794,49.7318],[20.0804,49.7316],[20.0814,49.731],[20.0833,49.7306],[20.0851,49.7306],[20.086,49.7308],[20.087,49.7307],[20.0882,49.7309],[20.0889,49.7314],[20.09,49.7314],[20.0917,49.7325],[20.0938,49.7324],[20.0953,49.7318],[20.0971,49.7317],[20.0972,49.7323],[20.0982,49.7326],[20.101,49.7325],[20.1015,49.7331],[20.1039,49.735],[20.1037,49.7352],[20.1043,49.7366],[20.1041,49.7378],[20.1045,49.7381],[20.1044,49.7389],[20.1047,49.7397],[20.1056,49.7403],[20.1064,49.7412],[20.107,49.7431],[20.1081,49.7435],[20.1096,49.7443],[20.1103,49.745],[20.1111,49.7453],[20.1132,49.7455],[20.1159,49.7443],[20.1172,49.7441],[20.119,49.7441],[20.1198,49.7439],[20.1231,49.7439],[20.1245,49.744],[20.1259,49.7438],[20.1278,49.7438],[20.1291,49.7442],[20.1325,49.7448],[20.1337,49.7453],[20.1344,49.7459],[20.1362,49.7464],[20.1379,49.7473],[20.1398,49.7488],[20.1402,49.7498],[20.141,49.7504],[20.142,49.7508],[20.142,49.7519],[20.1432,49.7528],[20.1426,49.755],[20.1415,49.7561],[20.1418,49.7564],[20.1415,49.7591],[20.1407,49.7596],[20.1395,49.7613],[20.1394,49.7626],[20.1381,49.7634],[20.1377,49.7645],[20.1381,49.7671],[20.1387,49.7685],[20.1392,49.7691],[20.1393,49.7698],[20.1404,49.7705],[20.1413,49.7714],[20.1413,49.7724],[20.1418,49.7731],[20.1427,49.7736],[20.1455,49.7738],[20.1473,49.7743],[20.1486,49.775],[20.1495,49.7761],[20.1496,49.7769],[20.1493,49.7785],[20.1497,49.7804],[20.1495,49.781],[20.1497,49.782],[20.1497,49.7847],[20.1483,49.7884],[20.1484,49.79],[20.1486,49.7905],[20.15,49.7923],[20.1503,49.7939],[20.1519,49.7958],[20.1531,49.798],[20.1533,49.8002],[20.1537,49.8015],[20.1536,49.8034],[20.153,49.8041],[20.1534,49.805],[20.1548,49.8041],[20.1557,49.8031],[20.157,49.8025],[20.159,49.8021],[20.1605,49.8021],[20.1621,49.8018],[20.1633,49.8018],[20.1654,49.8012],[20.1672,49.801],[20.1695,49.801],[20.1696,49.8007],[20.1713,49.8006],[20.1722,49.8008],[20.1731,49.8023],[20.1745,49.8029],[20.1734,49.8039],[20.1748,49.8041],[20.1753,49.8045]]]}},{"type":"Feature","id":"powiat-miechowski","properties":{"slug":"powiat-miechowski","name":"powiat miechowski"},"geometry":{"type":"Polygon","coordinates":[[[19.95,50.5048],[19.9532,50.5056],[19.955,50.5066],[19.9556,50.5075],[19.9581,50.5093],[19.96,50.5102],[19.9616,50.5111],[19.9636,50.5125],[19.9651,50.5134],[19.9667,50.5141],[19.9723,50.5163],[19.9717,50.5178],[19.9709,50.5205],[19.9722,50.5204],[19.9758,50.5204],[19.9771,50.5192],[19.9791,50.5192],[19.9872,50.5198],[19.9941,50.5185],[19.9945,50.5185],[19.9992,50.5176],[20.002,50.517],[20.0027,50.5167],[20.0058,50.516],[20.0076,50.5155],[20.0099,50.5145],[20.0107,50.514],[20.0161,50.5115],[20.0185,50.5109],[20.0271,50.5086],[20.0294,50.5063],[20.0309,50.505],[20.0305,50.5042],[20.029,50.5021],[20.0283,50.5009],[20.031,50.5006],[20.0327,50.5006],[20.0344,50.5004],[20.0365,50.5004],[20.0389,50.5002],[20.0405,50.5027],[20.0415,50.5045],[20.0426,50.5062],[20.0448,50.5061],[20.0479,50.5055],[20.0502,50.5052],[20.0515,50.5063],[20.0528,50.5087],[20.0532,50.5092],[20.0542,50.5116],[20.0615,50.5112],[20.0657,50.5108],[20.0699,50.5105],[20.0736,50.5101],[20.0763,50.5096],[20.0764,50.5086],[20.0776,50.5084],[20.0774,50.5075],[20.0782,50.5059],[20.0793,50.5054],[20.0806,50.5051],[20.081,50.5053],[20.0824,50.5048],[20.0847,50.5046],[20.0842,50.5021],[20.0841,50.5009],[20.0837,50.4994],[20.0849,50.4993],[20.0869,50.4988],[20.0931,50.4977],[20.0949,50.4976],[20.0959,50.4973],[20.097,50.4961],[20.0965,50.4955],[20.0949,50.4947],[20.0913,50.4923],[20.0891,50.491],[20.0871,50.4896],[20.0891,50.4899],[20.0937,50.4896],[20.0937,50.4899],[20.0949,50.4904],[20.096,50.4903],[20.0964,50.4897],[20.0976,50.4891],[20.099,50.489],[20.0996,50.4885],[20.1021,50.4877],[20.1038,50.4876],[20.1045,50.4871],[20.1055,50.4868],[20.1056,50.486],[20.1068,50.4862],[20.1095,50.4862],[20.1109,50.486],[20.1129,50.4861],[20.114,50.486],[20.114,50.4851],[20.1149,50.4855],[20.1158,50.4855],[20.1176,50.4851],[20.1194,50.4852],[20.1204,50.4856],[20.1238,50.4864],[20.1257,50.487],[20.1274,50.4883],[20.1282,50.4887],[20.1291,50.4895],[20.1306,50.4899],[20.1339,50.4891],[20.1368,50.4883],[20.1401,50.4876],[20.1423,50.487],[20.1466,50.4861],[20.1524,50.4856],[20.1548,50.4855],[20.1561,50.4853],[20.1585,50.4852],[20.1612,50.4849],[20.1621,50.4849],[20.1666,50.4844],[20.167,50.4853],[20.1691,50.488],[20.1705,50.4893],[20.1716,50.491],[20.1738,50.4912],[20.1765,50.492],[20.1798,50.4926],[20.1831,50.493],[20.1835,50.4932],[20.1862,50.4932],[20.1898,50.4944],[20.1907,50.4946],[20.1937,50.4956],[20.1967,50.4952],[20.199,50.495],[20.2014,50.495],[20.204,50.4957],[20.2054,50.4957],[20.2054,50.4947],[20.2071,50.4926],[20.21,50.4912],[20.2108,50.4902],[20.2122,50.4902],[20.2131,50.4894],[20.2143,50.489],[20.2176,50.4885],[20.2185,50.4888],[20.2186,50.4898],[20.219,50.4903],[20.2201,50.4901],[20.2205,50.4894],[20.2206,50.4881],[20.2211,50.4859],[20.2227,50.4848],[20.2233,50.4839],[20.2239,50.482],[20.2244,50.4814],[20.2249,50.4802],[20.2256,50.4793],[20.2258,50.4781],[20.2284,50.4782],[20.2303,50.4781],[20.2328,50.4785],[20.2362,50.4787],[20.2393,50.479],[20.2412,50.4796],[20.2425,50.4803],[20.2444,50.4801],[20.2497,50.4791],[20.2487,50.4775],[20.2482,50.4764],[20.2473,50.4754],[20.2478,50.4753],[20.2489,50.4742],[20.2505,50.4738],[20.2512,50.4738],[20.2522,50.4729],[20.2543,50.4722],[20.2548,50.4713],[20.257,50.4709],[20.2582,50.4697],[20.26,50.4695],[20.2609,50.468],[20.2625,50.4673],[20.2639,50.4671],[20.2663,50.4677],[20.2679,50.4684],[20.2709,50.4694],[20.2729,50.4699],[20.2731,50.469],[20.273,50.4643],[20.2726,50.4628],[20.2723,50.4624],[20.2714,50.4602],[20.2714,50.4594],[20.2701,50.4575],[20.2676,50.4526],[20.2661,50.4499],[20.2656,50.4494],[20.2643,50.4469],[20.2606,50.4415],[20.2607,50.441],[20.2617,50.4397],[20.2622,50.4382],[20.2623,50.4344],[20.2634,50.4322],[20.2637,50.4303],[20.264,50.4298],[20.2652,50.429],[20.2654,50.4278],[20.266,50.427],[20.2691,50.4254],[20.2703,50.4249],[20.2719,50.4239],[20.273,50.4237],[20.2741,50.4229],[20.274,50.4225],[20.2755,50.4215],[20.277,50.4212],[20.279,50.4212],[20.2813,50.4207],[20.2833,50.4205],[20.2856,50.4201],[20.2899,50.4191],[20.2908,50.4178],[20.2906,50.4171],[20.289,50.414],[20.2895,50.412],[20.2905,50.4098],[20.2922,50.4082],[20.2931,50.4063],[20.293,50.4049],[20.2934,50.4045],[20.2952,50.404],[20.2969,50.4031],[20.2983,50.4021],[20.2993,50.4021],[20.2991,50.4015],[20.3008,50.4],[20.302,50.3996],[20.3039,50.3982],[20.3039,50.3976],[20.3046,50.3954],[20.3047,50.3936],[20.3051,50.3924],[20.3061,50.3905],[20.3058,50.389],[20.308,50.3885],[20.3112,50.388],[20.3136,50.3875],[20.3131,50.3865],[20.3146,50.3863],[20.3175,50.3854],[20.3209,50.3845],[20.3212,50.3824],[20.3221,50.3779],[20.3217,50.3768],[20.3219,50.3749],[20.3223,50.3726],[20.3222,50.3712],[20.3193,50.3717],[20.3185,50.3721],[20.3175,50.3707],[20.3199,50.3701],[20.322,50.3698],[20.3235,50.3698],[20.3259,50.3693],[20.3252,50.3669],[20.3277,50.366],[20.3296,50.3656],[20.3318,50.3653],[20.3322,50.3649],[20.3322,50.3638],[20.3318,50.3628],[20.3349,50.3624],[20.3372,50.3623],[20.3375,50.361],[20.3374,50.3596],[20.3391,50.3596],[20.3392,50.3573],[20.3361,50.3575],[20.3356,50.358],[20.3319,50.3575],[20.3283,50.3578],[20.3277,50.3574],[20.3298,50.3572],[20.3318,50.3568],[20.332,50.3549],[20.3329,50.3542],[20.3305,50.3527],[20.3269,50.3515],[20.3188,50.3518],[20.3152,50.3514],[20.3143,50.3514],[20.3141,50.35],[20.3136,50.35],[20.3131,50.3486],[20.3107,50.3488],[20.3108,50.3491],[20.3079,50.3498],[20.3072,50.3487],[20.3041,50.3495],[20.3015,50.3506],[20.2999,50.351],[20.2987,50.3518],[20.2975,50.3521],[20.2953,50.3504],[20.295,50.3499],[20.2936,50.3491],[20.2931,50.3473],[20.2926,50.3467],[20.2924,50.3458],[20.2945,50.3448],[20.2956,50.3447],[20.2982,50.3441],[20.2994,50.3433],[20.3015,50.3412],[20.3023,50.3407],[20.3025,50.34],[20.3023,50.339],[20.3027,50.3382],[20.3037,50.3375],[20.3053,50.3359],[20.3033,50.3357],[20.3011,50.3348],[20.2992,50.3337],[20.2976,50.3297],[20.2938,50.3295],[20.2925,50.328],[20.292,50.3263],[20.2927,50.3262],[20.2919,50.3243],[20.2926,50.3241],[20.2926,50.3222],[20.2927,50.3186],[20.2941,50.3188],[20.2937,50.3155],[20.2925,50.3156],[20.2926,50.3123],[20.2937,50.3121],[20.2937,50.3115],[20.2927,50.309],[20.2883,50.3096],[20.2846,50.3096],[20.2817,50.3095],[20.2797,50.3093],[20.2762,50.3091],[20.2745,50.3091],[20.2729,50.3095],[20.2716,50.3095],[20.2699,50.309],[20.2683,50.3088],[20.2687,50.3064],[20.2694,50.3064],[20.2699,50.3032],[20.2684,50.3033],[20.266,50.303],[20.2635,50.3029],[20.2623,50.3027],[20.2605,50.3041],[20.2598,50.3049],[20.2564,50.3043],[20.2539,50.3047],[20.2524,50.3048],[20.2499,50.3053],[20.2477,50.3051],[20.2466,50.3043],[20.2444,50.3032],[20.2444,50.302],[20.2435,50.3014],[20.242,50.3011],[20.24,50.3003],[20.2386,50.3003],[20.2365,50.3006],[20.236,50.2996],[20.2352,50.2994],[20.2328,50.2997],[20.2331,50.3012],[20.2293,50.3015],[20.2278,50.3013],[20.2283,50.2997],[20.2261,50.2997],[20.226,50.3008],[20.2246,50.3006],[20.224,50.3012],[20.2207,50.3012],[20.2203,50.3011],[20.2205,50.2993],[20.2187,50.2994],[20.2186,50.2991],[20.2168,50.2989],[20.2152,50.2985],[20.2133,50.2985],[20.2113,50.2998],[20.2094,50.2996],[20.2069,50.2987],[20.2051,50.2983],[20.2039,50.2984],[20.2018,50.2979],[20.199,50.2988],[20.1988,50.2993],[20.1964,50.2997],[20.196,50.2988],[20.1936,50.2994],[20.1921,50.2985],[20.1913,50.2976],[20.1907,50.2977],[20.1898,50.2964],[20.1888,50.2955],[20.1875,50.295],[20.1885,50.2943],[20.1875,50.2934],[20.1863,50.294],[20.1851,50.2929],[20.1848,50.2929],[20.1812,50.2907],[20.1791,50.2921],[20.1785,50.2927],[20.1772,50.2929],[20.1769,50.2926],[20.1767,50.2913],[20.1769,50.2902],[20.1758,50.29],[20.1742,50.2901],[20.1728,50.2921],[20.1701,50.2932],[20.1698,50.2931],[20.1668,50.2939],[20.1666,50.2942],[20.165,50.2945],[20.1638,50.2945],[20.1637,50.2956],[20.163,50.2968],[20.1619,50.2974],[20.1609,50.2977],[20.1605,50.2973],[20.1608,50.2966],[20.1598,50.2963],[20.1578,50.2974],[20.1564,50.2976],[20.1553,50.2974],[20.155,50.2997],[20.1547,50.3],[20.1504,50.2998],[20.1494,50.2959],[20.1482,50.2963],[20.1465,50.2961],[20.1445,50.2966],[20.1433,50.2999],[20.1425,50.3016],[20.1335,50.3038],[20.1309,50.3043],[20.1302,50.3039],[20.1311,50.3021],[20.1309,50.3011],[20.1235,50.3044],[20.1214,50.3052],[20.1206,50.304],[20.1208,50.3032],[20.1188,50.3036],[20.1158,50.3037],[20.1147,50.3027],[20.1145,50.3021],[20.1137,50.3015],[20.1115,50.3014],[20.11,50.3026],[20.1095,50.3033],[20.1095,50.3043],[20.1102,50.3056],[20.1122,50.3069],[20.1137,50.306],[20.1148,50.3058],[20.118,50.3057],[20.1211,50.3057],[20.1216,50.3056],[20.1234,50.3087],[20.1244,50.3097],[20.1249,50.3115],[20.1257,50.3132],[20.1221,50.3147],[20.1198,50.3123],[20.117,50.3124],[20.1167,50.3122],[20.1173,50.3101],[20.1136,50.3097],[20.1094,50.3091],[20.1078,50.309],[20.101,50.3081],[20.0961,50.3075],[20.095,50.3083],[20.0944,50.3078],[20.0934,50.3081],[20.0925,50.3072],[20.0911,50.3067],[20.0901,50.3066],[20.0891,50.3055],[20.0884,50.3052],[20.0881,50.3045],[20.0902,50.3039],[20.093,50.3036],[20.0962,50.304],[20.0978,50.3043],[20.0976,50.3027],[20.0972,50.3013],[20.0964,50.297],[20.0938,50.2973],[20.0888,50.2976],[20.0858,50.2979],[20.0849,50.2977],[20.0842,50.2971],[20.0812,50.2977],[20.078,50.2982],[20.0765,50.2965],[20.0742,50.2942],[20.073,50.2946],[20.0721,50.2937],[20.0707,50.2945],[20.0696,50.2949],[20.0663,50.2953],[20.0634,50.2958],[20.0569,50.2967],[20.0502,50.2978],[20.0489,50.2979],[20.0469,50.2983],[20.0459,50.2975],[20.0452,50.2975],[20.0424,50.2964],[20.0424,50.296],[20.0405,50.2945],[20.0392,50.2941],[20.0384,50.2943],[20.0375,50.2937],[20.0353,50.2932],[20.0343,50.2928],[20.0319,50.2929],[20.0316,50.2937],[20.0285,50.2938],[20.0259,50.294],[20.0225,50.2941],[20.0225,50.2933],[20.0185,50.2935],[20.0178,50.291],[20.0177,50.29],[20.0166,50.2889],[20.0146,50.2882],[20.014,50.2878],[20.0119,50.2869],[20.01,50.2863],[20.0072,50.286],[20.0057,50.2856],[20.0044,50.2857],[20.0032,50.2844],[19.9995,50.2833],[19.9957,50.2827],[19.9954,50.2822],[19.9951,50.28],[19.9938,50.2801],[19.9909,50.2809],[19.9869,50.2815],[19.9849,50.2816],[19.9822,50.2819],[19.9817,50.2818],[19.9787,50.2818],[19.9768,50.2819],[19.9737,50.2816],[19.9703,50.2816],[19.9684,50.2813],[19.9675,50.281],[19.9662,50.281],[19.9634,50.2806],[19.9612,50.281],[19.9595,50.2819],[19.9595,50.2828],[19.9592,50.2835],[19.9584,50.2832],[19.9561,50.283],[19.9553,50.2826],[19.9513,50.2828],[19.9475,50.2825],[19.9461,50.2823],[19.9455,50.282],[19.9449,50.2804],[19.9427,50.2805],[19.9419,50.279],[19.9419,50.2778],[19.9422,50.2772],[19.9422,50.2757],[19.9425,50.2755],[19.9425,50.2736],[19.9413,50.2708],[19.9403,50.2704],[19.9413,50.2684],[19.9404,50.2674],[19.9399,50.266],[19.9382,50.2644],[19.9354,50.2642],[19.9355,50.2637],[19.934,50.2639],[19.9311,50.264],[19.9294,50.2638],[19.9283,50.2632],[19.926,50.2603],[19.925,50.2589],[19.9205,50.2597],[19.9209,50.2604],[19.92,50.2608],[19.9199,50.2612],[19.9211,50.2613],[19.9219,50.2633],[19.9222,50.2646],[19.9223,50.266],[19.9221,50.2664],[19.9223,50.2674],[19.923,50.2692],[19.925,50.2708],[19.928,50.27],[19.9284,50.2705],[19.9296,50.2713],[19.9299,50.2718],[19.9308,50.2721],[19.9345,50.273],[19.9334,50.274],[19.9325,50.2744],[19.9316,50.2751],[19.9305,50.2748],[19.9288,50.2749],[19.9238,50.2759],[19.9222,50.2765],[19.9189,50.2773],[19.9168,50.2776],[19.9152,50.2782],[19.9142,50.2792],[19.9113,50.2802],[19.9105,50.2787],[19.9079,50.277],[19.9069,50.2762],[19.9023,50.2759],[19.9014,50.2761],[19.9016,50.2764],[19.9012,50.2773],[19.9016,50.2789],[19.9016,50.2798],[19.9007,50.2831],[19.9006,50.2846],[19.9013,50.2856],[19.9027,50.2867],[19.9055,50.2877],[19.9066,50.2883],[19.9117,50.2917],[19.913,50.2909],[19.9138,50.2919],[19.9143,50.2921],[19.9169,50.2953],[19.9209,50.2985],[19.919,50.2993],[19.9182,50.3],[19.9164,50.3006],[19.9152,50.3014],[19.9118,50.3029],[19.9099,50.3035],[19.9083,50.3044],[19.9074,50.3056],[19.9036,50.3067],[19.9018,50.3071],[19.8996,50.3078],[19.8988,50.3082],[19.894,50.3095],[19.8925,50.3098],[19.8906,50.3097],[19.8885,50.3091],[19.8863,50.309],[19.8852,50.3087],[19.8827,50.3087],[19.8817,50.309],[19.8792,50.3103],[19.8766,50.3113],[19.8751,50.3117],[19.8728,50.3129],[19.8718,50.3131],[19.8704,50.3137],[19.868,50.3145],[19.8655,50.3151],[19.863,50.3153],[19.8612,50.3157],[19.8579,50.3156],[19.8552,50.3148],[19.8542,50.3156],[19.8534,50.3153],[19.8513,50.3154],[19.8482,50.3171],[19.8471,50.3179],[19.8458,50.3181],[19.8441,50.3189],[19.8411,50.3207],[19.8398,50.3211],[19.8407,50.3227],[19.8385,50.3235],[19.827,50.3268],[19.8254,50.3274],[19.8255,50.3283],[19.8273,50.3343],[19.8279,50.3368],[19.8289,50.3402],[19.8296,50.3436],[19.8317,50.3475],[19.8321,50.3485],[19.8325,50.3502],[19.8329,50.3526],[19.8359,50.352],[19.8366,50.3532],[19.8371,50.3545],[19.8409,50.3545],[19.8431,50.3543],[19.843,50.3559],[19.8433,50.3575],[19.8438,50.3585],[19.8456,50.36],[19.8475,50.3596],[19.848,50.3603],[19.8474,50.3609],[19.8481,50.3612],[19.8501,50.3614],[19.8533,50.3651],[19.8539,50.3656],[19.8543,50.3683],[19.8543,50.3694],[19.854,50.3697],[19.8525,50.3694],[19.8509,50.3697],[19.8488,50.3697],[19.8474,50.37],[19.8471,50.3706],[19.8473,50.3712],[19.8482,50.372],[19.8484,50.3727],[19.8477,50.3729],[19.8485,50.3751],[19.849,50.3757],[19.8501,50.3764],[19.8507,50.3775],[19.8503,50.3781],[19.8503,50.3797],[19.8501,50.3815],[19.8498,50.3826],[19.8497,50.3844],[19.8494,50.3856],[19.8494,50.3866],[19.8491,50.3869],[19.8488,50.3887],[19.8495,50.3893],[19.8498,50.3902],[19.8503,50.3907],[19.8508,50.392],[19.8515,50.3931],[19.8482,50.3944],[19.8474,50.3948],[19.843,50.3964],[19.8397,50.3978],[19.8357,50.3993],[19.8378,50.3994],[19.8398,50.4001],[19.8413,50.4001],[19.8422,50.4011],[19.8437,50.4019],[19.8452,50.4016],[19.8459,50.402],[19.8463,50.4028],[19.8507,50.4028],[19.8517,50.4052],[19.8526,50.4062],[19.8525,50.407],[19.8508,50.4072],[19.8508,50.4092],[19.8497,50.4096],[19.8473,50.41],[19.8476,50.412],[19.8473,50.4135],[19.8474,50.4154],[19.847,50.4162],[19.8461,50.4164],[19.8445,50.4161],[19.8428,50.4156],[19.8425,50.4163],[19.8429,50.4198],[19.8434,50.4214],[19.8436,50.4233],[19.8433,50.4247],[19.8479,50.4251],[19.8484,50.4253],[19.8452,50.4309],[19.8439,50.4308],[19.844,50.4317],[19.8446,50.4342],[19.8445,50.4342],[19.8446,50.4342],[19.8474,50.4343],[19.8493,50.4347],[19.8503,50.4347],[19.8535,50.4351],[19.8536,50.4356],[19.8527,50.4373],[19.8527,50.4383],[19.852,50.4404],[19.8514,50.4412],[19.8503,50.4437],[19.8506,50.4447],[19.8513,50.4455],[19.8514,50.4463],[19.853,50.4474],[19.855,50.4478],[19.8579,50.448],[19.861,50.4484],[19.8647,50.4485],[19.8662,50.4487],[19.8685,50.4487],[19.8701,50.449],[19.8717,50.449],[19.8736,50.4492],[19.8764,50.4493],[19.8772,50.4492],[19.8782,50.4495],[19.8814,50.4501],[19.884,50.4504],[19.8882,50.4511],[19.889,50.4515],[19.8907,50.4516],[19.8911,50.4522],[19.8931,50.4518],[19.895,50.452],[19.8969,50.4524],[19.899,50.4534],[19.8998,50.4534],[19.9019,50.4553],[19.903,50.4568],[19.9018,50.4581],[19.8981,50.4608],[19.8973,50.4605],[19.8954,50.4607],[19.8945,50.4611],[19.8956,50.4622],[19.8936,50.4629],[19.8936,50.4636],[19.8943,50.4642],[19.8921,50.4662],[19.8923,50.4667],[19.8935,50.467],[19.895,50.4669],[19.8964,50.4673],[19.8967,50.4679],[19.8955,50.4689],[19.8957,50.4702],[19.8978,50.4711],[19.9005,50.4735],[19.904,50.473],[19.906,50.4728],[19.9091,50.4727],[19.9093,50.4749],[19.9097,50.4751],[19.9121,50.4748],[19.9151,50.4747],[19.9163,50.4748],[19.9171,50.4746],[19.9215,50.4749],[19.9247,50.4749],[19.9271,50.475],[19.9284,50.4753],[19.93,50.4766],[19.9319,50.4773],[19.9328,50.4782],[19.9346,50.4786],[19.9369,50.4789],[19.9397,50.4789],[19.9421,50.4784],[19.9438,50.4783],[19.9452,50.478],[19.9469,50.4781],[19.9472,50.4778],[19.9487,50.4778],[19.9507,50.4774],[19.9525,50.4767],[19.9538,50.4766],[19.9542,50.4776],[19.9556,50.4772],[19.9579,50.4768],[19.9612,50.4768],[19.9639,50.4757],[19.9651,50.4756],[19.9674,50.4749],[19.9676,50.4746],[19.9705,50.474],[19.973,50.4755],[19.974,50.4769],[19.97,50.4776],[19.9677,50.4799],[19.968,50.4814],[19.9678,50.483],[19.9669,50.4844],[19.9662,50.4848],[19.9651,50.4861],[19.9642,50.4877],[19.964,50.4887],[19.9629,50.4888],[19.9614,50.4899],[19.9601,50.4904],[19.9575,50.4909],[19.9563,50.4909],[19.9546,50.4933],[19.9535,50.494],[19.9523,50.4942],[19.9517,50.4956],[19.9518,50.4976],[19.9512,50.4995],[19.9502,50.5022],[19.95,50.5048]]]}},{"type":"Feature","id":"powiat-myslenicki","properties":{"slug":"powiat-myslenicki","name":"powiat myślenicki"},"geometry":{"type":"Polygon","coordinates":[[[19.8103,49.8852],[19.812,49.8857],[19.813,49.8866],[19.8129,49.8881],[19.8118,49.8885],[19.8129,49.8889],[19.8149,49.8887],[19.8154,49.8884],[19.8167,49.8883],[19.8178,49.8886],[19.8194,49.8899],[19.8196,49.8905],[19.821,49.8914],[19.8211,49.8923],[19.8201,49.8941],[19.8213,49.8941],[19.823,49.8937],[19.824,49.8938],[19.8244,49.8943],[19.8246,49.8953],[19.8233,49.8976],[19.8241,49.8976],[19.8254,49.8982],[19.826,49.8998],[19.8259,49.9004],[19.8273,49.9009],[19.8284,49.9016],[19.8316,49.9015],[19.8323,49.9017],[19.8331,49.9024],[19.8329,49.9028],[19.8332,49.9037],[19.8324,49.9044],[19.8317,49.9065],[19.8323,49.907],[19.8331,49.9064],[19.8354,49.9064],[19.8354,49.9077],[19.8358,49.9081],[19.8379,49.9094],[19.8391,49.9097],[19.8437,49.9101],[19.8466,49.9108],[19.8523,49.913],[19.8533,49.9137],[19.8545,49.9157],[19.8546,49.9166],[19.8542,49.917],[19.852,49.9185],[19.8505,49.9194],[19.8488,49.9219],[19.8482,49.9225],[19.8483,49.9237],[19.8491,49.9259],[19.8492,49.9272],[19.8496,49.9283],[19.8502,49.9286],[19.8505,49.9297],[19.8501,49.9301],[19.8502,49.9313],[19.8544,49.9308],[19.86,49.9262],[19.8644,49.9267],[19.8654,49.9272],[19.8687,49.9274],[19.8706,49.9274],[19.8725,49.9264],[19.874,49.9259],[19.8739,49.9248],[19.875,49.9244],[19.8761,49.9251],[19.8769,49.9248],[19.8789,49.9248],[19.8795,49.9244],[19.8823,49.924],[19.883,49.9241],[19.8832,49.9223],[19.8838,49.9208],[19.8816,49.9198],[19.881,49.9198],[19.8804,49.9191],[19.8815,49.9177],[19.8799,49.917],[19.8801,49.9167],[19.8792,49.9161],[19.8815,49.9161],[19.8828,49.9154],[19.8836,49.9158],[19.8843,49.9156],[19.886,49.9159],[19.8865,49.9156],[19.8866,49.9147],[19.8873,49.9128],[19.8887,49.9122],[19.8908,49.9115],[19.8931,49.9115],[19.8945,49.9106],[19.8954,49.9095],[19.8963,49.9091],[19.8974,49.9077],[19.8977,49.907],[19.8992,49.9053],[19.8991,49.9046],[19.8996,49.9039],[19.9009,49.9025],[19.9015,49.9021],[19.9016,49.9021],[19.9015,49.9021],[19.9016,49.9021],[19.9037,49.9013],[19.9038,49.9013],[19.9037,49.9013],[19.9038,49.9013],[19.9046,49.9011],[19.906,49.9],[19.9067,49.8997],[19.908,49.8997],[19.9095,49.8992],[19.9113,49.8994],[19.9133,49.8989],[19.9161,49.8994],[19.9166,49.9],[19.9179,49.9003],[19.9191,49.9012],[19.9187,49.9022],[19.9197,49.9023],[19.9195,49.9038],[19.9204,49.904],[19.9218,49.904],[19.9234,49.9033],[19.9245,49.903],[19.9258,49.9031],[19.9265,49.9027],[19.9276,49.9031],[19.9294,49.9031],[19.9303,49.9033],[19.9305,49.9043],[19.9299,49.9046],[19.9298,49.9046],[19.9299,49.9046],[19.9296,49.9053],[19.9306,49.9058],[19.9305,49.9067],[19.9308,49.9073],[19.9334,49.9083],[19.9335,49.9088],[19.9336,49.9089],[19.9337,49.909],[19.9345,49.9095],[19.9336,49.9101],[19.934,49.9109],[19.9331,49.9115],[19.9331,49.9119],[19.9334,49.9122],[19.9334,49.9145],[19.9327,49.9154],[19.9334,49.9157],[19.9351,49.9169],[19.9362,49.9171],[19.9381,49.917],[19.9387,49.9172],[19.9387,49.9182],[19.9395,49.9196],[19.9394,49.9204],[19.9405,49.9214],[19.9415,49.9227],[19.9435,49.9238],[19.9446,49.9233],[19.9461,49.9234],[19.9514,49.9221],[19.9544,49.9215],[19.9553,49.9215],[19.9588,49.9209],[19.9588,49.9212],[19.9609,49.922],[19.9609,49.9226],[19.9624,49.9238],[19.9626,49.9245],[19.9637,49.9256],[19.9643,49.9254],[19.9668,49.9273],[19.9684,49.9275],[19.9703,49.9274],[19.9714,49.9275],[19.9741,49.9283],[19.9758,49.9284],[19.9779,49.9305],[19.9795,49.9309],[19.9802,49.9315],[19.9813,49.9316],[19.9822,49.9313],[19.9845,49.9315],[19.9874,49.9315],[19.9883,49.9316],[19.99,49.9321],[19.9937,49.9321],[19.9964,49.9317],[19.9996,49.9316],[20.0013,49.9311],[20.0025,49.9306],[20.0029,49.9298],[20.0038,49.9288],[20.004,49.9277],[20.0036,49.9262],[20.005,49.9261],[20.0054,49.9253],[20.0066,49.9237],[20.006,49.9231],[20.0064,49.9218],[20.0056,49.9206],[20.0053,49.9191],[20.0061,49.9186],[20.006,49.9177],[20.006,49.9173],[20.0073,49.9162],[20.008,49.9154],[20.0079,49.915],[20.0093,49.9138],[20.0102,49.9133],[20.0104,49.9127],[20.0115,49.9115],[20.0147,49.9099],[20.0172,49.9091],[20.0175,49.9085],[20.0171,49.9081],[20.0164,49.9067],[20.0166,49.906],[20.0179,49.9066],[20.0195,49.9081],[20.0194,49.9084],[20.0199,49.9099],[20.0208,49.91],[20.0215,49.9105],[20.0226,49.9109],[20.0233,49.9114],[20.0245,49.9115],[20.0251,49.9113],[20.0264,49.9118],[20.0276,49.9119],[20.0294,49.9129],[20.0297,49.9135],[20.0294,49.9145],[20.0298,49.9161],[20.0307,49.9164],[20.0332,49.9163],[20.0343,49.9166],[20.0361,49.9166],[20.0373,49.9164],[20.04,49.9163],[20.0403,49.9172],[20.042,49.9174],[20.0426,49.9182],[20.044,49.9196],[20.0445,49.9198],[20.0471,49.9192],[20.0496,49.9192],[20.0519,49.9187],[20.0554,49.9182],[20.0569,49.9179],[20.0581,49.9167],[20.0595,49.9166],[20.0618,49.9155],[20.0627,49.9143],[20.0636,49.9139],[20.0643,49.9141],[20.064,49.9151],[20.0648,49.9159],[20.0667,49.9162],[20.0679,49.9168],[20.0689,49.9182],[20.0696,49.9188],[20.072,49.9191],[20.0734,49.9188],[20.0744,49.919],[20.0751,49.9195],[20.075,49.9212],[20.0756,49.9223],[20.0753,49.9237],[20.0762,49.9254],[20.0762,49.9266],[20.0766,49.9272],[20.0765,49.9283],[20.0782,49.9288],[20.0796,49.9283],[20.0821,49.9282],[20.0849,49.9274],[20.086,49.9269],[20.0863,49.9265],[20.0872,49.9263],[20.0883,49.9257],[20.0894,49.9238],[20.0903,49.9233],[20.0906,49.9229],[20.0909,49.9224],[20.0917,49.9219],[20.0927,49.9217],[20.0947,49.9207],[20.0972,49.9198],[20.0984,49.9192],[20.0998,49.9191],[20.1003,49.9186],[20.1001,49.918],[20.101,49.9176],[20.1026,49.9181],[20.102,49.9188],[20.102,49.9194],[20.1013,49.9208],[20.1013,49.9221],[20.1018,49.9226],[20.1035,49.9231],[20.1045,49.9227],[20.1047,49.9218],[20.106,49.9199],[20.1078,49.9202],[20.1099,49.9201],[20.1106,49.9198],[20.1102,49.9193],[20.1105,49.9186],[20.1099,49.9177],[20.1107,49.9169],[20.1117,49.915],[20.1123,49.9146],[20.1132,49.915],[20.1152,49.9152],[20.1171,49.9147],[20.1182,49.9132],[20.1188,49.9133],[20.1193,49.9122],[20.1189,49.9118],[20.1159,49.9104],[20.1158,49.9096],[20.1153,49.9093],[20.1154,49.9087],[20.1149,49.9082],[20.1156,49.9072],[20.1164,49.9065],[20.1172,49.9064],[20.1174,49.9051],[20.1168,49.9049],[20.1169,49.9033],[20.1147,49.903],[20.1141,49.9032],[20.1125,49.9032],[20.1117,49.9025],[20.1122,49.9012],[20.1128,49.9005],[20.1115,49.9004],[20.1098,49.9014],[20.1092,49.902],[20.1079,49.9017],[20.1097,49.9],[20.1101,49.8992],[20.1109,49.8992],[20.1116,49.8988],[20.1126,49.899],[20.1155,49.8986],[20.1163,49.8987],[20.1177,49.8971],[20.1202,49.8955],[20.1193,49.8944],[20.1198,49.8926],[20.1205,49.8918],[20.1215,49.8911],[20.1243,49.89],[20.1234,49.8888],[20.1241,49.8885],[20.1254,49.8896],[20.1267,49.8885],[20.1279,49.8886],[20.1283,49.8881],[20.1299,49.8877],[20.1313,49.8876],[20.1326,49.8878],[20.1331,49.8885],[20.1351,49.8883],[20.137,49.8888],[20.1373,49.8883],[20.1394,49.8885],[20.1398,49.8887],[20.1411,49.888],[20.1425,49.8869],[20.1434,49.8876],[20.1438,49.8888],[20.1445,49.8892],[20.1456,49.8891],[20.1464,49.8893],[20.1475,49.889],[20.151,49.889],[20.152,49.8898],[20.1526,49.8895],[20.1521,49.8884],[20.1534,49.8886],[20.1556,49.8886],[20.1562,49.8891],[20.1566,49.8901],[20.1565,49.8907],[20.1578,49.8905],[20.1595,49.8912],[20.1601,49.8917],[20.1607,49.8927],[20.1617,49.8933],[20.1634,49.8938],[20.165,49.894],[20.1683,49.8939],[20.1712,49.8901],[20.1701,49.8901],[20.1702,49.8895],[20.1711,49.8895],[20.1711,49.889],[20.1718,49.8881],[20.1725,49.8877],[20.173,49.8886],[20.1743,49.8886],[20.1749,49.8882],[20.1758,49.8882],[20.1777,49.8878],[20.1783,49.8881],[20.1806,49.8882],[20.181,49.8876],[20.1818,49.8872],[20.1823,49.8877],[20.1839,49.8873],[20.1853,49.8874],[20.1853,49.8864],[20.1843,49.8861],[20.1821,49.8859],[20.1797,49.8855],[20.1782,49.8857],[20.177,49.8856],[20.1761,49.8852],[20.1751,49.8852],[20.1742,49.8839],[20.1746,49.8833],[20.1743,49.882],[20.1743,49.881],[20.1751,49.8788],[20.1751,49.8778],[20.1761,49.8765],[20.1773,49.8761],[20.179,49.8772],[20.1801,49.8774],[20.1813,49.878],[20.1825,49.8783],[20.1843,49.8783],[20.1873,49.8788],[20.1881,49.8782],[20.1886,49.8786],[20.1897,49.8788],[20.1904,49.8786],[20.1945,49.8786],[20.1965,49.8785],[20.1973,49.8787],[20.1972,49.8776],[20.1963,49.8768],[20.1962,49.8759],[20.1958,49.8752],[20.1945,49.8747],[20.1942,49.8739],[20.1961,49.8734],[20.1978,49.8732],[20.1999,49.8724],[20.2017,49.8708],[20.2022,49.8697],[20.2021,49.8691],[20.2034,49.8686],[20.2046,49.8686],[20.2065,49.868],[20.2074,49.8681],[20.2102,49.868],[20.2111,49.8685],[20.2117,49.8682],[20.2131,49.8681],[20.2146,49.8685],[20.2163,49.8684],[20.2188,49.8691],[20.2204,49.8685],[20.2202,49.8678],[20.221,49.8667],[20.2219,49.8662],[20.2231,49.866],[20.2248,49.865],[20.2265,49.8645],[20.228,49.8644],[20.2286,49.8641],[20.2313,49.864],[20.2325,49.8636],[20.2327,49.8623],[20.2339,49.8609],[20.235,49.8585],[20.237,49.8562],[20.237,49.854],[20.2365,49.8522],[20.2359,49.8511],[20.2352,49.8509],[20.2353,49.8491],[20.2356,49.8486],[20.2383,49.848],[20.2403,49.8479],[20.2401,49.8474],[20.2406,49.8466],[20.2401,49.8457],[20.2405,49.845],[20.2412,49.8446],[20.2425,49.845],[20.2433,49.8447],[20.2437,49.844],[20.245,49.8433],[20.2466,49.8437],[20.2457,49.8422],[20.2451,49.8417],[20.2468,49.8403],[20.2469,49.8398],[20.2457,49.8377],[20.2458,49.8373],[20.2451,49.8368],[20.2452,49.8364],[20.2475,49.8352],[20.2468,49.8341],[20.2457,49.8337],[20.2456,49.8333],[20.2441,49.8323],[20.2437,49.8311],[20.2442,49.8297],[20.2443,49.8295],[20.2434,49.8287],[20.2433,49.8281],[20.2433,49.8277],[20.242,49.827],[20.2414,49.8261],[20.2395,49.8256],[20.2373,49.8246],[20.2357,49.8246],[20.2349,49.8243],[20.2343,49.8231],[20.2324,49.8231],[20.2303,49.8228],[20.2303,49.8239],[20.2289,49.8241],[20.2268,49.824],[20.2253,49.8235],[20.224,49.8227],[20.2235,49.8235],[20.2222,49.8227],[20.2216,49.8226],[20.221,49.822],[20.2226,49.8208],[20.2232,49.8187],[20.2215,49.8185],[20.222,49.818],[20.2194,49.8175],[20.2175,49.8168],[20.2152,49.8166],[20.2136,49.816],[20.213,49.8155],[20.2131,49.8145],[20.2116,49.8135],[20.2107,49.8132],[20.2097,49.8128],[20.2106,49.8122],[20.2107,49.8118],[20.2103,49.8115],[20.2109,49.8108],[20.211,49.8101],[20.2118,49.8099],[20.2124,49.8093],[20.2135,49.8088],[20.2146,49.8088],[20.2148,49.8079],[20.2144,49.8077],[20.2135,49.8074],[20.213,49.8078],[20.2094,49.8076],[20.2078,49.8076],[20.2067,49.8074],[20.2065,49.8075],[20.2057,49.8079],[20.2023,49.8087],[20.1994,49.8088],[20.1985,49.8083],[20.1977,49.8073],[20.1964,49.8061],[20.194,49.8053],[20.1917,49.8049],[20.1902,49.8044],[20.1857,49.8048],[20.1827,49.806],[20.1807,49.806],[20.1789,49.8061],[20.1783,49.8055],[20.1773,49.8053],[20.1768,49.8048],[20.1757,49.8047],[20.1753,49.8045],[20.1748,49.8041],[20.1734,49.8039],[20.1745,49.8029],[20.1731,49.8023],[20.1722,49.8008],[20.1713,49.8006],[20.1696,49.8007],[20.1695,49.801],[20.1672,49.801],[20.1654,49.8012],[20.1633,49.8018],[20.1621,49.8018],[20.1605,49.8021],[20.159,49.8021],[20.157,49.8025],[20.1557,49.8031],[20.1548,49.8041],[20.1534,49.805],[20.153,49.8041],[20.1536,49.8034],[20.1537,49.8015],[20.1533,49.8002],[20.1531,49.798],[20.1519,49.7958],[20.1503,49.7939],[20.15,49.7923],[20.1486,49.7905],[20.1484,49.79],[20.1483,49.7884],[20.1497,49.7847],[20.1497,49.782],[20.1495,49.781],[20.1497,49.7804],[20.1493,49.7785],[20.1496,49.7769],[20.1495,49.7761],[20.1486,49.775],[20.1473,49.7743],[20.1455,49.7738],[20.1427,49.7736],[20.1418,49.7731],[20.1413,49.7724],[20.1413,49.7714],[20.1404,49.7705],[20.1393,49.7698],[20.1392,49.7691],[20.1387,49.7685],[20.1381,49.7671],[20.1377,49.7645],[20.1381,49.7634],[20.1394,49.7626],[20.1395,49.7613],[20.1407,49.7596],[20.1415,49.7591],[20.1418,49.7564],[20.1415,49.7561],[20.1426,49.755],[20.1432,49.7528],[20.142,49.7519],[20.142,49.7508],[20.141,49.7504],[20.1402,49.7498],[20.1398,49.7488],[20.1379,49.7473],[20.1362,49.7464],[20.1344,49.7459],[20.1337,49.7453],[20.1325,49.7448],[20.1291,49.7442],[20.1278,49.7438],[20.1259,49.7438],[20.1245,49.744],[20.1231,49.7439],[20.1198,49.7439],[20.119,49.7441],[20.1172,49.7441],[20.1159,49.7443],[20.1132,49.7455],[20.1111,49.7453],[20.1103,49.745],[20.1096,49.7443],[20.1081,49.7435],[20.107,49.7431],[20.1064,49.7412],[20.1056,49.7403],[20.1047,49.7397],[20.1044,49.7389],[20.1045,49.7381],[20.1041,49.7378],[20.1043,49.7366],[20.1037,49.7352],[20.1039,49.735],[20.1015,49.7331],[20.101,49.7325],[20.0982,49.7326],[20.0972,49.7323],[20.0971,49.7317],[20.0953,49.7318],[20.0938,49.7324],[20.0917,49.7325],[20.09,49.7314],[20.0889,49.7314],[20.0882,49.7309],[20.087,49.7307],[20.086,49.7308],[20.0851,49.7306],[20.0833,49.7306],[20.0814,49.731],[20.0804,49.7316],[20.0794,49.7318],[20.0785,49.7324],[20.0774,49.7323],[20.0767,49.731],[20.0753,49.7308],[20.0727,49.731],[20.0703,49.7331],[20.0677,49.7336],[20.0649,49.7352],[20.0633,49.7359],[20.0618,49.736],[20.0584,49.7371],[20.0579,49.7374],[20.0569,49.737],[20.0558,49.7369],[20.0551,49.7372],[20.054,49.7381],[20.0532,49.7385],[20.0523,49.7394],[20.0511,49.74],[20.0508,49.7405],[20.0494,49.7411],[20.0489,49.7417],[20.0471,49.7431],[20.0467,49.7431],[20.0452,49.7439],[20.0448,49.7443],[20.0436,49.7448],[20.043,49.7453],[20.0402,49.7465],[20.0393,49.7464],[20.0387,49.7457],[20.0378,49.7451],[20.0363,49.7434],[20.0354,49.7427],[20.0331,49.7416],[20.0319,49.7402],[20.0308,49.7381],[20.0296,49.7375],[20.0269,49.7365],[20.0269,49.7355],[20.0262,49.7344],[20.0252,49.7338],[20.0251,49.7334],[20.0232,49.7321],[20.0226,49.731],[20.0213,49.7303],[20.0235,49.7281],[20.0248,49.7265],[20.0243,49.7257],[20.0239,49.7236],[20.0239,49.7226],[20.0244,49.7218],[20.0245,49.7201],[20.0237,49.7189],[20.0224,49.7176],[20.0205,49.7164],[20.0192,49.7139],[20.0173,49.7126],[20.0167,49.7118],[20.0146,49.7118],[20.0144,49.7116],[20.0115,49.7118],[20.008,49.7102],[20.0065,49.7079],[20.0053,49.7066],[20.005,49.706],[20.0032,49.7033],[20.0028,49.7029],[20.0022,49.7016],[20.0017,49.7011],[20.0017,49.7001],[20.0025,49.6985],[20.0048,49.6974],[20.0074,49.6967],[20.0083,49.6959],[20.0083,49.6949],[20.0076,49.6936],[20.0074,49.6924],[20.0075,49.6912],[20.0085,49.6902],[20.0103,49.6887],[20.0107,49.6882],[20.0104,49.6868],[20.0103,49.6844],[20.0104,49.6828],[20.0108,49.6819],[20.0121,49.6803],[20.0115,49.6787],[20.011,49.6763],[20.0115,49.674],[20.0118,49.6733],[20.0117,49.6721],[20.009,49.6693],[20.0082,49.6682],[20.007,49.6661],[20.0065,49.6645],[20.006,49.6638],[20.0053,49.6621],[20.0042,49.6607],[20.0037,49.6591],[20.0031,49.658],[20.0017,49.6567],[20.0013,49.6558],[20.0006,49.6551],[19.9993,49.6543],[19.9964,49.6536],[19.9946,49.6526],[19.9938,49.6526],[19.9919,49.6535],[19.9901,49.6543],[19.9883,49.6547],[19.986,49.6555],[19.9834,49.6562],[19.9821,49.6567],[19.9802,49.6571],[19.9776,49.6579],[19.9769,49.6585],[19.9753,49.6592],[19.9748,49.6597],[19.9724,49.6607],[19.9709,49.6611],[19.9679,49.661],[19.9672,49.6611],[19.9648,49.6606],[19.963,49.6604],[19.9615,49.6604],[19.96,49.6606],[19.9586,49.6606],[19.957,49.6608],[19.9553,49.6608],[19.9528,49.6598],[19.9509,49.6596],[19.9476,49.66],[19.9468,49.6585],[19.9471,49.6576],[19.9473,49.6549],[19.9472,49.6529],[19.9479,49.6517],[19.948,49.6505],[19.9476,49.6495],[19.9487,49.6484],[19.9507,49.6455],[19.9509,49.6449],[19.9519,49.6441],[19.9529,49.6437],[19.9534,49.6432],[19.9534,49.6426],[19.954,49.642],[19.956,49.6406],[19.9549,49.6396],[19.9544,49.6387],[19.9506,49.6361],[19.9496,49.6351],[19.9473,49.6337],[19.9476,49.6327],[19.9473,49.6315],[19.9473,49.6289],[19.9475,49.6281],[19.9484,49.6268],[19.9491,49.6253],[19.9505,49.6248],[19.9499,49.6231],[19.9513,49.6212],[19.9502,49.6203],[19.9492,49.6208],[19.9475,49.6186],[19.9466,49.618],[19.9445,49.6193],[19.9433,49.6187],[19.9412,49.6194],[19.9397,49.6196],[19.9389,49.62],[19.9407,49.6216],[19.9385,49.6222],[19.9368,49.6222],[19.9359,49.6217],[19.9343,49.6219],[19.932,49.6217],[19.9309,49.6214],[19.9303,49.6208],[19.9252,49.6233],[19.9236,49.6235],[19.9217,49.624],[19.9204,49.6234],[19.92,49.623],[19.919,49.6232],[19.9168,49.6242],[19.9147,49.6249],[19.9126,49.6259],[19.9117,49.6269],[19.9104,49.6278],[19.9072,49.6292],[19.9036,49.631],[19.9028,49.6312],[19.9008,49.6325],[19.9001,49.6333],[19.8994,49.635],[19.8989,49.6354],[19.8966,49.6358],[19.8945,49.6367],[19.8937,49.6376],[19.8957,49.6383],[19.8955,49.6387],[19.8959,49.6397],[19.8977,49.6401],[19.9008,49.6414],[19.9011,49.6418],[19.9016,49.6435],[19.9028,49.6444],[19.9052,49.6447],[19.9062,49.645],[19.906,49.646],[19.9064,49.6469],[19.9058,49.6481],[19.9053,49.6482],[19.9042,49.6493],[19.904,49.6512],[19.9043,49.6522],[19.904,49.6539],[19.9047,49.6559],[19.9052,49.6579],[19.9052,49.6592],[19.9022,49.6605],[19.901,49.6632],[19.9001,49.6645],[19.8991,49.667],[19.8983,49.6681],[19.897,49.6694],[19.896,49.6714],[19.8945,49.6729],[19.894,49.6742],[19.893,49.6754],[19.8923,49.6754],[19.8913,49.6762],[19.8908,49.677],[19.8903,49.6769],[19.8895,49.6775],[19.8886,49.679],[19.887,49.6806],[19.8858,49.6833],[19.8872,49.6836],[19.8879,49.684],[19.8894,49.6855],[19.888,49.6866],[19.8888,49.6874],[19.8881,49.6883],[19.8876,49.6904],[19.8876,49.6911],[19.8886,49.6917],[19.8903,49.6912],[19.8927,49.6914],[19.8956,49.6908],[19.897,49.6909],[19.8966,49.6915],[19.8959,49.6917],[19.8941,49.6932],[19.893,49.6946],[19.8937,49.6947],[19.8953,49.6954],[19.8963,49.6953],[19.8978,49.6955],[19.8988,49.6963],[19.9006,49.6973],[19.902,49.7005],[19.9024,49.701],[19.9055,49.704],[19.9081,49.7057],[19.9089,49.7064],[19.909,49.707],[19.9085,49.7097],[19.9092,49.711],[19.911,49.7127],[19.9117,49.7131],[19.9093,49.714],[19.9085,49.7136],[19.9079,49.7126],[19.906,49.7132],[19.9039,49.7134],[19.9024,49.7137],[19.9,49.7137],[19.8985,49.7129],[19.897,49.7123],[19.8959,49.7116],[19.8948,49.7112],[19.8914,49.7112],[19.8891,49.711],[19.8872,49.7112],[19.8861,49.7116],[19.8838,49.7118],[19.8824,49.7122],[19.8766,49.7135],[19.8744,49.7136],[19.8719,49.7132],[19.8699,49.7127],[19.8699,49.714],[19.8684,49.715],[19.8673,49.7145],[19.8644,49.7136],[19.8624,49.7123],[19.8608,49.7119],[19.8603,49.7123],[19.858,49.7122],[19.8576,49.7114],[19.8551,49.7111],[19.8547,49.7102],[19.8516,49.7101],[19.8488,49.7093],[19.847,49.7093],[19.8451,49.7091],[19.843,49.7093],[19.8403,49.7098],[19.8367,49.7097],[19.8347,49.7093],[19.8335,49.7094],[19.8314,49.7089],[19.8296,49.7086],[19.8281,49.7074],[19.8256,49.7073],[19.8247,49.7071],[19.8228,49.707],[19.8219,49.7072],[19.8182,49.7076],[19.8167,49.7072],[19.8159,49.7072],[19.8151,49.7067],[19.8122,49.7063],[19.8108,49.706],[19.8088,49.7065],[19.8067,49.7062],[19.8055,49.7062],[19.8045,49.7059],[19.8011,49.7055],[19.8005,49.705],[19.8002,49.7041],[19.7976,49.7046],[19.7971,49.7045],[19.7959,49.7055],[19.7955,49.7067],[19.7954,49.7094],[19.7957,49.7101],[19.7955,49.7117],[19.7946,49.7128],[19.7946,49.7141],[19.7955,49.7152],[19.7957,49.7159],[19.7954,49.718],[19.7943,49.7203],[19.7942,49.7211],[19.7925,49.7239],[19.7907,49.7239],[19.7907,49.7246],[19.7928,49.7251],[19.7938,49.7255],[19.794,49.726],[19.795,49.726],[19.7966,49.7267],[19.7981,49.7277],[19.7973,49.7281],[19.7971,49.7286],[19.7955,49.7291],[19.7951,49.7301],[19.7951,49.7309],[19.7935,49.7313],[19.7922,49.7313],[19.7916,49.7308],[19.7905,49.7306],[19.7883,49.7314],[19.7883,49.7318],[19.7863,49.7325],[19.7868,49.7349],[19.786,49.7347],[19.7855,49.7352],[19.7846,49.7353],[19.7843,49.7372],[19.7854,49.7381],[19.7855,49.7393],[19.7868,49.7402],[19.7883,49.7422],[19.787,49.7434],[19.7859,49.7448],[19.7847,49.7453],[19.7845,49.7458],[19.7818,49.7469],[19.7815,49.748],[19.7804,49.7495],[19.7802,49.7503],[19.7789,49.7503],[19.7774,49.7508],[19.7764,49.7506],[19.7748,49.7508],[19.7731,49.7508],[19.7721,49.751],[19.7721,49.7523],[19.7728,49.7523],[19.7733,49.7528],[19.7729,49.7543],[19.7741,49.7546],[19.775,49.7543],[19.7762,49.7544],[19.7776,49.755],[19.7773,49.7556],[19.7776,49.7567],[19.7792,49.7567],[19.7802,49.7565],[19.7811,49.7566],[19.7812,49.7571],[19.7829,49.7579],[19.7836,49.7587],[19.7846,49.7594],[19.7842,49.7604],[19.7847,49.7611],[19.7856,49.7614],[19.786,49.7609],[19.7883,49.7612],[19.7885,49.7616],[19.7908,49.7618],[19.7913,49.7629],[19.7941,49.7629],[19.7955,49.763],[19.7981,49.7636],[19.7996,49.7633],[19.8018,49.7634],[19.8034,49.7647],[19.8043,49.7656],[19.8045,49.7671],[19.8045,49.7702],[19.8036,49.7736],[19.8036,49.7749],[19.8032,49.7754],[19.8035,49.7762],[19.8033,49.7786],[19.8036,49.7794],[19.8036,49.7813],[19.8034,49.7823],[19.8025,49.7841],[19.8021,49.7845],[19.7997,49.7883],[19.7996,49.7897],[19.7992,49.7907],[19.798,49.7911],[19.7963,49.791],[19.795,49.7912],[19.7937,49.792],[19.7929,49.7908],[19.7911,49.7908],[19.7898,49.7913],[19.7861,49.7912],[19.783,49.7898],[19.7814,49.7896],[19.78,49.7897],[19.7787,49.7901],[19.7768,49.79],[19.7751,49.7886],[19.7742,49.7883],[19.772,49.7888],[19.7707,49.7885],[19.7692,49.7884],[19.7686,49.7875],[19.7677,49.7872],[19.7655,49.7878],[19.7627,49.7878],[19.7615,49.7874],[19.7608,49.7877],[19.759,49.788],[19.758,49.7873],[19.7549,49.7872],[19.754,49.7866],[19.751,49.7862],[19.7494,49.7871],[19.7486,49.788],[19.7454,49.7893],[19.7438,49.7903],[19.743,49.7905],[19.7447,49.792],[19.7446,49.7931],[19.7451,49.7937],[19.7466,49.7939],[19.7502,49.7955],[19.7507,49.7965],[19.7506,49.7969],[19.7511,49.7983],[19.7528,49.7992],[19.7519,49.8002],[19.7529,49.8014],[19.7537,49.8018],[19.7556,49.8036],[19.755,49.805],[19.7547,49.8065],[19.7541,49.8081],[19.754,49.8091],[19.7532,49.8098],[19.7528,49.8107],[19.7521,49.811],[19.7497,49.8133],[19.7509,49.8143],[19.7533,49.8155],[19.7519,49.8164],[19.7544,49.8175],[19.7572,49.8181],[19.7576,49.8186],[19.7574,49.82],[19.7581,49.8203],[19.7608,49.8208],[19.7618,49.8207],[19.7625,49.8201],[19.7653,49.82],[19.7686,49.82],[19.7687,49.8204],[19.768,49.8211],[19.7672,49.8225],[19.7678,49.825],[19.7649,49.825],[19.7624,49.8248],[19.7603,49.8248],[19.7582,49.8245],[19.757,49.8251],[19.7562,49.8251],[19.7555,49.8259],[19.7558,49.8271],[19.7568,49.8282],[19.7577,49.8289],[19.7576,49.8301],[19.7582,49.8301],[19.7584,49.8317],[19.7597,49.8316],[19.7625,49.8316],[19.764,49.8315],[19.7642,49.8345],[19.7641,49.8368],[19.7645,49.8375],[19.7644,49.8382],[19.7639,49.8399],[19.764,49.8406],[19.7645,49.841],[19.7644,49.8418],[19.7653,49.842],[19.7655,49.8426],[19.7664,49.8433],[19.7665,49.8442],[19.7692,49.8444],[19.7692,49.8449],[19.7713,49.8449],[19.7715,49.8453],[19.7725,49.8455],[19.7723,49.8461],[19.7731,49.8464],[19.7755,49.8467],[19.7755,49.8472],[19.7766,49.8482],[19.7761,49.8485],[19.7763,49.8492],[19.777,49.8494],[19.7765,49.851],[19.7771,49.8524],[19.7766,49.8532],[19.7766,49.8541],[19.7769,49.8555],[19.7765,49.8561],[19.7762,49.8579],[19.7768,49.8598],[19.7759,49.8621],[19.7764,49.8628],[19.7767,49.8639],[19.7773,49.8647],[19.777,49.8659],[19.7775,49.867],[19.7795,49.8671],[19.7802,49.8674],[19.782,49.8673],[19.7836,49.8681],[19.7852,49.8698],[19.7864,49.8705],[19.7869,49.872],[19.7879,49.8734],[19.7897,49.8743],[19.7906,49.8755],[19.7891,49.8751],[19.7891,49.8767],[19.7898,49.8769],[19.7909,49.8777],[19.7928,49.878],[19.794,49.8787],[19.7946,49.8778],[19.8007,49.8795],[19.8029,49.8802],[19.8036,49.8801],[19.8051,49.8804],[19.807,49.881],[19.81,49.8817],[19.8116,49.8823],[19.8115,49.883],[19.8109,49.8839],[19.8092,49.8846],[19.8103,49.8852]]]}},{"type":"Feature","id":"powiat-nowosadecki","properties":{"slug":"powiat-nowosadecki","name":"powiat nowosądecki"},"geometry":{"type":"Polygon","coordinates":[[[20.7132,49.8066],[20.7146,49.8064],[20.7181,49.8065],[20.7194,49.8063],[20.7228,49.8048],[20.7257,49.8039],[20.7272,49.8033],[20.7296,49.8027],[20.7339,49.8013],[20.7348,49.8007],[20.7368,49.8003],[20.7395,49.8001],[20.7395,49.7987],[20.7399,49.7973],[20.7409,49.7962],[20.7422,49.7952],[20.7428,49.7942],[20.7412,49.7931],[20.7401,49.7929],[20.7369,49.7908],[20.7367,49.7898],[20.7368,49.7882],[20.7377,49.788],[20.7379,49.7876],[20.7393,49.7871],[20.7407,49.7868],[20.7451,49.7868],[20.7467,49.7869],[20.7486,49.7873],[20.7501,49.7883],[20.7544,49.7887],[20.7562,49.7891],[20.7615,49.7884],[20.7626,49.7882],[20.7634,49.7878],[20.7644,49.7869],[20.7654,49.7867],[20.7661,49.7862],[20.7668,49.7864],[20.7693,49.7862],[20.77,49.7864],[20.7709,49.786],[20.7742,49.7857],[20.7747,49.7851],[20.7758,49.7847],[20.7762,49.7841],[20.7773,49.7838],[20.7781,49.784],[20.7803,49.7826],[20.7808,49.7819],[20.7822,49.7814],[20.7831,49.7814],[20.7839,49.781],[20.7846,49.7814],[20.7859,49.781],[20.7871,49.7799],[20.7877,49.7791],[20.7886,49.7784],[20.7907,49.7774],[20.7921,49.7766],[20.7928,49.776],[20.7962,49.7744],[20.7978,49.7741],[20.7988,49.7741],[20.8,49.7738],[20.8016,49.7747],[20.8024,49.7744],[20.8032,49.7731],[20.8048,49.772],[20.8069,49.7714],[20.8077,49.7705],[20.8078,49.7699],[20.8098,49.7696],[20.8112,49.7688],[20.812,49.7689],[20.8126,49.7682],[20.8145,49.7681],[20.815,49.7683],[20.8159,49.7678],[20.8169,49.768],[20.8183,49.7672],[20.8185,49.7664],[20.8196,49.7664],[20.8205,49.7652],[20.8216,49.7649],[20.8225,49.7643],[20.8229,49.7647],[20.824,49.765],[20.8249,49.7658],[20.8256,49.766],[20.827,49.7656],[20.8275,49.7652],[20.8293,49.7648],[20.8305,49.7648],[20.8314,49.7641],[20.8322,49.7639],[20.8322,49.7634],[20.8308,49.7615],[20.8325,49.762],[20.8334,49.7626],[20.8345,49.7638],[20.8365,49.7644],[20.8372,49.7652],[20.8397,49.7658],[20.8405,49.7648],[20.8416,49.7643],[20.8434,49.7638],[20.8453,49.7639],[20.8464,49.763],[20.8463,49.7626],[20.848,49.7614],[20.8481,49.7608],[20.8466,49.7597],[20.8467,49.7585],[20.8479,49.7577],[20.8487,49.7567],[20.849,49.7557],[20.85,49.7552],[20.8499,49.7546],[20.8512,49.7543],[20.8515,49.7537],[20.8506,49.7536],[20.8493,49.7531],[20.8505,49.7515],[20.8502,49.7509],[20.8517,49.7504],[20.8528,49.7506],[20.8535,49.7511],[20.8539,49.7518],[20.8548,49.752],[20.8543,49.7502],[20.8558,49.7503],[20.8564,49.7507],[20.8584,49.7511],[20.8589,49.7519],[20.8611,49.7523],[20.8656,49.751],[20.866,49.7507],[20.8659,49.7486],[20.8664,49.7479],[20.8663,49.7471],[20.8653,49.7465],[20.8659,49.7462],[20.8663,49.7449],[20.8676,49.7434],[20.8683,49.7437],[20.8731,49.7435],[20.8729,49.7418],[20.8746,49.7416],[20.8758,49.7413],[20.8756,49.7402],[20.8734,49.7373],[20.8709,49.7381],[20.8691,49.7376],[20.8684,49.7369],[20.8698,49.7362],[20.8708,49.7353],[20.873,49.7336],[20.8755,49.7331],[20.877,49.7326],[20.8824,49.7318],[20.8826,49.7317],[20.8852,49.7298],[20.8868,49.7292],[20.8873,49.7288],[20.8876,49.7276],[20.8885,49.726],[20.8905,49.7234],[20.8922,49.7218],[20.8922,49.7208],[20.8925,49.7203],[20.8923,49.7193],[20.8925,49.7178],[20.8922,49.7171],[20.8922,49.7148],[20.8917,49.7139],[20.8901,49.7122],[20.889,49.7104],[20.8884,49.7087],[20.8879,49.7084],[20.8882,49.7078],[20.8874,49.7077],[20.8871,49.7068],[20.8861,49.706],[20.8867,49.7058],[20.8868,49.7049],[20.8874,49.704],[20.8882,49.7037],[20.8886,49.7017],[20.8898,49.7018],[20.8901,49.7012],[20.8907,49.701],[20.8904,49.7003],[20.8907,49.6998],[20.8916,49.6996],[20.8916,49.6991],[20.8932,49.6984],[20.8933,49.6972],[20.8939,49.6969],[20.8948,49.697],[20.8953,49.6964],[20.8959,49.6964],[20.8965,49.6954],[20.8974,49.6947],[20.8974,49.694],[20.8984,49.692],[20.899,49.692],[20.8995,49.6912],[20.9019,49.6897],[20.9032,49.6883],[20.9044,49.6875],[20.9053,49.6872],[20.9061,49.6866],[20.9059,49.6859],[20.9069,49.6854],[20.9064,49.6848],[20.9078,49.6836],[20.9091,49.6835],[20.9098,49.6832],[20.9122,49.6834],[20.9135,49.6832],[20.9155,49.6825],[20.9164,49.6829],[20.9169,49.6827],[20.9175,49.6817],[20.9198,49.6791],[20.9211,49.679],[20.9243,49.6795],[20.9279,49.679],[20.9295,49.6786],[20.9306,49.6781],[20.9323,49.6776],[20.9337,49.6762],[20.9349,49.6753],[20.9365,49.6748],[20.9369,49.6739],[20.9374,49.6735],[20.9392,49.6728],[20.9403,49.6722],[20.9418,49.6717],[20.9422,49.6718],[20.9444,49.6711],[20.9451,49.6701],[20.9467,49.6687],[20.9478,49.667],[20.9488,49.6669],[20.9506,49.668],[20.9509,49.6686],[20.9519,49.6696],[20.9517,49.6701],[20.952,49.671],[20.9535,49.6721],[20.9546,49.6723],[20.9565,49.6723],[20.9573,49.6734],[20.9583,49.6744],[20.9609,49.6774],[20.9619,49.6795],[20.962,49.6812],[20.9618,49.6824],[20.9628,49.6824],[20.9641,49.6827],[20.9702,49.6833],[20.9723,49.6836],[20.9735,49.6839],[20.9756,49.6839],[20.9772,49.6845],[20.9807,49.6855],[20.984,49.6859],[20.9858,49.6862],[20.9881,49.6869],[20.9911,49.6875],[20.9931,49.688],[20.9951,49.6883],[20.996,49.6883],[20.9991,49.6886],[21.0029,49.6888],[21.0028,49.686],[21.0025,49.6851],[21.0025,49.6815],[21.0031,49.6795],[21.0039,49.678],[21.0041,49.6766],[21.0051,49.6764],[21.0061,49.6754],[21.0085,49.6734],[21.0098,49.6725],[21.0105,49.6718],[21.0123,49.6713],[21.0136,49.6706],[21.0189,49.6673],[21.0208,49.6656],[21.0237,49.6638],[21.0258,49.6628],[21.0279,49.662],[21.0303,49.6598],[21.0312,49.6593],[21.0312,49.6589],[21.0327,49.6582],[21.0347,49.6576],[21.0354,49.6571],[21.0378,49.6562],[21.0395,49.6547],[21.0408,49.6532],[21.0427,49.6525],[21.0445,49.6514],[21.0453,49.6513],[21.0473,49.6505],[21.0484,49.6508],[21.0507,49.6504],[21.0518,49.6504],[21.0532,49.65],[21.0545,49.6493],[21.0545,49.6483],[21.0557,49.6471],[21.0563,49.6458],[21.0574,49.6448],[21.0576,49.6442],[21.0585,49.6435],[21.0575,49.6421],[21.056,49.6406],[21.0544,49.6393],[21.0533,49.6374],[21.0502,49.6347],[21.0501,49.6342],[21.0493,49.6335],[21.0497,49.6321],[21.0492,49.631],[21.0498,49.6301],[21.0482,49.6282],[21.0486,49.6269],[21.0478,49.6262],[21.047,49.6251],[21.0467,49.6234],[21.0468,49.6225],[21.0473,49.6218],[21.0471,49.6201],[21.0461,49.6199],[21.045,49.6209],[21.0444,49.6207],[21.0437,49.6211],[21.043,49.6209],[21.0415,49.6209],[21.0396,49.6204],[21.0388,49.6206],[21.0366,49.6201],[21.0351,49.6193],[21.0337,49.6191],[21.0312,49.619],[21.0306,49.6185],[21.0295,49.6181],[21.0276,49.6169],[21.026,49.6156],[21.025,49.6161],[21.0241,49.616],[21.0225,49.6162],[21.0219,49.6158],[21.0198,49.6156],[21.018,49.6165],[21.0172,49.6153],[21.0175,49.6143],[21.0176,49.6121],[21.0175,49.6115],[21.0165,49.6107],[21.0154,49.611],[21.013,49.6108],[21.011,49.6112],[21.0096,49.6112],[21.0079,49.6104],[21.007,49.6096],[21.0052,49.6085],[21.0053,49.608],[21.0045,49.6063],[21.004,49.6056],[21.0041,49.6046],[21.0036,49.6031],[21.003,49.6023],[21.001,49.6012],[21.0001,49.601],[20.9997,49.599],[20.9998,49.5985],[20.9994,49.5968],[21.0008,49.5963],[21.0023,49.595],[21.0041,49.593],[21.0059,49.592],[21.0065,49.5909],[21.0064,49.5896],[21.0061,49.5886],[21.006,49.5872],[21.0073,49.5855],[21.0089,49.5825],[21.0088,49.582],[21.0099,49.5801],[21.0101,49.5786],[21.0108,49.5777],[21.0121,49.5773],[21.013,49.5768],[21.0141,49.577],[21.0149,49.5764],[21.0155,49.5755],[21.0157,49.5743],[21.0172,49.5735],[21.0192,49.5718],[21.02,49.5715],[21.0212,49.5704],[21.0236,49.5687],[21.0304,49.5669],[21.0303,49.5662],[21.0298,49.5654],[21.0271,49.5625],[21.0257,49.5608],[21.0246,49.5609],[21.0238,49.5602],[21.0224,49.5596],[21.0216,49.5588],[21.02,49.5583],[21.0189,49.5566],[21.0184,49.5564],[21.0183,49.5554],[21.0179,49.555],[21.0173,49.5537],[21.0166,49.5534],[21.0176,49.5523],[21.0163,49.5508],[21.0149,49.5499],[21.0132,49.5486],[21.0123,49.5483],[21.0102,49.5456],[21.0077,49.5416],[21.0067,49.541],[21.0049,49.5402],[21.0036,49.5387],[21.0027,49.5365],[21.0017,49.5351],[21.0009,49.535],[20.9994,49.5334],[20.9987,49.5315],[20.999,49.5302],[20.9996,49.5295],[20.9998,49.5284],[21.0007,49.5288],[21.002,49.5284],[21.0039,49.5276],[21.0053,49.5265],[21.0064,49.5266],[21.007,49.5262],[21.0075,49.5251],[21.0079,49.5233],[21.0085,49.5231],[21.0089,49.5212],[21.0088,49.5198],[21.0098,49.5182],[21.0098,49.5175],[21.0127,49.5145],[21.0116,49.5133],[21.0106,49.5129],[21.0105,49.5121],[21.0113,49.5097],[21.0113,49.5087],[21.0105,49.5072],[21.0098,49.5071],[21.008,49.5059],[21.0095,49.5044],[21.0115,49.5028],[21.0132,49.5019],[21.0145,49.5007],[21.0148,49.4999],[21.0162,49.4991],[21.0172,49.4975],[21.0177,49.497],[21.018,49.496],[21.0194,49.4959],[21.0215,49.4955],[21.0248,49.4956],[21.0265,49.4947],[21.0296,49.4953],[21.031,49.4947],[21.0325,49.4931],[21.0342,49.4928],[21.0342,49.4924],[21.0364,49.4914],[21.0363,49.4905],[21.0364,49.4897],[21.0371,49.4889],[21.0381,49.4884],[21.0384,49.4873],[21.0401,49.4855],[21.0406,49.484],[21.0393,49.4834],[21.0392,49.4827],[21.0416,49.4818],[21.0423,49.4824],[21.0459,49.481],[21.0458,49.4806],[21.0414,49.4788],[21.0409,49.4777],[21.04,49.4763],[21.0405,49.4748],[21.0406,49.4736],[21.04,49.4728],[21.0382,49.4715],[21.0378,49.4705],[21.0345,49.469],[21.0317,49.4669],[21.0302,49.4659],[21.0266,49.4644],[21.0236,49.462],[21.022,49.461],[21.0201,49.46],[21.0217,49.4586],[21.0227,49.4567],[21.0239,49.4558],[21.0252,49.4543],[21.0266,49.4523],[21.0286,49.4505],[21.03,49.4497],[21.0314,49.4493],[21.0337,49.4474],[21.0345,49.447],[21.0351,49.4462],[21.0354,49.4452],[21.0366,49.4442],[21.0367,49.4438],[21.0379,49.4429],[21.0396,49.442],[21.0411,49.4404],[21.0432,49.437],[21.0451,49.4375],[21.0456,49.4367],[21.0467,49.4359],[21.0471,49.4351],[21.0488,49.4337],[21.0488,49.4331],[21.0494,49.432],[21.0489,49.4311],[21.0491,49.4307],[21.0485,49.4296],[21.0489,49.4293],[21.0508,49.4294],[21.0519,49.4289],[21.0519,49.4266],[21.0525,49.4251],[21.0536,49.4236],[21.0542,49.422],[21.0547,49.4212],[21.052,49.4203],[21.0487,49.4194],[21.0482,49.4187],[21.0475,49.4183],[21.0472,49.4169],[21.0474,49.4155],[21.0479,49.4148],[21.0497,49.4141],[21.0504,49.4133],[21.0499,49.4121],[21.05,49.4109],[21.0506,49.4101],[21.0512,49.4098],[21.0519,49.408],[21.0519,49.4074],[21.0536,49.4056],[21.0543,49.4042],[21.0576,49.403],[21.0602,49.4023],[21.0633,49.402],[21.0659,49.4024],[21.0672,49.4021],[21.0682,49.4015],[21.069,49.3999],[21.0682,49.399],[21.0672,49.3973],[21.0675,49.3971],[21.0672,49.3962],[21.068,49.3955],[21.0695,49.3949],[21.0751,49.3933],[21.076,49.3923],[21.0783,49.391],[21.0792,49.3903],[21.0801,49.3899],[21.0814,49.3897],[21.0843,49.3884],[21.0851,49.3874],[21.0866,49.3862],[21.0875,49.3858],[21.0885,49.3846],[21.0894,49.3838],[21.09,49.3836],[21.0919,49.384],[21.0942,49.3831],[21.096,49.3819],[21.0968,49.3812],[21.1004,49.3793],[21.1022,49.3777],[21.103,49.3773],[21.1041,49.3764],[21.1024,49.3745],[21.1012,49.3741],[21.1001,49.3725],[21.0998,49.3714],[21.0991,49.3704],[21.0968,49.3691],[21.0966,49.368],[21.0941,49.3651],[21.0934,49.3652],[21.0914,49.365],[21.0909,49.3648],[21.0897,49.3653],[21.0875,49.3657],[21.0859,49.3652],[21.0848,49.3642],[21.0828,49.3638],[21.0817,49.3641],[21.0789,49.3639],[21.0776,49.3626],[21.0776,49.362],[21.0781,49.3613],[21.0777,49.3606],[21.077,49.3601],[21.0753,49.3593],[21.0736,49.3602],[21.0729,49.3612],[21.0709,49.3626],[21.069,49.3637],[21.0682,49.3644],[21.0666,49.3652],[21.066,49.3653],[21.0637,49.3645],[21.0625,49.3645],[21.0615,49.364],[21.0605,49.3639],[21.0581,49.3629],[21.0569,49.3627],[21.0544,49.3618],[21.0532,49.3626],[21.0506,49.3641],[21.0501,49.3647],[21.0489,49.3656],[21.0476,49.3659],[21.0471,49.3655],[21.0439,49.3654],[21.0423,49.3648],[21.041,49.3634],[21.0399,49.3629],[21.0394,49.3622],[21.0377,49.3616],[21.0364,49.3615],[21.0349,49.3605],[21.0348,49.3592],[21.0337,49.3584],[21.0329,49.3581],[21.0311,49.358],[21.0287,49.3574],[21.0273,49.3569],[21.0258,49.3558],[21.0255,49.3553],[21.0251,49.3535],[21.0232,49.3521],[21.0218,49.352],[21.0207,49.3511],[21.0197,49.3506],[21.0182,49.3492],[21.0173,49.3476],[21.0162,49.3469],[21.0133,49.3479],[21.0113,49.3476],[21.0106,49.3464],[21.0092,49.3454],[21.0095,49.3445],[21.0085,49.3433],[21.0069,49.3402],[21.007,49.3395],[21.0091,49.3371],[21.0089,49.3357],[21.0081,49.3349],[21.0041,49.3331],[21.0007,49.333],[20.9988,49.3333],[20.9967,49.3329],[20.9949,49.3319],[20.9931,49.3301],[20.9906,49.3294],[20.9891,49.3284],[20.989,49.3278],[20.9882,49.3271],[20.9883,49.3263],[20.9892,49.3256],[20.9889,49.3248],[20.989,49.3237],[20.9882,49.3232],[20.9887,49.3222],[20.9895,49.3215],[20.9901,49.3192],[20.9924,49.3169],[20.994,49.3156],[20.9938,49.3148],[20.9941,49.314],[20.9941,49.3127],[20.9937,49.312],[20.9928,49.3117],[20.991,49.3102],[20.9907,49.3097],[20.9893,49.3089],[20.9877,49.3085],[20.9869,49.3078],[20.9866,49.3066],[20.9858,49.3066],[20.9849,49.307],[20.9843,49.308],[20.9831,49.3076],[20.9822,49.3076],[20.9805,49.308],[20.9794,49.3087],[20.9777,49.3089],[20.977,49.3093],[20.9757,49.3095],[20.974,49.3094],[20.9726,49.309],[20.9701,49.3099],[20.9694,49.3095],[20.9677,49.3094],[20.9664,49.3088],[20.9655,49.3087],[20.9635,49.3088],[20.9627,49.3085],[20.9626,49.3073],[20.9619,49.3062],[20.9604,49.3058],[20.9586,49.306],[20.9572,49.3053],[20.9569,49.3047],[20.9543,49.3035],[20.9529,49.303],[20.949,49.3019],[20.9485,49.3021],[20.9461,49.3021],[20.945,49.3017],[20.9436,49.3016],[20.9426,49.301],[20.9419,49.3002],[20.9406,49.2998],[20.9403,49.2992],[20.9389,49.2989],[20.9384,49.299],[20.9372,49.2982],[20.935,49.2982],[20.9345,49.2979],[20.9331,49.2982],[20.9311,49.2971],[20.9305,49.2966],[20.9285,49.2964],[20.9267,49.2964],[20.9256,49.2961],[20.9237,49.2965],[20.9241,49.2969],[20.9241,49.2983],[20.9243,49.299],[20.9239,49.2995],[20.9223,49.3001],[20.9215,49.3007],[20.9212,49.3017],[20.9183,49.3035],[20.9175,49.3042],[20.9165,49.3047],[20.9149,49.305],[20.9123,49.3057],[20.9113,49.3063],[20.9105,49.3072],[20.91,49.3091],[20.9103,49.3102],[20.9103,49.3114],[20.9092,49.3123],[20.9045,49.3147],[20.9036,49.3154],[20.9031,49.3161],[20.9032,49.3176],[20.9041,49.3188],[20.9053,49.3192],[20.9073,49.3192],[20.9076,49.3198],[20.9071,49.3212],[20.906,49.3223],[20.9037,49.3235],[20.9023,49.324],[20.9001,49.3241],[20.8972,49.3253],[20.8968,49.3248],[20.8958,49.3248],[20.8931,49.3241],[20.8908,49.3241],[20.8896,49.3237],[20.8879,49.3226],[20.8871,49.3216],[20.8872,49.3203],[20.8867,49.3199],[20.8842,49.3191],[20.8833,49.3191],[20.8819,49.3195],[20.8813,49.3199],[20.8798,49.3202],[20.8789,49.3201],[20.8779,49.3203],[20.8763,49.3197],[20.8732,49.3197],[20.8731,49.3205],[20.8742,49.3215],[20.8758,49.322],[20.8774,49.3222],[20.8782,49.3221],[20.8794,49.3224],[20.8809,49.325],[20.8811,49.3256],[20.8808,49.3272],[20.8818,49.3278],[20.882,49.3286],[20.8811,49.3297],[20.8812,49.3306],[20.8823,49.332],[20.8824,49.3332],[20.8813,49.3344],[20.8797,49.3347],[20.8781,49.3353],[20.8769,49.3362],[20.8759,49.3378],[20.8745,49.3386],[20.874,49.3395],[20.8719,49.3406],[20.8703,49.3419],[20.8703,49.3427],[20.8695,49.3438],[20.8689,49.3452],[20.8681,49.346],[20.8653,49.3476],[20.862,49.3483],[20.8595,49.3484],[20.8556,49.3477],[20.8542,49.3472],[20.8531,49.3462],[20.852,49.3436],[20.8494,49.3414],[20.8474,49.3406],[20.8444,49.3402],[20.8433,49.3398],[20.8427,49.3392],[20.8408,49.3365],[20.8403,49.3355],[20.8397,49.3349],[20.8382,49.3342],[20.8366,49.334],[20.8357,49.3342],[20.8348,49.3352],[20.8327,49.3353],[20.827,49.3344],[20.8259,49.3344],[20.8249,49.3352],[20.8243,49.3361],[20.8236,49.3365],[20.8224,49.3376],[20.8204,49.3386],[20.8194,49.3393],[20.8189,49.3406],[20.819,49.3422],[20.8187,49.3427],[20.8176,49.3434],[20.8157,49.3438],[20.8152,49.3443],[20.8148,49.3457],[20.8134,49.3471],[20.8114,49.3478],[20.8096,49.3479],[20.8085,49.3475],[20.8072,49.3466],[20.805,49.3455],[20.8026,49.344],[20.8003,49.343],[20.7987,49.3426],[20.7977,49.343],[20.7965,49.3438],[20.7962,49.345],[20.7969,49.3455],[20.7973,49.3462],[20.7989,49.347],[20.7995,49.348],[20.8009,49.3491],[20.8013,49.3498],[20.8013,49.3516],[20.8018,49.3527],[20.8017,49.3538],[20.8022,49.3555],[20.8015,49.3563],[20.8001,49.3568],[20.7978,49.3581],[20.7983,49.3591],[20.8003,49.3601],[20.8019,49.3602],[20.8044,49.3597],[20.8053,49.359],[20.8057,49.3582],[20.8054,49.3569],[20.8055,49.3548],[20.806,49.3533],[20.8073,49.3532],[20.8087,49.3537],[20.8104,49.3547],[20.8106,49.3551],[20.8105,49.3567],[20.8098,49.3587],[20.8093,49.3594],[20.8066,49.361],[20.8046,49.3613],[20.8029,49.3622],[20.7999,49.3631],[20.7981,49.3633],[20.796,49.3633],[20.7939,49.3631],[20.7917,49.3622],[20.7904,49.3613],[20.7887,49.3608],[20.786,49.3608],[20.7846,49.3605],[20.7835,49.3605],[20.7825,49.361],[20.7815,49.3618],[20.7811,49.3626],[20.7809,49.3639],[20.7817,49.3663],[20.7834,49.3676],[20.7849,49.369],[20.7858,49.3696],[20.7867,49.3705],[20.7882,49.3713],[20.7884,49.372],[20.7881,49.3726],[20.7864,49.3739],[20.7855,49.3744],[20.784,49.3746],[20.7819,49.3752],[20.7792,49.3751],[20.778,49.3747],[20.7729,49.3736],[20.7708,49.3728],[20.7668,49.3715],[20.7642,49.3709],[20.7633,49.3709],[20.7621,49.3712],[20.7592,49.3732],[20.7578,49.3745],[20.7576,49.3753],[20.7578,49.3762],[20.7597,49.3798],[20.7611,49.3818],[20.7618,49.3834],[20.7614,49.3842],[20.7605,49.3849],[20.7579,49.3853],[20.7571,49.3856],[20.7558,49.3857],[20.7538,49.3869],[20.7505,49.3882],[20.7488,49.389],[20.7478,49.3902],[20.7475,49.391],[20.7475,49.3923],[20.748,49.3935],[20.7486,49.3941],[20.7509,49.3956],[20.7561,49.3972],[20.7581,49.3985],[20.7583,49.3989],[20.7582,49.4002],[20.7576,49.4009],[20.755,49.4022],[20.7524,49.4021],[20.7516,49.4019],[20.7497,49.4019],[20.7475,49.4024],[20.7453,49.4032],[20.7423,49.4038],[20.7424,49.406],[20.7431,49.408],[20.7436,49.4087],[20.7458,49.4109],[20.7461,49.4121],[20.7454,49.4134],[20.7447,49.4142],[20.7438,49.4148],[20.7418,49.4158],[20.7397,49.4164],[20.7378,49.4167],[20.7363,49.4167],[20.7344,49.4163],[20.7334,49.4159],[20.732,49.4149],[20.731,49.415],[20.7299,49.4148],[20.7281,49.4148],[20.7276,49.415],[20.7249,49.4169],[20.7233,49.4193],[20.7229,49.4197],[20.7218,49.4193],[20.7189,49.4185],[20.7179,49.4184],[20.7164,49.4188],[20.7131,49.4191],[20.7119,49.4194],[20.711,49.4191],[20.708,49.4187],[20.7059,49.4193],[20.7049,49.4192],[20.7042,49.4197],[20.7006,49.4199],[20.6989,49.4205],[20.6953,49.42],[20.6927,49.42],[20.6912,49.4196],[20.6901,49.4189],[20.6878,49.418],[20.6876,49.4174],[20.6861,49.4164],[20.6856,49.4156],[20.6827,49.4143],[20.6815,49.4141],[20.6797,49.4132],[20.6786,49.4125],[20.6764,49.4123],[20.6717,49.4099],[20.6708,49.409],[20.6703,49.4082],[20.6697,49.4078],[20.6675,49.407],[20.6674,49.4067],[20.6658,49.4063],[20.6653,49.4044],[20.6657,49.4035],[20.6641,49.4035],[20.6627,49.4037],[20.6597,49.4035],[20.6581,49.4029],[20.6573,49.4024],[20.6555,49.4019],[20.6524,49.4014],[20.6508,49.401],[20.6479,49.4009],[20.6461,49.4007],[20.6445,49.401],[20.6426,49.401],[20.6422,49.402],[20.6424,49.4031],[20.6421,49.4043],[20.6404,49.4056],[20.64,49.4064],[20.6391,49.4071],[20.636,49.4085],[20.6343,49.4088],[20.6316,49.4088],[20.6299,49.4092],[20.6288,49.4093],[20.6266,49.4098],[20.6247,49.4105],[20.6235,49.412],[20.6222,49.4134],[20.6218,49.4145],[20.6223,49.4162],[20.622,49.4168],[20.6197,49.418],[20.6149,49.4178],[20.6151,49.4186],[20.616,49.4194],[20.6168,49.4198],[20.6171,49.4203],[20.6159,49.4216],[20.6144,49.4227],[20.6132,49.4233],[20.6116,49.4246],[20.6089,49.4264],[20.6063,49.4274],[20.6051,49.429],[20.6051,49.4317],[20.6052,49.4335],[20.6067,49.4345],[20.6072,49.4345],[20.6086,49.4351],[20.6097,49.4353],[20.6093,49.4363],[20.6105,49.438],[20.611,49.4394],[20.6087,49.4413],[20.606,49.443],[20.6052,49.4437],[20.6057,49.4458],[20.607,49.4484],[20.6064,49.4485],[20.6004,49.4506],[20.5987,49.4511],[20.5964,49.4521],[20.5951,49.4528],[20.5915,49.4535],[20.5888,49.4533],[20.5873,49.4533],[20.5838,49.4536],[20.5816,49.4541],[20.581,49.4547],[20.581,49.4558],[20.5793,49.4574],[20.579,49.458],[20.5775,49.4595],[20.5776,49.4602],[20.5783,49.4612],[20.5781,49.4623],[20.5775,49.4639],[20.5774,49.4653],[20.5753,49.4659],[20.5734,49.466],[20.5717,49.4672],[20.5683,49.4672],[20.5664,49.4667],[20.5617,49.4663],[20.5599,49.4657],[20.5531,49.4677],[20.551,49.469],[20.5498,49.47],[20.5486,49.4699],[20.5456,49.4702],[20.5428,49.472],[20.5409,49.4726],[20.5368,49.473],[20.5349,49.473],[20.5323,49.4726],[20.5301,49.4727],[20.5276,49.4724],[20.5267,49.472],[20.5241,49.4721],[20.5231,49.4725],[20.5206,49.4727],[20.5189,49.4727],[20.5168,49.473],[20.5153,49.4728],[20.5133,49.4731],[20.5122,49.4727],[20.5083,49.4717],[20.5058,49.472],[20.5051,49.4719],[20.5027,49.4722],[20.5009,49.4728],[20.4987,49.4726],[20.4983,49.4718],[20.4984,49.4705],[20.4975,49.4693],[20.4964,49.4689],[20.496,49.4679],[20.4946,49.4673],[20.4927,49.4673],[20.4906,49.4671],[20.4893,49.4668],[20.4877,49.4668],[20.4858,49.4664],[20.484,49.4662],[20.482,49.465],[20.4807,49.4649],[20.4799,49.4654],[20.4783,49.4659],[20.4761,49.4659],[20.4742,49.4665],[20.4742,49.4675],[20.4729,49.4703],[20.4718,49.471],[20.4708,49.4722],[20.4695,49.4726],[20.4684,49.4735],[20.4682,49.475],[20.4663,49.4759],[20.465,49.4763],[20.4646,49.4775],[20.4634,49.4787],[20.4638,49.4795],[20.4645,49.4822],[20.4628,49.4838],[20.4608,49.4864],[20.4599,49.4871],[20.4596,49.4883],[20.4574,49.4895],[20.4571,49.4898],[20.4542,49.4913],[20.4532,49.4913],[20.4514,49.491],[20.4502,49.4911],[20.4484,49.4916],[20.4461,49.4925],[20.4443,49.4927],[20.4437,49.4948],[20.4441,49.4961],[20.4436,49.497],[20.445,49.4985],[20.4458,49.4988],[20.4466,49.4996],[20.4472,49.4997],[20.447,49.5007],[20.4466,49.501],[20.4455,49.5033],[20.446,49.5046],[20.446,49.5055],[20.4446,49.5064],[20.4449,49.5072],[20.4447,49.509],[20.446,49.5118],[20.4447,49.5135],[20.4433,49.5137],[20.4419,49.5141],[20.4405,49.5141],[20.4392,49.5137],[20.4375,49.5139],[20.4356,49.5139],[20.4323,49.5146],[20.4299,49.5146],[20.4285,49.515],[20.4259,49.5154],[20.4214,49.5174],[20.4198,49.5178],[20.419,49.5152],[20.4185,49.5144],[20.4177,49.514],[20.4143,49.5147],[20.4085,49.5164],[20.4056,49.5165],[20.406,49.5173],[20.4056,49.5185],[20.4046,49.5193],[20.404,49.5208],[20.4035,49.5216],[20.4026,49.5221],[20.4014,49.5232],[20.3983,49.5248],[20.3958,49.5255],[20.3948,49.5259],[20.3938,49.5278],[20.3921,49.5288],[20.3912,49.5309],[20.3878,49.5316],[20.3865,49.5315],[20.3838,49.5325],[20.3814,49.5341],[20.379,49.5344],[20.3768,49.5342],[20.3749,49.5345],[20.3728,49.5359],[20.3707,49.5358],[20.369,49.5355],[20.3673,49.5348],[20.3645,49.5347],[20.3629,49.5341],[20.362,49.5341],[20.3626,49.5362],[20.3625,49.5366],[20.3631,49.5374],[20.364,49.5379],[20.3647,49.5386],[20.3644,49.5398],[20.3635,49.5412],[20.3635,49.5429],[20.3646,49.5445],[20.3655,49.545],[20.3679,49.5475],[20.37,49.5477],[20.3718,49.5483],[20.3721,49.5489],[20.373,49.5495],[20.3735,49.5502],[20.3746,49.5508],[20.3757,49.551],[20.3763,49.5514],[20.3787,49.5522],[20.3788,49.5526],[20.3797,49.5534],[20.3799,49.5544],[20.381,49.5556],[20.3812,49.5564],[20.3836,49.5581],[20.3838,49.5594],[20.3854,49.5607],[20.3856,49.5611],[20.3844,49.562],[20.3832,49.5621],[20.3829,49.5628],[20.3827,49.5654],[20.3815,49.5655],[20.3793,49.566],[20.3778,49.5662],[20.3761,49.5662],[20.3745,49.567],[20.3743,49.5675],[20.3734,49.5683],[20.3732,49.5689],[20.3721,49.5708],[20.3712,49.5718],[20.3705,49.5734],[20.3698,49.5754],[20.3684,49.5757],[20.3674,49.5763],[20.3676,49.5769],[20.3661,49.5769],[20.3632,49.5776],[20.3622,49.578],[20.3654,49.5803],[20.3649,49.5811],[20.3641,49.5813],[20.3636,49.5819],[20.3618,49.583],[20.3605,49.584],[20.3581,49.5851],[20.3567,49.5853],[20.3559,49.5866],[20.3565,49.5873],[20.3591,49.5877],[20.3597,49.5876],[20.3619,49.5879],[20.3647,49.5877],[20.3665,49.5871],[20.3674,49.5871],[20.369,49.5874],[20.3695,49.5891],[20.3695,49.5912],[20.3693,49.5921],[20.3692,49.5941],[20.369,49.5946],[20.3692,49.5959],[20.369,49.5969],[20.3684,49.5981],[20.3679,49.5998],[20.3678,49.6007],[20.3673,49.6015],[20.3664,49.6006],[20.366,49.601],[20.367,49.6019],[20.3672,49.6024],[20.366,49.6025],[20.3672,49.6054],[20.3677,49.606],[20.369,49.6059],[20.37,49.6061],[20.3702,49.6069],[20.3685,49.6071],[20.3685,49.609],[20.3675,49.6092],[20.3682,49.6102],[20.3676,49.6121],[20.3683,49.6122],[20.3678,49.6137],[20.3654,49.6156],[20.3679,49.6184],[20.3679,49.6201],[20.3693,49.6207],[20.3704,49.6209],[20.3719,49.6208],[20.3742,49.6211],[20.3761,49.6212],[20.378,49.6211],[20.379,49.6208],[20.3819,49.6195],[20.3833,49.6197],[20.3843,49.6194],[20.3862,49.6194],[20.3873,49.6189],[20.3885,49.619],[20.3925,49.6187],[20.3935,49.6181],[20.3955,49.6176],[20.3995,49.6171],[20.4023,49.6162],[20.405,49.6157],[20.4082,49.6155],[20.4115,49.6148],[20.4139,49.6137],[20.4148,49.6135],[20.4171,49.612],[20.4212,49.6126],[20.4232,49.6114],[20.4233,49.6112],[20.4267,49.6108],[20.4281,49.6108],[20.4311,49.6097],[20.4316,49.6088],[20.4328,49.6084],[20.4348,49.6058],[20.4358,49.6049],[20.437,49.6027],[20.4367,49.6023],[20.437,49.6016],[20.4385,49.6002],[20.4387,49.5991],[20.4411,49.598],[20.441,49.5974],[20.4414,49.5963],[20.4414,49.5952],[20.442,49.5945],[20.4426,49.5945],[20.4432,49.5926],[20.4449,49.5932],[20.4456,49.5927],[20.4463,49.5928],[20.4481,49.5926],[20.4515,49.5919],[20.4523,49.5915],[20.4546,49.5912],[20.4575,49.5906],[20.4592,49.5911],[20.4605,49.5913],[20.4611,49.5918],[20.4624,49.5918],[20.465,49.5928],[20.4657,49.5936],[20.4665,49.5941],[20.4696,49.5945],[20.4705,49.5938],[20.4719,49.5935],[20.4733,49.5924],[20.4748,49.5921],[20.4753,49.5927],[20.4779,49.5917],[20.48,49.5914],[20.4794,49.5908],[20.4812,49.5906],[20.4816,49.5903],[20.4845,49.5897],[20.4848,49.5903],[20.4868,49.5889],[20.4878,49.5885],[20.4884,49.5888],[20.4891,49.5882],[20.4909,49.5871],[20.4927,49.5865],[20.4937,49.586],[20.4927,49.5847],[20.4921,49.5842],[20.4909,49.5827],[20.4905,49.5819],[20.4896,49.5814],[20.488,49.5791],[20.4883,49.5787],[20.4913,49.5781],[20.4954,49.5782],[20.4996,49.5778],[20.5027,49.5777],[20.5037,49.5778],[20.5054,49.5777],[20.5061,49.5779],[20.5106,49.578],[20.5128,49.5785],[20.5141,49.5791],[20.5148,49.5786],[20.5156,49.5786],[20.5173,49.5791],[20.5183,49.5791],[20.5229,49.5802],[20.5248,49.5802],[20.5262,49.5804],[20.5273,49.5801],[20.5305,49.5801],[20.5319,49.5806],[20.534,49.5808],[20.5361,49.5823],[20.5379,49.5831],[20.5388,49.5826],[20.5395,49.5827],[20.5404,49.5835],[20.541,49.5835],[20.5423,49.584],[20.5443,49.5856],[20.545,49.5871],[20.5452,49.5888],[20.5459,49.5894],[20.5474,49.5885],[20.5487,49.5886],[20.5494,49.5895],[20.5502,49.5897],[20.5508,49.5904],[20.5505,49.5907],[20.5492,49.5909],[20.549,49.5917],[20.5478,49.5923],[20.5468,49.5934],[20.5449,49.5946],[20.5441,49.5956],[20.5428,49.5966],[20.542,49.5969],[20.541,49.5977],[20.5444,49.5992],[20.5448,49.6009],[20.5428,49.602],[20.5424,49.6026],[20.5416,49.6029],[20.542,49.6036],[20.5422,49.6048],[20.5437,49.6067],[20.5455,49.6084],[20.5462,49.6093],[20.5473,49.6111],[20.5468,49.6124],[20.5466,49.6149],[20.5458,49.6155],[20.5439,49.6173],[20.5406,49.6193],[20.5405,49.6199],[20.5395,49.621],[20.5389,49.6222],[20.5382,49.6229],[20.5371,49.6233],[20.5359,49.6232],[20.5339,49.6235],[20.533,49.6238],[20.5319,49.6238],[20.5316,49.6241],[20.5296,49.6245],[20.5278,49.6255],[20.5268,49.6263],[20.5258,49.6274],[20.5249,49.6277],[20.5225,49.6288],[20.5231,49.6295],[20.5235,49.6305],[20.5242,49.6314],[20.5246,49.6325],[20.5246,49.6333],[20.5253,49.6349],[20.5265,49.6369],[20.5268,49.6377],[20.5274,49.6384],[20.5266,49.6388],[20.5259,49.6396],[20.5257,49.6413],[20.525,49.6418],[20.5248,49.6427],[20.5258,49.6435],[20.5254,49.6443],[20.527,49.6459],[20.5271,49.6465],[20.5285,49.6466],[20.5301,49.6461],[20.5318,49.6468],[20.5336,49.6471],[20.5374,49.6453],[20.5373,49.6441],[20.5377,49.644],[20.539,49.6427],[20.5403,49.6419],[20.5416,49.6408],[20.5424,49.6399],[20.5431,49.6396],[20.5455,49.6379],[20.5469,49.6372],[20.5486,49.636],[20.5495,49.635],[20.5507,49.6349],[20.5522,49.6339],[20.5524,49.6346],[20.5513,49.6363],[20.5524,49.6372],[20.554,49.6371],[20.5562,49.6376],[20.5571,49.6392],[20.5573,49.6402],[20.5584,49.6401],[20.5601,49.6408],[20.5601,49.6414],[20.5622,49.643],[20.5627,49.6432],[20.5644,49.641],[20.5649,49.6407],[20.5659,49.6412],[20.5681,49.6417],[20.5677,49.6435],[20.5681,49.6438],[20.5698,49.6438],[20.5717,49.6443],[20.5728,49.6443],[20.5746,49.643],[20.5754,49.6428],[20.5763,49.6431],[20.5766,49.6436],[20.5776,49.6439],[20.5789,49.6455],[20.5782,49.6459],[20.5782,49.6473],[20.5779,49.6482],[20.5778,49.6502],[20.577,49.6525],[20.5762,49.6528],[20.5737,49.6533],[20.5726,49.6534],[20.5686,49.6532],[20.5672,49.6534],[20.5658,49.6538],[20.5642,49.6546],[20.5621,49.655],[20.5601,49.6557],[20.5592,49.6557],[20.5582,49.6561],[20.5552,49.6556],[20.5553,49.6567],[20.5547,49.6585],[20.5554,49.6601],[20.5559,49.6607],[20.5563,49.6619],[20.5572,49.6636],[20.5583,49.6648],[20.5597,49.6682],[20.5606,49.6692],[20.5615,49.671],[20.5622,49.6717],[20.5637,49.6749],[20.5638,49.6758],[20.5666,49.6762],[20.5698,49.6762],[20.5733,49.6753],[20.5761,49.6751],[20.5796,49.6755],[20.5797,49.6779],[20.5807,49.6811],[20.5825,49.6845],[20.5832,49.687],[20.5839,49.6888],[20.5847,49.6915],[20.5847,49.6941],[20.5859,49.6954],[20.5884,49.6958],[20.5896,49.6956],[20.5918,49.6957],[20.5917,49.6966],[20.591,49.6982],[20.5909,49.6991],[20.5903,49.7001],[20.588,49.7009],[20.586,49.7021],[20.5815,49.7029],[20.5804,49.7029],[20.5769,49.7034],[20.5749,49.7048],[20.5724,49.7058],[20.5713,49.7059],[20.5701,49.7065],[20.5688,49.7076],[20.5671,49.7084],[20.5659,49.7092],[20.5641,49.7093],[20.5617,49.7101],[20.5603,49.7108],[20.5591,49.7116],[20.5582,49.7118],[20.5566,49.7128],[20.5557,49.7131],[20.5556,49.7141],[20.5547,49.715],[20.5523,49.7163],[20.5512,49.7163],[20.5491,49.7166],[20.5463,49.7165],[20.5422,49.7175],[20.539,49.7178],[20.5344,49.7178],[20.532,49.7183],[20.5288,49.7191],[20.528,49.7197],[20.5259,49.7199],[20.5259,49.7205],[20.5266,49.7213],[20.5294,49.7206],[20.5314,49.722],[20.5298,49.7225],[20.5301,49.723],[20.5314,49.7233],[20.533,49.7243],[20.533,49.7246],[20.5343,49.7251],[20.5368,49.7265],[20.538,49.7274],[20.5402,49.7282],[20.542,49.7286],[20.5422,49.7292],[20.5412,49.7305],[20.5407,49.7303],[20.5397,49.7316],[20.5399,49.7322],[20.5427,49.7319],[20.5436,49.7325],[20.5426,49.7334],[20.544,49.7333],[20.5458,49.7336],[20.5461,49.7345],[20.5482,49.7345],[20.5488,49.7348],[20.5508,49.7348],[20.5508,49.7354],[20.5529,49.7352],[20.556,49.7355],[20.5572,49.7354],[20.5592,49.7359],[20.5605,49.736],[20.5636,49.7357],[20.566,49.7359],[20.5685,49.7409],[20.57,49.7422],[20.568,49.7426],[20.5685,49.7433],[20.5679,49.7435],[20.5685,49.7444],[20.5668,49.7448],[20.566,49.7453],[20.5672,49.7465],[20.5714,49.7457],[20.5723,49.747],[20.573,49.7474],[20.5732,49.7483],[20.5739,49.7485],[20.5755,49.7494],[20.5759,49.7506],[20.5767,49.7516],[20.5772,49.7517],[20.5783,49.7512],[20.5793,49.7511],[20.5807,49.7515],[20.5819,49.7513],[20.5822,49.751],[20.5843,49.7509],[20.5851,49.7505],[20.5866,49.7506],[20.5904,49.7502],[20.5917,49.7514],[20.5919,49.7523],[20.5925,49.7531],[20.5942,49.7543],[20.5945,49.755],[20.5952,49.7556],[20.5953,49.7563],[20.5939,49.7577],[20.5919,49.7584],[20.5919,49.7588],[20.5906,49.7593],[20.5899,49.7599],[20.5887,49.7602],[20.5872,49.7615],[20.5847,49.7613],[20.5851,49.7619],[20.5858,49.7628],[20.5867,49.7634],[20.5876,49.7643],[20.5886,49.7647],[20.5908,49.7653],[20.593,49.7663],[20.5947,49.7668],[20.5966,49.7677],[20.5993,49.7685],[20.6009,49.7688],[20.6039,49.7696],[20.6041,49.77],[20.6033,49.7707],[20.6055,49.7724],[20.6078,49.7735],[20.6092,49.774],[20.6091,49.7758],[20.6087,49.7766],[20.6094,49.7774],[20.6101,49.7771],[20.6109,49.7758],[20.6126,49.7757],[20.6131,49.7761],[20.6126,49.7772],[20.6139,49.7779],[20.6142,49.7785],[20.6134,49.7798],[20.614,49.7802],[20.6146,49.7811],[20.6138,49.7818],[20.6142,49.7821],[20.6142,49.7829],[20.6136,49.7832],[20.6136,49.7839],[20.6143,49.7842],[20.6144,49.7848],[20.6156,49.786],[20.6156,49.7866],[20.6171,49.7876],[20.6193,49.7886],[20.6198,49.7884],[20.6215,49.7891],[20.6249,49.7892],[20.6264,49.7888],[20.6268,49.7884],[20.6278,49.7887],[20.6295,49.7887],[20.6307,49.7898],[20.6314,49.7907],[20.632,49.791],[20.6312,49.792],[20.6313,49.7926],[20.6319,49.7934],[20.6312,49.7948],[20.6296,49.7963],[20.6312,49.7965],[20.6342,49.7966],[20.6375,49.7957],[20.6388,49.7955],[20.6404,49.7956],[20.6414,49.796],[20.6432,49.796],[20.6446,49.7954],[20.6461,49.7952],[20.6463,49.796],[20.646,49.7987],[20.6466,49.7994],[20.6512,49.8013],[20.6527,49.8023],[20.6541,49.803],[20.6554,49.8034],[20.6583,49.804],[20.6597,49.8045],[20.6663,49.8061],[20.667,49.8042],[20.6696,49.8015],[20.6692,49.8012],[20.6691,49.8003],[20.6704,49.7996],[20.6731,49.8001],[20.6743,49.8],[20.677,49.8],[20.6786,49.7997],[20.6801,49.7999],[20.6812,49.8004],[20.6844,49.8004],[20.6872,49.8013],[20.6874,49.8016],[20.6889,49.8023],[20.6893,49.8031],[20.6893,49.8038],[20.6905,49.8049],[20.6911,49.8063],[20.6919,49.8067],[20.6931,49.8069],[20.6943,49.8068],[20.6952,49.8065],[20.6968,49.8064],[20.6996,49.8055],[20.7011,49.8053],[20.706,49.8054],[20.7082,49.806],[20.7097,49.8062],[20.7104,49.8065],[20.7125,49.8064],[20.7132,49.8066]],[[20.6674,49.6303],[20.6677,49.628],[20.6682,49.6255],[20.6673,49.6218],[20.6702,49.6217],[20.6727,49.622],[20.6746,49.622],[20.6763,49.6217],[20.6777,49.6223],[20.6792,49.6216],[20.6821,49.6207],[20.6805,49.619],[20.6796,49.6171],[20.6795,49.6136],[20.6793,49.6129],[20.6782,49.6115],[20.6766,49.6105],[20.6747,49.6097],[20.6711,49.6085],[20.6702,49.6078],[20.6687,49.6054],[20.6681,49.6047],[20.6689,49.6045],[20.6683,49.6025],[20.6672,49.601],[20.6665,49.6008],[20.6618,49.5988],[20.6574,49.5977],[20.6554,49.5967],[20.6536,49.5954],[20.6529,49.5945],[20.652,49.5915],[20.6508,49.5891],[20.6497,49.5865],[20.6489,49.5851],[20.6484,49.5816],[20.6493,49.5801],[20.6504,49.5792],[20.6525,49.578],[20.654,49.5767],[20.6546,49.5756],[20.6546,49.5741],[20.6553,49.572],[20.6591,49.5688],[20.66,49.5672],[20.661,49.5673],[20.6624,49.567],[20.6634,49.5661],[20.6649,49.566],[20.6663,49.5657],[20.6675,49.566],[20.6691,49.5674],[20.6699,49.5686],[20.6705,49.5716],[20.6709,49.5727],[20.6717,49.5756],[20.6717,49.5764],[20.6721,49.5773],[20.6733,49.5776],[20.6754,49.5771],[20.6756,49.5765],[20.6764,49.5763],[20.6767,49.5756],[20.6774,49.5753],[20.6785,49.5744],[20.6784,49.5739],[20.6793,49.5738],[20.6808,49.573],[20.6818,49.5728],[20.682,49.5724],[20.6846,49.5726],[20.685,49.5722],[20.6864,49.5724],[20.6879,49.571],[20.6902,49.5709],[20.6933,49.5712],[20.694,49.5714],[20.6959,49.5711],[20.6966,49.5694],[20.6969,49.5674],[20.698,49.5655],[20.6974,49.5647],[20.6965,49.564],[20.696,49.5633],[20.6973,49.5624],[20.7003,49.5617],[20.7019,49.5612],[20.7035,49.56],[20.7044,49.5596],[20.7059,49.5593],[20.7077,49.5592],[20.7115,49.558],[20.7135,49.5571],[20.7139,49.5566],[20.7161,49.5554],[20.7181,49.5549],[20.7189,49.5558],[20.7192,49.5567],[20.7201,49.5578],[20.7206,49.558],[20.7224,49.5595],[20.7237,49.5609],[20.7259,49.5626],[20.7283,49.5641],[20.7288,49.5645],[20.7297,49.5658],[20.7302,49.5672],[20.7316,49.5693],[20.7337,49.5698],[20.7399,49.5716],[20.7411,49.5722],[20.7456,49.5739],[20.7456,49.5751],[20.7462,49.5757],[20.7479,49.5767],[20.7485,49.5773],[20.7503,49.5785],[20.751,49.5792],[20.7494,49.5801],[20.7473,49.582],[20.7463,49.5831],[20.7453,49.5857],[20.7455,49.586],[20.7448,49.5867],[20.7433,49.5877],[20.7453,49.5902],[20.7444,49.5905],[20.7451,49.5913],[20.7439,49.5921],[20.7437,49.593],[20.7431,49.5937],[20.7434,49.5944],[20.7428,49.5952],[20.743,49.5971],[20.7435,49.598],[20.7431,49.5984],[20.742,49.6006],[20.7418,49.6022],[20.7434,49.6016],[20.7473,49.6006],[20.7512,49.5998],[20.7527,49.5993],[20.7584,49.5983],[20.7626,49.5983],[20.7648,49.5986],[20.7641,49.6],[20.7632,49.6005],[20.7621,49.6007],[20.762,49.6012],[20.7612,49.6023],[20.7612,49.6029],[20.7606,49.6043],[20.7608,49.6049],[20.7596,49.6052],[20.7603,49.6065],[20.7603,49.6072],[20.759,49.6075],[20.7581,49.6086],[20.7575,49.6097],[20.7564,49.6105],[20.7545,49.6125],[20.754,49.6133],[20.7511,49.6171],[20.7494,49.6191],[20.7484,49.62],[20.7499,49.6208],[20.7501,49.6223],[20.7496,49.6237],[20.7492,49.6259],[20.7484,49.6266],[20.748,49.6287],[20.7481,49.6295],[20.7477,49.6307],[20.7462,49.6311],[20.7435,49.632],[20.743,49.6326],[20.7434,49.6336],[20.745,49.6343],[20.7457,49.6359],[20.7434,49.6361],[20.7419,49.6364],[20.7384,49.6359],[20.7363,49.6362],[20.7347,49.6366],[20.7356,49.6376],[20.7344,49.6383],[20.7338,49.6395],[20.7323,49.6393],[20.7316,49.6394],[20.7316,49.6383],[20.7311,49.638],[20.7282,49.6381],[20.7276,49.6384],[20.7272,49.6402],[20.7263,49.6396],[20.7245,49.6396],[20.7248,49.641],[20.7253,49.6417],[20.7255,49.6436],[20.7258,49.6449],[20.7253,49.6453],[20.7256,49.6469],[20.7269,49.6475],[20.7264,49.648],[20.7238,49.6473],[20.7224,49.6474],[20.7214,49.6479],[20.7218,49.6486],[20.7221,49.6503],[20.7229,49.6509],[20.7238,49.652],[20.7237,49.6528],[20.723,49.6534],[20.7211,49.654],[20.7199,49.6546],[20.7181,49.6559],[20.7171,49.6571],[20.7153,49.6562],[20.7144,49.6559],[20.7123,49.6555],[20.7103,49.6543],[20.7097,49.6536],[20.7084,49.6532],[20.7074,49.6536],[20.7057,49.6539],[20.7049,49.6534],[20.7017,49.6556],[20.7009,49.6557],[20.7008,49.6564],[20.6998,49.6566],[20.6972,49.6567],[20.6951,49.6564],[20.6915,49.6574],[20.6895,49.6574],[20.6892,49.6591],[20.6889,49.662],[20.6883,49.6656],[20.6867,49.6654],[20.6828,49.6651],[20.6811,49.6647],[20.6773,49.6641],[20.6776,49.663],[20.6786,49.6605],[20.6789,49.6584],[20.6778,49.6577],[20.6776,49.6564],[20.6762,49.6549],[20.676,49.6535],[20.6748,49.652],[20.6739,49.6514],[20.6737,49.6507],[20.6728,49.6498],[20.6708,49.6488],[20.6705,49.6484],[20.6695,49.6488],[20.669,49.6478],[20.6684,49.6455],[20.6657,49.6417],[20.6658,49.6387],[20.6676,49.6349],[20.6675,49.6336],[20.6671,49.6326],[20.667,49.6311],[20.6674,49.6303]]]}},{"type":"Feature","id":"powiat-nowotarski","properties":{"slug":"powiat-nowotarski","name":"powiat nowotarski"},"geometry":{"type":"Polygon","coordinates":[[[19.9389,49.62],[19.9397,49.6196],[19.9412,49.6194],[19.9433,49.6187],[19.9445,49.6193],[19.9466,49.618],[19.9475,49.6186],[19.9492,49.6208],[19.9502,49.6203],[19.9513,49.6212],[19.9499,49.6231],[19.9505,49.6248],[19.9491,49.6253],[19.9484,49.6268],[19.9475,49.6281],[19.9473,49.6289],[19.9473,49.6315],[19.9476,49.6327],[19.9473,49.6337],[19.9496,49.6351],[19.9506,49.6361],[19.9544,49.6387],[19.9549,49.6396],[19.956,49.6406],[19.954,49.642],[19.9534,49.6426],[19.9534,49.6432],[19.9529,49.6437],[19.9519,49.6441],[19.9509,49.6449],[19.9507,49.6455],[19.9487,49.6484],[19.9476,49.6495],[19.948,49.6505],[19.9479,49.6517],[19.9472,49.6529],[19.9473,49.6549],[19.9471,49.6576],[19.9468,49.6585],[19.9476,49.66],[19.9509,49.6596],[19.9528,49.6598],[19.9553,49.6608],[19.957,49.6608],[19.9586,49.6606],[19.96,49.6606],[19.9615,49.6604],[19.963,49.6604],[19.9648,49.6606],[19.9672,49.6611],[19.9679,49.661],[19.9709,49.6611],[19.9724,49.6607],[19.9748,49.6597],[19.9753,49.6592],[19.9769,49.6585],[19.9776,49.6579],[19.9802,49.6571],[19.9821,49.6567],[19.9834,49.6562],[19.986,49.6555],[19.9883,49.6547],[19.9901,49.6543],[19.9919,49.6535],[19.9911,49.6521],[19.9908,49.6506],[19.9915,49.6495],[19.9914,49.6485],[19.9929,49.6473],[19.9932,49.6468],[19.9951,49.6456],[19.9966,49.644],[19.9969,49.6428],[19.9976,49.6417],[19.9988,49.6415],[20.0001,49.6405],[20,49.6397],[20.0011,49.638],[20.0023,49.6376],[20.0048,49.6363],[20.0049,49.6349],[20.0041,49.6346],[20.0042,49.633],[20.0048,49.6316],[20.0047,49.6313],[20.0057,49.6296],[20.0054,49.6287],[20.0057,49.6273],[20.0045,49.6259],[20.0045,49.625],[19.9995,49.625],[19.9984,49.6253],[19.9984,49.6246],[19.9978,49.6215],[19.9979,49.6204],[19.9993,49.6195],[20.0008,49.6189],[20.0002,49.6185],[19.9992,49.6165],[19.9994,49.6152],[19.9991,49.6145],[19.9994,49.6133],[20.0006,49.6114],[20.0017,49.6102],[20.0024,49.6077],[20.0031,49.6068],[20.0053,49.606],[20.0063,49.6058],[20.0081,49.6049],[20.0094,49.6038],[20.0109,49.6031],[20.0123,49.6015],[20.0124,49.5998],[20.0133,49.5984],[20.0139,49.5978],[20.0145,49.5964],[20.015,49.5946],[20.0145,49.5937],[20.0147,49.592],[20.0154,49.5911],[20.0178,49.5901],[20.0199,49.5887],[20.0206,49.5872],[20.0212,49.5866],[20.0224,49.5844],[20.0238,49.5833],[20.0252,49.5826],[20.0261,49.5811],[20.0253,49.5796],[20.0251,49.5784],[20.0252,49.5775],[20.0263,49.5761],[20.0266,49.575],[20.0275,49.5737],[20.0279,49.5728],[20.0295,49.5722],[20.0314,49.572],[20.0333,49.5707],[20.0353,49.5691],[20.0359,49.5683],[20.0371,49.5678],[20.0375,49.567],[20.038,49.5667],[20.0385,49.5657],[20.0379,49.5645],[20.0378,49.5634],[20.0383,49.5623],[20.0373,49.5617],[20.0399,49.56],[20.0427,49.5599],[20.045,49.5597],[20.046,49.5593],[20.0484,49.5595],[20.0502,49.5595],[20.0534,49.5593],[20.054,49.5594],[20.0565,49.5593],[20.0577,49.5595],[20.0619,49.5594],[20.0635,49.5596],[20.0645,49.5599],[20.0655,49.5598],[20.0673,49.5601],[20.0718,49.5599],[20.0749,49.5594],[20.0761,49.559],[20.0776,49.5588],[20.0799,49.5573],[20.0823,49.5563],[20.0842,49.5561],[20.0857,49.5557],[20.0879,49.5555],[20.0904,49.555],[20.0921,49.5543],[20.0929,49.5544],[20.0935,49.5537],[20.0948,49.5533],[20.0961,49.552],[20.0974,49.55],[20.0979,49.5495],[20.1001,49.549],[20.1008,49.549],[20.1026,49.5482],[20.1041,49.5478],[20.1067,49.5473],[20.1098,49.5472],[20.111,49.5468],[20.1114,49.5463],[20.1143,49.5451],[20.1167,49.5452],[20.1189,49.5448],[20.1195,49.5445],[20.1222,49.5453],[20.1229,49.5454],[20.1278,49.5454],[20.1281,49.5455],[20.1316,49.5455],[20.1361,49.5452],[20.1374,49.5447],[20.1397,49.5436],[20.1409,49.5435],[20.1452,49.5439],[20.148,49.5431],[20.1492,49.5426],[20.1503,49.5439],[20.1514,49.5446],[20.1554,49.5468],[20.1563,49.5475],[20.1576,49.5478],[20.1605,49.5475],[20.1623,49.5475],[20.1704,49.5468],[20.1715,49.547],[20.1732,49.5476],[20.1743,49.5483],[20.1761,49.5486],[20.1766,49.549],[20.1795,49.5493],[20.1831,49.5501],[20.1854,49.5499],[20.1892,49.5499],[20.1931,49.5502],[20.1953,49.5505],[20.1989,49.5513],[20.2016,49.5506],[20.2044,49.5503],[20.2056,49.5508],[20.2075,49.551],[20.2099,49.5509],[20.2136,49.5509],[20.2168,49.552],[20.218,49.5527],[20.2201,49.5542],[20.2232,49.5555],[20.2247,49.556],[20.2285,49.5567],[20.2304,49.5566],[20.234,49.557],[20.237,49.5577],[20.2386,49.5579],[20.2404,49.5586],[20.2427,49.5599],[20.2466,49.5612],[20.2483,49.5623],[20.2501,49.5632],[20.2516,49.5643],[20.253,49.5651],[20.2565,49.5663],[20.2576,49.5665],[20.26,49.5678],[20.2618,49.5682],[20.2644,49.5677],[20.2669,49.5679],[20.2682,49.5678],[20.2703,49.568],[20.2707,49.5677],[20.2754,49.5677],[20.2778,49.567],[20.279,49.567],[20.2814,49.5665],[20.2831,49.5671],[20.2856,49.5685],[20.2872,49.5686],[20.288,49.569],[20.2898,49.5693],[20.2925,49.5695],[20.2941,49.5715],[20.2973,49.5732],[20.2977,49.5716],[20.2985,49.5711],[20.2991,49.5699],[20.3,49.5695],[20.3038,49.5687],[20.3045,49.5681],[20.308,49.5677],[20.3089,49.5673],[20.3123,49.5664],[20.3128,49.5657],[20.3145,49.5647],[20.3154,49.564],[20.3171,49.5635],[20.3177,49.5626],[20.3186,49.5619],[20.3203,49.5613],[20.3202,49.5596],[20.3206,49.5591],[20.3204,49.5582],[20.321,49.5575],[20.3219,49.5569],[20.3241,49.5546],[20.3253,49.5541],[20.3265,49.5525],[20.3273,49.5519],[20.3281,49.5503],[20.3289,49.5497],[20.3283,49.5469],[20.3286,49.5463],[20.3288,49.5449],[20.3293,49.5443],[20.3306,49.5442],[20.3312,49.5436],[20.332,49.5434],[20.332,49.5418],[20.3323,49.5418],[20.3359,49.54],[20.3378,49.54],[20.3393,49.5389],[20.3413,49.5392],[20.344,49.5392],[20.3461,49.5381],[20.347,49.5374],[20.3504,49.5386],[20.351,49.539],[20.3522,49.538],[20.3536,49.5376],[20.3562,49.5376],[20.3565,49.5366],[20.3575,49.5359],[20.359,49.5357],[20.3607,49.5346],[20.362,49.5341],[20.3629,49.5341],[20.3645,49.5347],[20.3673,49.5348],[20.369,49.5355],[20.3707,49.5358],[20.3728,49.5359],[20.3749,49.5345],[20.3768,49.5342],[20.379,49.5344],[20.3814,49.5341],[20.3838,49.5325],[20.3865,49.5315],[20.3878,49.5316],[20.3912,49.5309],[20.3921,49.5288],[20.3938,49.5278],[20.3948,49.5259],[20.3958,49.5255],[20.3983,49.5248],[20.4014,49.5232],[20.4026,49.5221],[20.4035,49.5216],[20.404,49.5208],[20.4046,49.5193],[20.4056,49.5185],[20.406,49.5173],[20.4056,49.5165],[20.4085,49.5164],[20.4143,49.5147],[20.4177,49.514],[20.4185,49.5144],[20.419,49.5152],[20.4198,49.5178],[20.4214,49.5174],[20.4259,49.5154],[20.4285,49.515],[20.4299,49.5146],[20.4323,49.5146],[20.4356,49.5139],[20.4375,49.5139],[20.4392,49.5137],[20.4405,49.5141],[20.4419,49.5141],[20.4433,49.5137],[20.4447,49.5135],[20.446,49.5118],[20.4447,49.509],[20.4449,49.5072],[20.4446,49.5064],[20.446,49.5055],[20.446,49.5046],[20.4455,49.5033],[20.4466,49.501],[20.447,49.5007],[20.4472,49.4997],[20.4466,49.4996],[20.4458,49.4988],[20.445,49.4985],[20.4436,49.497],[20.4441,49.4961],[20.4437,49.4948],[20.4443,49.4927],[20.4461,49.4925],[20.4484,49.4916],[20.4502,49.4911],[20.4514,49.491],[20.4532,49.4913],[20.4542,49.4913],[20.4571,49.4898],[20.4574,49.4895],[20.4596,49.4883],[20.4599,49.4871],[20.4608,49.4864],[20.4628,49.4838],[20.4645,49.4822],[20.4638,49.4795],[20.4634,49.4787],[20.4646,49.4775],[20.465,49.4763],[20.4663,49.4759],[20.4682,49.475],[20.4684,49.4735],[20.4695,49.4726],[20.4708,49.4722],[20.4718,49.471],[20.4729,49.4703],[20.4742,49.4675],[20.4742,49.4665],[20.4761,49.4659],[20.4783,49.4659],[20.4799,49.4654],[20.4807,49.4649],[20.482,49.465],[20.484,49.4662],[20.4858,49.4664],[20.4877,49.4668],[20.4893,49.4668],[20.4906,49.4671],[20.4927,49.4673],[20.4946,49.4673],[20.496,49.4679],[20.4964,49.4689],[20.4975,49.4693],[20.4984,49.4705],[20.4983,49.4718],[20.4987,49.4726],[20.5009,49.4728],[20.5027,49.4722],[20.5051,49.4719],[20.5058,49.472],[20.5083,49.4717],[20.5122,49.4727],[20.5133,49.4731],[20.5153,49.4728],[20.5168,49.473],[20.5189,49.4727],[20.5206,49.4727],[20.5231,49.4725],[20.5241,49.4721],[20.5267,49.472],[20.5276,49.4724],[20.5301,49.4727],[20.5323,49.4726],[20.5349,49.473],[20.5368,49.473],[20.5409,49.4726],[20.5428,49.472],[20.5456,49.4702],[20.5486,49.4699],[20.5498,49.47],[20.551,49.469],[20.5531,49.4677],[20.5599,49.4657],[20.5617,49.4663],[20.5664,49.4667],[20.5683,49.4672],[20.5717,49.4672],[20.5734,49.466],[20.5753,49.4659],[20.5774,49.4653],[20.5775,49.4639],[20.5781,49.4623],[20.5783,49.4612],[20.5776,49.4602],[20.5775,49.4595],[20.579,49.458],[20.5793,49.4574],[20.581,49.4558],[20.581,49.4547],[20.5816,49.4541],[20.5838,49.4536],[20.5873,49.4533],[20.5888,49.4533],[20.5915,49.4535],[20.5951,49.4528],[20.5964,49.4521],[20.5987,49.4511],[20.6004,49.4506],[20.6064,49.4485],[20.607,49.4484],[20.6057,49.4458],[20.6052,49.4437],[20.606,49.443],[20.6087,49.4413],[20.611,49.4394],[20.6105,49.438],[20.6093,49.4363],[20.6097,49.4353],[20.6086,49.4351],[20.6072,49.4345],[20.6067,49.4345],[20.6052,49.4335],[20.6051,49.4317],[20.6051,49.429],[20.6063,49.4274],[20.6089,49.4264],[20.6116,49.4246],[20.6132,49.4233],[20.6144,49.4227],[20.6159,49.4216],[20.6171,49.4203],[20.6168,49.4198],[20.616,49.4194],[20.6151,49.4186],[20.6149,49.4178],[20.6139,49.4167],[20.6128,49.416],[20.6114,49.4136],[20.6113,49.4125],[20.6121,49.4108],[20.6123,49.41],[20.6118,49.4092],[20.6118,49.4073],[20.6126,49.4057],[20.6135,49.4032],[20.6136,49.4018],[20.6122,49.4018],[20.6115,49.4021],[20.6091,49.4024],[20.6058,49.4013],[20.6059,49.4],[20.605,49.3985],[20.6029,49.3972],[20.6018,49.3953],[20.601,49.3944],[20.6019,49.3915],[20.6014,49.3897],[20.6002,49.3883],[20.5986,49.3876],[20.5979,49.3867],[20.5962,49.3855],[20.5952,49.385],[20.5921,49.383],[20.592,49.3839],[20.5896,49.3846],[20.5869,49.3855],[20.5853,49.3854],[20.5817,49.3839],[20.58,49.3829],[20.5803,49.3818],[20.579,49.3812],[20.577,49.379],[20.5765,49.3777],[20.5762,49.3762],[20.5755,49.3761],[20.574,49.3764],[20.5723,49.3771],[20.5705,49.3775],[20.5686,49.3786],[20.5673,49.379],[20.5658,49.3791],[20.5632,49.3795],[20.562,49.3792],[20.5607,49.3783],[20.5591,49.3779],[20.5577,49.3781],[20.5575,49.3786],[20.5562,49.3792],[20.5555,49.3803],[20.5546,49.381],[20.554,49.3809],[20.5527,49.3815],[20.5513,49.3824],[20.5512,49.3828],[20.5492,49.384],[20.5474,49.3847],[20.5467,49.3855],[20.5444,49.3856],[20.5426,49.3859],[20.5405,49.3865],[20.5374,49.3871],[20.5359,49.3868],[20.5343,49.387],[20.5294,49.3884],[20.5268,49.3894],[20.5264,49.3898],[20.5236,49.3907],[20.5212,49.3922],[20.52,49.3925],[20.5181,49.3924],[20.5159,49.3927],[20.5149,49.3931],[20.5136,49.3933],[20.5099,49.3934],[20.5087,49.3956],[20.5083,49.3957],[20.5062,49.3969],[20.5064,49.3978],[20.5073,49.3991],[20.5065,49.3994],[20.5066,49.402],[20.5049,49.4033],[20.5034,49.404],[20.5005,49.4043],[20.4985,49.405],[20.4969,49.4054],[20.495,49.4053],[20.4926,49.4061],[20.4901,49.4064],[20.49,49.4071],[20.4888,49.4075],[20.4886,49.4084],[20.486,49.4089],[20.4844,49.4095],[20.4825,49.4097],[20.4814,49.41],[20.4789,49.4113],[20.4773,49.4125],[20.4763,49.4141],[20.4746,49.4145],[20.474,49.4148],[20.4716,49.4155],[20.4695,49.4155],[20.4689,49.4157],[20.4665,49.416],[20.4642,49.416],[20.4612,49.4148],[20.4598,49.4147],[20.4589,49.4151],[20.456,49.4154],[20.4554,49.4156],[20.4547,49.4151],[20.4536,49.415],[20.4523,49.4153],[20.4499,49.415],[20.4491,49.4157],[20.446,49.4163],[20.4456,49.4156],[20.4464,49.415],[20.4478,49.4144],[20.4492,49.4136],[20.4509,49.4131],[20.4508,49.4126],[20.4499,49.4122],[20.4478,49.4119],[20.4464,49.4119],[20.4449,49.4123],[20.4437,49.4133],[20.4417,49.4143],[20.439,49.4145],[20.4382,49.4148],[20.4374,49.4159],[20.4369,49.4173],[20.4364,49.4177],[20.4348,49.418],[20.4326,49.4177],[20.4308,49.417],[20.4302,49.4166],[20.4296,49.4157],[20.4293,49.4147],[20.4292,49.412],[20.4295,49.4109],[20.429,49.4087],[20.4291,49.4079],[20.4301,49.4078],[20.4316,49.4082],[20.4337,49.4082],[20.4351,49.4079],[20.4366,49.4072],[20.437,49.4063],[20.4365,49.4052],[20.4342,49.4021],[20.434,49.4011],[20.4348,49.3993],[20.4344,49.3979],[20.4333,49.3966],[20.4324,49.3961],[20.4311,49.3959],[20.4303,49.3968],[20.4297,49.398],[20.428,49.402],[20.4267,49.4028],[20.4251,49.4031],[20.4219,49.4045],[20.4204,49.4054],[20.4183,49.4059],[20.4169,49.4058],[20.4152,49.4049],[20.4142,49.4035],[20.4141,49.4019],[20.4147,49.3992],[20.4147,49.3977],[20.4137,49.3963],[20.4123,49.3952],[20.4113,49.3948],[20.409,49.3935],[20.4079,49.3931],[20.4048,49.3923],[20.4022,49.392],[20.3991,49.3919],[20.393,49.3906],[20.3904,49.3904],[20.388,49.3908],[20.3865,49.3908],[20.3824,49.391],[20.3815,49.3922],[20.3811,49.3938],[20.3805,49.395],[20.3805,49.3959],[20.3812,49.3969],[20.3814,49.3989],[20.3814,49.4009],[20.3809,49.4033],[20.3793,49.4052],[20.3793,49.4056],[20.3757,49.4079],[20.3731,49.408],[20.3711,49.4074],[20.37,49.4061],[20.3698,49.4053],[20.3699,49.4037],[20.3693,49.4015],[20.368,49.4002],[20.3657,49.3992],[20.3632,49.3985],[20.3617,49.3982],[20.3572,49.3985],[20.3546,49.3996],[20.3528,49.4008],[20.3515,49.4014],[20.3499,49.4015],[20.3485,49.4013],[20.3478,49.4009],[20.346,49.4006],[20.3443,49.4006],[20.3426,49.4008],[20.3414,49.4011],[20.3393,49.4013],[20.3379,49.4019],[20.3375,49.4025],[20.336,49.402],[20.3351,49.4015],[20.3334,49.4018],[20.3322,49.4022],[20.3303,49.4026],[20.3282,49.4029],[20.3267,49.4028],[20.325,49.403],[20.3242,49.4023],[20.3221,49.4017],[20.3215,49.4006],[20.3206,49.3995],[20.3195,49.3958],[20.3179,49.3931],[20.3179,49.3925],[20.3173,49.39],[20.3175,49.3887],[20.3188,49.3891],[20.3211,49.3903],[20.3234,49.3904],[20.3243,49.3906],[20.3254,49.3906],[20.3263,49.3909],[20.3279,49.3909],[20.3295,49.3911],[20.3301,49.3914],[20.3307,49.3903],[20.3291,49.3888],[20.3282,49.3871],[20.3277,49.3871],[20.327,49.386],[20.3268,49.3848],[20.3258,49.3835],[20.3251,49.3833],[20.3242,49.3817],[20.3236,49.3813],[20.323,49.3797],[20.3217,49.3787],[20.3211,49.3774],[20.321,49.3766],[20.3213,49.3759],[20.3227,49.3751],[20.3232,49.3735],[20.3241,49.3724],[20.3249,49.3721],[20.3248,49.3714],[20.3256,49.3713],[20.3253,49.3696],[20.3254,49.3678],[20.3262,49.3659],[20.3254,49.3648],[20.3249,49.3635],[20.3253,49.3614],[20.3247,49.3607],[20.324,49.3592],[20.3241,49.3583],[20.3231,49.3559],[20.3234,49.3557],[20.3233,49.3544],[20.3229,49.353],[20.3235,49.3525],[20.3237,49.3518],[20.3214,49.3495],[20.321,49.3483],[20.3196,49.347],[20.3173,49.3456],[20.3169,49.3447],[20.3154,49.3442],[20.3142,49.3435],[20.3129,49.3433],[20.3113,49.3433],[20.311,49.3437],[20.3084,49.3439],[20.3049,49.3461],[20.3028,49.3472],[20.3017,49.3483],[20.3007,49.3488],[20.2989,49.3488],[20.2972,49.3495],[20.2951,49.3495],[20.2941,49.3502],[20.2944,49.3508],[20.293,49.3515],[20.2896,49.3512],[20.2872,49.3512],[20.286,49.3509],[20.2835,49.351],[20.2797,49.3517],[20.2789,49.3514],[20.2777,49.3515],[20.2775,49.3512],[20.2742,49.3512],[20.2731,49.3514],[20.2704,49.3491],[20.2694,49.3477],[20.2697,49.3474],[20.2688,49.3465],[20.2687,49.3457],[20.2662,49.3466],[20.2661,49.3471],[20.2625,49.3478],[20.2621,49.3475],[20.2596,49.3477],[20.2578,49.3487],[20.255,49.3491],[20.254,49.3489],[20.2534,49.3497],[20.2532,49.3518],[20.2509,49.3505],[20.2495,49.35],[20.2478,49.3497],[20.2463,49.3502],[20.2454,49.3507],[20.244,49.351],[20.243,49.351],[20.242,49.3505],[20.2414,49.3491],[20.2407,49.3483],[20.2393,49.3484],[20.2374,49.3476],[20.2353,49.3476],[20.2335,49.3466],[20.2318,49.3463],[20.2303,49.3468],[20.2295,49.3473],[20.2275,49.3493],[20.2262,49.3497],[20.2249,49.3504],[20.2219,49.3518],[20.2208,49.3518],[20.2194,49.3511],[20.2193,49.3504],[20.2182,49.3498],[20.216,49.3489],[20.214,49.3484],[20.214,49.3477],[20.2135,49.3474],[20.2132,49.3461],[20.2135,49.3454],[20.2128,49.3448],[20.2107,49.3445],[20.2082,49.3436],[20.2056,49.3428],[20.205,49.3429],[20.2039,49.3425],[20.2034,49.3418],[20.1998,49.342],[20.1982,49.342],[20.1976,49.3422],[20.1952,49.3423],[20.1942,49.3414],[20.1932,49.341],[20.1912,49.3392],[20.1903,49.3387],[20.1901,49.3377],[20.1891,49.338],[20.1875,49.3392],[20.1865,49.3403],[20.1854,49.3441],[20.1854,49.3448],[20.1846,49.3464],[20.1835,49.3474],[20.1821,49.348],[20.1808,49.3483],[20.1794,49.3497],[20.179,49.3503],[20.1784,49.3523],[20.1765,49.3526],[20.1749,49.3535],[20.1744,49.354],[20.1743,49.3547],[20.1735,49.3558],[20.1741,49.3572],[20.1744,49.3584],[20.1716,49.3597],[20.1699,49.3613],[20.1691,49.3623],[20.1708,49.3638],[20.1708,49.3651],[20.1716,49.3661],[20.1724,49.3666],[20.172,49.3681],[20.1702,49.369],[20.1687,49.3696],[20.1669,49.3722],[20.1652,49.3734],[20.1623,49.3738],[20.1608,49.3744],[20.1595,49.3754],[20.1581,49.3772],[20.1568,49.3797],[20.155,49.3794],[20.155,49.3799],[20.1544,49.3811],[20.1544,49.3816],[20.1558,49.3831],[20.1556,49.3843],[20.1551,49.385],[20.1547,49.3861],[20.1541,49.3869],[20.1533,49.3873],[20.1528,49.3865],[20.1522,49.3864],[20.1512,49.3856],[20.1502,49.3856],[20.1475,49.3859],[20.1465,49.3859],[20.1465,49.3865],[20.1458,49.3867],[20.1438,49.3885],[20.1429,49.3891],[20.1414,49.3895],[20.1385,49.3906],[20.1379,49.391],[20.1336,49.3917],[20.1312,49.3922],[20.1288,49.393],[20.1238,49.3943],[20.1212,49.3951],[20.117,49.3965],[20.1165,49.3965],[20.1137,49.3983],[20.1127,49.3987],[20.1126,49.4011],[20.1118,49.402],[20.1117,49.4028],[20.1127,49.4036],[20.1133,49.4047],[20.1136,49.4063],[20.1132,49.4071],[20.1135,49.4079],[20.1142,49.4087],[20.1142,49.4102],[20.1146,49.412],[20.116,49.4138],[20.1132,49.4148],[20.1122,49.4155],[20.1097,49.4164],[20.1062,49.4181],[20.1034,49.419],[20.1016,49.419],[20.0988,49.4197],[20.0989,49.4204],[20.1002,49.4218],[20.1012,49.4233],[20.1004,49.4237],[20.0987,49.4241],[20.0959,49.425],[20.0906,49.4269],[20.0893,49.4276],[20.0877,49.4281],[20.0853,49.4284],[20.0843,49.4274],[20.0832,49.4258],[20.0825,49.4251],[20.0823,49.4241],[20.0827,49.4237],[20.0821,49.4224],[20.0812,49.4215],[20.0805,49.4213],[20.0799,49.4206],[20.0764,49.421],[20.0755,49.4212],[20.0724,49.4214],[20.0717,49.4216],[20.0686,49.4218],[20.0645,49.4228],[20.0636,49.4231],[20.0593,49.424],[20.0561,49.4245],[20.0559,49.4248],[20.0559,49.4251],[20.0555,49.4255],[20.052,49.4263],[20.0507,49.4264],[20.0507,49.4259],[20.0494,49.4251],[20.0494,49.424],[20.0498,49.4231],[20.0498,49.4224],[20.0503,49.4221],[20.0509,49.4209],[20.0514,49.4209],[20.052,49.4205],[20.0529,49.4205],[20.0524,49.4186],[20.052,49.4178],[20.0513,49.4171],[20.0497,49.4164],[20.0492,49.4146],[20.0496,49.4141],[20.0493,49.4135],[20.0498,49.4128],[20.0498,49.4112],[20.0495,49.4106],[20.0484,49.4105],[20.0474,49.4109],[20.0446,49.4114],[20.044,49.4104],[20.0434,49.4087],[20.0436,49.4066],[20.0441,49.4059],[20.043,49.405],[20.0415,49.4046],[20.0403,49.4046],[20.0391,49.404],[20.0376,49.4037],[20.036,49.4028],[20.0355,49.4015],[20.0362,49.4005],[20.0372,49.4],[20.0384,49.3986],[20.0397,49.3978],[20.0408,49.3975],[20.0404,49.3969],[20.039,49.3959],[20.0383,49.3956],[20.0372,49.3956],[20.0341,49.3963],[20.0293,49.3989],[20.0269,49.3996],[20.0243,49.3977],[20.0222,49.3977],[20.021,49.3953],[20.021,49.3946],[20.0184,49.3948],[20.0168,49.3951],[20.0128,49.3956],[20.0098,49.3956],[20.0066,49.3958],[20.003,49.3964],[20.0015,49.3964],[19.9989,49.3959],[19.9965,49.3953],[19.997,49.3937],[19.997,49.393],[19.9987,49.3903],[19.9996,49.3892],[19.9989,49.3887],[19.9981,49.3886],[19.9957,49.3878],[19.995,49.3874],[19.9935,49.3871],[19.9939,49.3851],[19.9943,49.3842],[19.9927,49.3838],[19.9925,49.3832],[19.9911,49.3829],[19.9912,49.3825],[19.9899,49.3825],[19.9889,49.3822],[19.9874,49.3821],[19.9869,49.3793],[19.9872,49.3787],[19.9858,49.3789],[19.9836,49.3788],[19.9829,49.3784],[19.9821,49.3785],[19.9805,49.3776],[19.978,49.3773],[19.9771,49.377],[19.9758,49.3761],[19.9749,49.3762],[19.9733,49.3754],[19.9722,49.3755],[19.9708,49.3745],[19.9697,49.3747],[19.9685,49.3756],[19.9656,49.3771],[19.9636,49.3778],[19.9623,49.378],[19.9598,49.3788],[19.9585,49.3794],[19.9557,49.3801],[19.9549,49.3801],[19.9521,49.3807],[19.9507,49.3808],[19.9493,49.3811],[19.947,49.3814],[19.9429,49.3823],[19.9421,49.3823],[19.9429,49.3814],[19.9429,49.3806],[19.9418,49.3793],[19.9428,49.3787],[19.9419,49.378],[19.9419,49.3774],[19.9411,49.3769],[19.942,49.3762],[19.941,49.3758],[19.9414,49.3749],[19.9416,49.3735],[19.942,49.3722],[19.9425,49.3698],[19.9435,49.3684],[19.9435,49.3673],[19.9432,49.3663],[19.9422,49.3646],[19.9423,49.3615],[19.9431,49.3586],[19.9425,49.3574],[19.9416,49.3562],[19.9414,49.3554],[19.9415,49.3539],[19.9365,49.353],[19.9333,49.3531],[19.9312,49.3527],[19.9309,49.3524],[19.9283,49.3522],[19.9275,49.3523],[19.9271,49.3519],[19.9248,49.3517],[19.9241,49.3513],[19.9233,49.3515],[19.9216,49.3515],[19.921,49.351],[19.9191,49.351],[19.9169,49.3496],[19.9164,49.3487],[19.9156,49.3482],[19.9152,49.3473],[19.9142,49.347],[19.9118,49.346],[19.9095,49.3445],[19.9088,49.3439],[19.9052,49.3419],[19.9049,49.3419],[19.9021,49.3409],[19.8998,49.3398],[19.9001,49.3387],[19.9001,49.3359],[19.8997,49.334],[19.8995,49.3317],[19.8992,49.331],[19.8992,49.3281],[19.8993,49.3273],[19.8976,49.3271],[19.896,49.3264],[19.8942,49.3265],[19.8929,49.3264],[19.8906,49.3267],[19.8881,49.3266],[19.8869,49.327],[19.8852,49.3279],[19.8839,49.3289],[19.8831,49.3293],[19.8826,49.3299],[19.8823,49.3308],[19.8805,49.3329],[19.8799,49.3339],[19.8781,49.3359],[19.8756,49.3369],[19.875,49.3369],[19.8717,49.338],[19.8682,49.3383],[19.8664,49.3383],[19.8637,49.3392],[19.8623,49.3404],[19.8609,49.3413],[19.8598,49.3416],[19.8569,49.3429],[19.8563,49.3429],[19.8542,49.3439],[19.8523,49.346],[19.8506,49.3474],[19.8487,49.3487],[19.8461,49.3514],[19.8454,49.3527],[19.8438,49.3541],[19.8411,49.3531],[19.8387,49.3525],[19.838,49.3521],[19.8364,49.3519],[19.8349,49.3521],[19.8326,49.3518],[19.8273,49.3518],[19.8264,49.3519],[19.8235,49.3513],[19.8214,49.351],[19.8195,49.3509],[19.8167,49.3506],[19.814,49.3498],[19.8101,49.3497],[19.8089,49.3493],[19.8066,49.3491],[19.806,49.3492],[19.803,49.3492],[19.802,49.349],[19.8005,49.349],[19.798,49.3483],[19.7967,49.3478],[19.7953,49.3475],[19.7955,49.3481],[19.7968,49.3498],[19.7984,49.3512],[19.799,49.3521],[19.8015,49.3529],[19.8025,49.3531],[19.8025,49.3542],[19.8019,49.3561],[19.8019,49.3577],[19.8014,49.359],[19.8016,49.3604],[19.8031,49.3626],[19.8038,49.3645],[19.8038,49.3655],[19.8035,49.3668],[19.8027,49.3684],[19.8021,49.3703],[19.8,49.3721],[19.7981,49.3733],[19.7952,49.3762],[19.795,49.3766],[19.7939,49.3774],[19.7925,49.3787],[19.792,49.3824],[19.7911,49.3835],[19.7909,49.3855],[19.7908,49.388],[19.7908,49.3914],[19.7907,49.3922],[19.7908,49.3951],[19.7911,49.3967],[19.7904,49.3988],[19.7889,49.4011],[19.7894,49.4035],[19.7901,49.4082],[19.7906,49.4107],[19.7891,49.4108],[19.7831,49.4115],[19.7814,49.4118],[19.7804,49.4118],[19.7775,49.4122],[19.7705,49.4127],[19.7676,49.413],[19.7651,49.4123],[19.7626,49.4118],[19.7602,49.4111],[19.7562,49.4102],[19.7549,49.4098],[19.7529,49.4094],[19.7479,49.4082],[19.7463,49.4079],[19.7456,49.4072],[19.7446,49.4066],[19.7421,49.4055],[19.7413,49.4048],[19.7405,49.4036],[19.7399,49.402],[19.739,49.4006],[19.7378,49.3993],[19.7355,49.3972],[19.7331,49.3948],[19.7303,49.3924],[19.7296,49.3917],[19.7275,49.3906],[19.7266,49.39],[19.7244,49.3896],[19.7228,49.3889],[19.719,49.3867],[19.7176,49.3864],[19.7164,49.387],[19.7174,49.388],[19.7165,49.3883],[19.717,49.3889],[19.7181,49.3892],[19.7177,49.3897],[19.7166,49.3903],[19.7157,49.3903],[19.7156,49.3912],[19.7143,49.392],[19.7134,49.392],[19.7134,49.3914],[19.7107,49.3909],[19.7092,49.391],[19.7087,49.3916],[19.7089,49.392],[19.7104,49.3925],[19.71,49.3931],[19.7085,49.3941],[19.7075,49.3943],[19.7068,49.3949],[19.7065,49.396],[19.7055,49.3963],[19.7051,49.395],[19.7034,49.3952],[19.7045,49.3966],[19.7035,49.3968],[19.7028,49.3959],[19.7018,49.3964],[19.7025,49.3971],[19.7018,49.3979],[19.7007,49.3976],[19.7001,49.3977],[19.7007,49.3988],[19.6996,49.3997],[19.6987,49.3988],[19.6977,49.399],[19.6969,49.3995],[19.6954,49.3989],[19.695,49.3998],[19.6931,49.3994],[19.6932,49.3998],[19.6926,49.4006],[19.692,49.4003],[19.6918,49.3997],[19.6908,49.4003],[19.6915,49.4012],[19.6897,49.401],[19.6887,49.4011],[19.6885,49.4015],[19.6872,49.4022],[19.6865,49.4028],[19.6859,49.4022],[19.6853,49.4028],[19.6843,49.4033],[19.6837,49.4026],[19.6828,49.4029],[19.6828,49.4037],[19.6821,49.4039],[19.6814,49.4022],[19.6808,49.4021],[19.6794,49.4025],[19.6796,49.403],[19.679,49.4041],[19.678,49.4029],[19.6771,49.4034],[19.676,49.4033],[19.676,49.4042],[19.6751,49.4048],[19.6736,49.4047],[19.6723,49.4043],[19.672,49.405],[19.6724,49.4057],[19.6714,49.406],[19.6699,49.4054],[19.6686,49.4063],[19.6676,49.4056],[19.6668,49.4056],[19.6669,49.4063],[19.6661,49.4067],[19.665,49.4063],[19.6639,49.4065],[19.664,49.4073],[19.6628,49.4077],[19.6614,49.4064],[19.6605,49.4072],[19.6606,49.4079],[19.6603,49.4085],[19.6596,49.4084],[19.6587,49.4076],[19.6576,49.4077],[19.6567,49.4083],[19.6554,49.4082],[19.654,49.4078],[19.6514,49.4084],[19.6514,49.409],[19.6509,49.4099],[19.6486,49.409],[19.6478,49.4091],[19.6474,49.4097],[19.6461,49.4089],[19.6459,49.4082],[19.6443,49.4082],[19.6446,49.4087],[19.644,49.4095],[19.6448,49.4096],[19.6443,49.4106],[19.6432,49.4104],[19.6422,49.4107],[19.6423,49.4099],[19.641,49.4098],[19.6399,49.4112],[19.6391,49.4113],[19.639,49.4099],[19.6392,49.4093],[19.6386,49.4086],[19.6377,49.4091],[19.6373,49.4097],[19.6366,49.4098],[19.6361,49.4104],[19.6348,49.4094],[19.6339,49.4097],[19.6334,49.4092],[19.6336,49.4085],[19.6328,49.4084],[19.6317,49.4088],[19.6314,49.4095],[19.6346,49.4125],[19.6352,49.4136],[19.6352,49.4142],[19.6358,49.4159],[19.6371,49.4176],[19.6378,49.4188],[19.6383,49.4219],[19.6387,49.4224],[19.6398,49.4246],[19.6407,49.4261],[19.6423,49.4281],[19.6438,49.4307],[19.6447,49.4312],[19.6461,49.4324],[19.6474,49.4332],[19.6475,49.4332],[19.6474,49.4332],[19.6475,49.4332],[19.6478,49.4341],[19.6486,49.4353],[19.6474,49.4358],[19.6468,49.4358],[19.6464,49.437],[19.6444,49.437],[19.643,49.4372],[19.6427,49.4379],[19.6419,49.4384],[19.6417,49.439],[19.6405,49.4394],[19.6397,49.44],[19.6378,49.4405],[19.638,49.4414],[19.6375,49.4419],[19.6381,49.4426],[19.6386,49.4439],[19.6374,49.4448],[19.6379,49.4456],[19.6378,49.4481],[19.6416,49.4495],[19.6418,49.4517],[19.6417,49.4533],[19.6429,49.4546],[19.6425,49.4551],[19.6411,49.4576],[19.635,49.4546],[19.6311,49.4526],[19.6284,49.4513],[19.6254,49.4496],[19.6213,49.4488],[19.6209,49.4488],[19.6172,49.448],[19.6167,49.448],[19.6143,49.4474],[19.6114,49.4469],[19.6112,49.4476],[19.6106,49.4479],[19.6091,49.4502],[19.6083,49.4502],[19.6076,49.4508],[19.6068,49.4508],[19.6059,49.4515],[19.6056,49.4522],[19.6059,49.4532],[19.6051,49.4533],[19.6049,49.4542],[19.6031,49.4545],[19.6028,49.4552],[19.6018,49.4558],[19.6006,49.4559],[19.6004,49.4565],[19.5991,49.4568],[19.5992,49.4573],[19.5983,49.4579],[19.5976,49.4579],[19.5974,49.4586],[19.5962,49.4583],[19.595,49.4586],[19.593,49.4587],[19.5891,49.4581],[19.5883,49.4579],[19.5871,49.4571],[19.5852,49.4564],[19.5842,49.4563],[19.5815,49.4554],[19.581,49.4565],[19.5815,49.4566],[19.5816,49.458],[19.5816,49.4583],[19.5808,49.4588],[19.5812,49.4595],[19.5804,49.4613],[19.5797,49.462],[19.5787,49.4624],[19.5776,49.4633],[19.576,49.4634],[19.5752,49.464],[19.5749,49.4642],[19.5744,49.465],[19.5732,49.466],[19.5731,49.4667],[19.5727,49.4675],[19.572,49.4677],[19.5717,49.4685],[19.5708,49.4686],[19.5705,49.469],[19.57,49.47],[19.5691,49.4701],[19.5689,49.4702],[19.5676,49.4709],[19.5671,49.4709],[19.5671,49.4724],[19.5681,49.4735],[19.568,49.474],[19.5691,49.4745],[19.5673,49.4761],[19.5672,49.4767],[19.566,49.4781],[19.5659,49.4795],[19.5654,49.4807],[19.5642,49.4811],[19.5635,49.4816],[19.562,49.4822],[19.5607,49.4848],[19.5594,49.4862],[19.5584,49.488],[19.5574,49.4869],[19.5571,49.4873],[19.5557,49.4881],[19.5541,49.4897],[19.554,49.4897],[19.5541,49.4897],[19.554,49.4897],[19.5537,49.4899],[19.5538,49.4913],[19.5541,49.4918],[19.5541,49.4931],[19.5545,49.4948],[19.5543,49.4966],[19.5544,49.4988],[19.5541,49.4996],[19.5539,49.5013],[19.5536,49.5019],[19.5534,49.5032],[19.5527,49.5038],[19.5519,49.5057],[19.5517,49.5074],[19.5509,49.5087],[19.5491,49.5109],[19.5485,49.5127],[19.5481,49.5132],[19.5465,49.514],[19.5447,49.5158],[19.5424,49.5191],[19.542,49.5211],[19.542,49.522],[19.5415,49.5233],[19.5401,49.5247],[19.5375,49.5255],[19.5362,49.5261],[19.5351,49.5263],[19.5351,49.5271],[19.5355,49.5292],[19.5358,49.5299],[19.5356,49.5305],[19.535,49.5309],[19.5324,49.5334],[19.5314,49.5348],[19.5304,49.5358],[19.5301,49.5368],[19.5292,49.5387],[19.5291,49.5407],[19.5293,49.5447],[19.5296,49.548],[19.5299,49.5492],[19.5281,49.5576],[19.5274,49.5612],[19.528,49.5613],[19.5287,49.5651],[19.5292,49.5684],[19.5296,49.5705],[19.5293,49.573],[19.5307,49.5736],[19.5343,49.5739],[19.536,49.5742],[19.5384,49.5748],[19.5393,49.5747],[19.5401,49.5753],[19.5427,49.5756],[19.5441,49.5762],[19.5464,49.5762],[19.5488,49.5766],[19.5502,49.577],[19.5507,49.5774],[19.5525,49.5777],[19.5542,49.5786],[19.5551,49.5787],[19.5562,49.5792],[19.5593,49.5797],[19.5601,49.5801],[19.5619,49.5827],[19.5629,49.5834],[19.5632,49.5846],[19.5643,49.5849],[19.5656,49.5848],[19.5669,49.5856],[19.5677,49.5864],[19.5694,49.5868],[19.5718,49.5868],[19.5734,49.5865],[19.575,49.5858],[19.5765,49.5855],[19.5777,49.5867],[19.5808,49.5874],[19.583,49.5884],[19.5845,49.59],[19.5871,49.5902],[19.5881,49.5906],[19.5888,49.5913],[19.5906,49.5923],[19.592,49.5929],[19.5925,49.5942],[19.5939,49.5957],[19.594,49.5977],[19.5959,49.5994],[19.5961,49.6004],[19.5956,49.6018],[19.595,49.6022],[19.5942,49.6033],[19.5939,49.6044],[19.5915,49.6068],[19.5905,49.6075],[19.5902,49.6086],[19.5884,49.6102],[19.588,49.6113],[19.5866,49.6127],[19.5877,49.614],[19.5884,49.6165],[19.5891,49.6176],[19.5894,49.6195],[19.5903,49.6225],[19.5917,49.6228],[19.5945,49.6232],[19.5983,49.623],[19.6025,49.6222],[19.6066,49.6219],[19.6093,49.6221],[19.613,49.6228],[19.6155,49.623],[19.6193,49.6237],[19.6207,49.6218],[19.6209,49.6209],[19.6216,49.6199],[19.6246,49.6181],[19.626,49.6161],[19.6265,49.6145],[19.6271,49.6134],[19.6306,49.6103],[19.6323,49.6092],[19.6342,49.6085],[19.636,49.6072],[19.6382,49.6054],[19.6403,49.6035],[19.6461,49.6004],[19.6473,49.5996],[19.6496,49.5988],[19.651,49.5979],[19.6516,49.5973],[19.6532,49.5966],[19.6547,49.5957],[19.6555,49.5955],[19.6576,49.5939],[19.6564,49.5919],[19.6563,49.5907],[19.6576,49.5899],[19.6588,49.5886],[19.6603,49.588],[19.6625,49.5873],[19.6649,49.5853],[19.6653,49.5847],[19.6661,49.5847],[19.6686,49.5838],[19.6695,49.5837],[19.6705,49.5832],[19.6728,49.5813],[19.6732,49.5807],[19.6734,49.579],[19.6737,49.5782],[19.6752,49.5776],[19.6769,49.5775],[19.6765,49.5756],[19.6782,49.5746],[19.681,49.5742],[19.683,49.5742],[19.6846,49.5746],[19.6866,49.5763],[19.6882,49.5768],[19.6901,49.5766],[19.6923,49.5773],[19.6932,49.5779],[19.6953,49.5788],[19.6969,49.5786],[19.6994,49.5785],[19.7007,49.578],[19.7019,49.5768],[19.7034,49.576],[19.7048,49.5755],[19.7059,49.5753],[19.7083,49.5755],[19.709,49.5759],[19.7109,49.5764],[19.7122,49.5769],[19.717,49.5768],[19.7181,49.577],[19.7206,49.577],[19.7214,49.5768],[19.7235,49.5767],[19.7249,49.5764],[19.727,49.5764],[19.7297,49.5759],[19.7309,49.5746],[19.7324,49.5741],[19.7349,49.5721],[19.7364,49.5724],[19.739,49.5725],[19.7423,49.5725],[19.7444,49.5723],[19.7472,49.5724],[19.7492,49.5721],[19.7505,49.5715],[19.7516,49.5715],[19.7528,49.5718],[19.754,49.573],[19.7539,49.5734],[19.7545,49.5743],[19.7561,49.5748],[19.7574,49.5757],[19.758,49.5756],[19.7595,49.5763],[19.761,49.5777],[19.7617,49.5781],[19.7623,49.5794],[19.7629,49.5797],[19.7635,49.5805],[19.763,49.581],[19.7598,49.582],[19.7585,49.5831],[19.7566,49.5838],[19.7557,49.5837],[19.7543,49.5843],[19.7542,49.5849],[19.755,49.586],[19.7548,49.5864],[19.7568,49.5874],[19.758,49.5872],[19.7591,49.5873],[19.7594,49.5877],[19.7605,49.5878],[19.7614,49.5882],[19.7618,49.5889],[19.7647,49.5897],[19.7667,49.5906],[19.767,49.5904],[19.7675,49.5896],[19.7676,49.5881],[19.7683,49.5874],[19.7685,49.5868],[19.7699,49.5862],[19.7713,49.5863],[19.7737,49.586],[19.7751,49.5856],[19.7762,49.5855],[19.7798,49.5869],[19.7809,49.5875],[19.7827,49.5878],[19.785,49.5886],[19.7864,49.5895],[19.7866,49.5891],[19.7878,49.5894],[19.7889,49.5899],[19.791,49.5903],[19.7927,49.5908],[19.7938,49.5916],[19.7951,49.5921],[19.7959,49.5921],[19.7968,49.5929],[19.7976,49.593],[19.7986,49.5939],[19.8004,49.594],[19.801,49.5938],[19.8017,49.5944],[19.8025,49.5943],[19.8041,49.5948],[19.8047,49.5945],[19.8046,49.594],[19.8092,49.5949],[19.8096,49.5943],[19.811,49.5942],[19.8118,49.5935],[19.8135,49.5925],[19.8149,49.5924],[19.8165,49.5929],[19.8173,49.5935],[19.8179,49.5934],[19.82,49.5939],[19.8226,49.5936],[19.8242,49.5927],[19.8254,49.5922],[19.8285,49.5923],[19.831,49.5931],[19.8325,49.5939],[19.834,49.5942],[19.8371,49.5945],[19.838,49.5945],[19.8408,49.5949],[19.842,49.5945],[19.8421,49.5951],[19.8441,49.5957],[19.8452,49.5953],[19.8465,49.5953],[19.8479,49.5949],[19.8519,49.5954],[19.8535,49.5971],[19.8531,49.5979],[19.8522,49.5988],[19.8525,49.5993],[19.8545,49.5992],[19.8588,49.5992],[19.8607,49.599],[19.8616,49.5993],[19.8627,49.5993],[19.8636,49.6],[19.8646,49.6015],[19.865,49.6026],[19.8662,49.6045],[19.8664,49.6056],[19.8671,49.6075],[19.8682,49.6097],[19.8685,49.6108],[19.869,49.6117],[19.8689,49.6122],[19.8701,49.6126],[19.8715,49.6139],[19.8717,49.6145],[19.8735,49.6149],[19.8744,49.6164],[19.8735,49.6184],[19.8735,49.6194],[19.873,49.6213],[19.8722,49.6226],[19.8721,49.6243],[19.8728,49.6264],[19.8729,49.6282],[19.8726,49.6288],[19.8734,49.6299],[19.8729,49.6307],[19.8721,49.6299],[19.8708,49.6309],[19.8709,49.6323],[19.8706,49.6331],[19.8719,49.6334],[19.874,49.6353],[19.8753,49.6357],[19.8761,49.6368],[19.8774,49.6368],[19.8812,49.6363],[19.8842,49.6357],[19.8858,49.6355],[19.8885,49.6354],[19.8898,49.6367],[19.8908,49.6367],[19.8921,49.6372],[19.8923,49.6375],[19.8937,49.6376],[19.8945,49.6367],[19.8966,49.6358],[19.8989,49.6354],[19.8994,49.635],[19.9001,49.6333],[19.9008,49.6325],[19.9028,49.6312],[19.9036,49.631],[19.9072,49.6292],[19.9104,49.6278],[19.9117,49.6269],[19.9126,49.6259],[19.9147,49.6249],[19.9168,49.6242],[19.919,49.6232],[19.92,49.623],[19.9204,49.6234],[19.9217,49.624],[19.9236,49.6235],[19.9252,49.6233],[19.9303,49.6208],[19.9309,49.6214],[19.932,49.6217],[19.9343,49.6219],[19.9359,49.6217],[19.9368,49.6222],[19.9385,49.6222],[19.9407,49.6216],[19.9389,49.62]]]}},{"type":"Feature","id":"powiat-olkuski","properties":{"slug":"powiat-olkuski","name":"powiat olkuski"},"geometry":{"type":"Polygon","coordinates":[[[19.8445,50.4342],[19.8446,50.4342],[19.844,50.4317],[19.8439,50.4308],[19.8452,50.4309],[19.8484,50.4253],[19.8479,50.4251],[19.8433,50.4247],[19.8436,50.4233],[19.8434,50.4214],[19.8429,50.4198],[19.8425,50.4163],[19.8428,50.4156],[19.8445,50.4161],[19.8461,50.4164],[19.847,50.4162],[19.8474,50.4154],[19.8473,50.4135],[19.8476,50.412],[19.8473,50.41],[19.8497,50.4096],[19.8508,50.4092],[19.8508,50.4072],[19.8525,50.407],[19.8526,50.4062],[19.8517,50.4052],[19.8507,50.4028],[19.8463,50.4028],[19.8459,50.402],[19.8452,50.4016],[19.8437,50.4019],[19.8422,50.4011],[19.8413,50.4001],[19.8398,50.4001],[19.8378,50.3994],[19.8357,50.3993],[19.8397,50.3978],[19.843,50.3964],[19.8474,50.3948],[19.8482,50.3944],[19.8515,50.3931],[19.8508,50.392],[19.8503,50.3907],[19.8498,50.3902],[19.8495,50.3893],[19.8488,50.3887],[19.8491,50.3869],[19.8494,50.3866],[19.8494,50.3856],[19.8497,50.3844],[19.8498,50.3826],[19.8501,50.3815],[19.8503,50.3797],[19.8503,50.3781],[19.8507,50.3775],[19.8501,50.3764],[19.849,50.3757],[19.8485,50.3751],[19.8477,50.3729],[19.8484,50.3727],[19.8482,50.372],[19.8473,50.3712],[19.8471,50.3706],[19.8474,50.37],[19.8488,50.3697],[19.8509,50.3697],[19.8525,50.3694],[19.854,50.3697],[19.8543,50.3694],[19.8543,50.3683],[19.8539,50.3656],[19.8533,50.3651],[19.8501,50.3614],[19.8481,50.3612],[19.8474,50.3609],[19.848,50.3603],[19.8475,50.3596],[19.8456,50.36],[19.8438,50.3585],[19.8433,50.3575],[19.843,50.3559],[19.8431,50.3543],[19.8409,50.3545],[19.8371,50.3545],[19.8366,50.3532],[19.8359,50.352],[19.8329,50.3526],[19.8325,50.3502],[19.8321,50.3485],[19.8317,50.3475],[19.8296,50.3436],[19.8289,50.3402],[19.8279,50.3368],[19.8273,50.3343],[19.8255,50.3283],[19.8254,50.3274],[19.827,50.3268],[19.8385,50.3235],[19.8407,50.3227],[19.8398,50.3211],[19.8411,50.3207],[19.8441,50.3189],[19.8458,50.3181],[19.8471,50.3179],[19.8482,50.3171],[19.8513,50.3154],[19.8534,50.3153],[19.8542,50.3156],[19.8552,50.3148],[19.8579,50.3156],[19.8612,50.3157],[19.863,50.3153],[19.8655,50.3151],[19.868,50.3145],[19.8704,50.3137],[19.8718,50.3131],[19.8728,50.3129],[19.8751,50.3117],[19.8766,50.3113],[19.8792,50.3103],[19.8817,50.309],[19.8827,50.3087],[19.8852,50.3087],[19.8863,50.309],[19.8885,50.3091],[19.8906,50.3097],[19.8925,50.3098],[19.894,50.3095],[19.8988,50.3082],[19.8996,50.3078],[19.9018,50.3071],[19.9036,50.3067],[19.9074,50.3056],[19.9083,50.3044],[19.9099,50.3035],[19.9118,50.3029],[19.9152,50.3014],[19.9164,50.3006],[19.9182,50.3],[19.919,50.2993],[19.9209,50.2985],[19.9169,50.2953],[19.9143,50.2921],[19.9138,50.2919],[19.913,50.2909],[19.9117,50.2917],[19.9066,50.2883],[19.9055,50.2877],[19.9027,50.2867],[19.9013,50.2856],[19.9006,50.2846],[19.9007,50.2831],[19.9016,50.2798],[19.9016,50.2789],[19.9012,50.2773],[19.9016,50.2764],[19.9014,50.2761],[19.9013,50.2753],[19.9005,50.2742],[19.8986,50.2731],[19.8971,50.2716],[19.8954,50.2702],[19.8945,50.2688],[19.894,50.2674],[19.8936,50.2655],[19.8887,50.2665],[19.8882,50.2667],[19.8887,50.2688],[19.8855,50.2697],[19.8836,50.2701],[19.8771,50.2719],[19.879,50.275],[19.8751,50.2767],[19.8757,50.2777],[19.8733,50.2785],[19.8715,50.2763],[19.8712,50.2756],[19.87,50.2741],[19.8687,50.2727],[19.8684,50.272],[19.8661,50.2696],[19.8638,50.2684],[19.8607,50.2663],[19.8594,50.265],[19.8579,50.2638],[19.8552,50.2611],[19.8542,50.2603],[19.8525,50.2593],[19.8512,50.2575],[19.8503,50.2568],[19.848,50.2569],[19.8477,50.2538],[19.8477,50.2529],[19.847,50.2522],[19.8469,50.2494],[19.8461,50.2499],[19.8439,50.25],[19.8427,50.2502],[19.8407,50.2502],[19.8407,50.2511],[19.8375,50.251],[19.8375,50.2579],[19.8378,50.2582],[19.8338,50.2587],[19.8337,50.2603],[19.8343,50.2621],[19.8342,50.2635],[19.8327,50.2638],[19.83,50.2648],[19.8285,50.2655],[19.8269,50.2666],[19.8265,50.2679],[19.8254,50.2696],[19.825,50.2706],[19.8231,50.2713],[19.82,50.2721],[19.8181,50.2725],[19.8171,50.2731],[19.8164,50.2747],[19.8153,50.2757],[19.815,50.2772],[19.8126,50.2781],[19.8099,50.275],[19.8093,50.2746],[19.8077,50.2724],[19.8051,50.2722],[19.8042,50.2697],[19.8027,50.27],[19.8024,50.2691],[19.7993,50.2698],[19.7979,50.2705],[19.7967,50.2705],[19.7957,50.2709],[19.7946,50.2719],[19.7935,50.2736],[19.7894,50.2732],[19.7894,50.2703],[19.786,50.2706],[19.7855,50.2702],[19.7828,50.2706],[19.7807,50.2711],[19.7792,50.2711],[19.7773,50.2713],[19.7746,50.2714],[19.7776,50.2761],[19.7709,50.2777],[19.7693,50.2783],[19.7652,50.2795],[19.7642,50.2799],[19.7622,50.2804],[19.7603,50.2811],[19.7591,50.2819],[19.7562,50.2828],[19.7537,50.2844],[19.7525,50.285],[19.7541,50.2867],[19.7556,50.2892],[19.7535,50.2899],[19.7506,50.2913],[19.7497,50.2915],[19.7482,50.29],[19.7474,50.2895],[19.7468,50.2886],[19.7455,50.2885],[19.7436,50.289],[19.7415,50.2898],[19.7402,50.2906],[19.7393,50.2909],[19.7381,50.2909],[19.7353,50.2914],[19.7335,50.2915],[19.7317,50.2918],[19.7307,50.2922],[19.7289,50.2925],[19.7232,50.2925],[19.722,50.2926],[19.7203,50.293],[19.7193,50.2929],[19.7182,50.2924],[19.7165,50.2928],[19.7153,50.2928],[19.7135,50.2932],[19.7128,50.2932],[19.7126,50.2939],[19.713,50.2947],[19.7125,50.2949],[19.7104,50.2964],[19.708,50.297],[19.7071,50.2976],[19.707,50.298],[19.7041,50.2996],[19.7008,50.2997],[19.7004,50.2992],[19.6981,50.2983],[19.6959,50.2981],[19.6941,50.2982],[19.6936,50.2972],[19.6916,50.2971],[19.6909,50.2961],[19.6909,50.2954],[19.6894,50.2951],[19.6879,50.2954],[19.6875,50.296],[19.6863,50.2961],[19.6852,50.2959],[19.683,50.2971],[19.6812,50.297],[19.6804,50.2972],[19.679,50.297],[19.6755,50.2971],[19.6729,50.2967],[19.6738,50.2959],[19.6748,50.2947],[19.6758,50.2932],[19.6764,50.292],[19.677,50.2902],[19.6772,50.2888],[19.6777,50.2878],[19.6777,50.2857],[19.6774,50.2842],[19.6774,50.2833],[19.6779,50.2825],[19.6766,50.2811],[19.6752,50.2792],[19.6735,50.2773],[19.6732,50.2767],[19.6731,50.2745],[19.6736,50.2734],[19.6733,50.273],[19.6736,50.2709],[19.6734,50.269],[19.6741,50.2674],[19.6747,50.2665],[19.6746,50.266],[19.6758,50.2651],[19.6768,50.265],[19.6778,50.2644],[19.6817,50.2633],[19.6834,50.263],[19.6848,50.263],[19.686,50.2628],[19.686,50.262],[19.685,50.2597],[19.685,50.2581],[19.6825,50.2582],[19.6818,50.2572],[19.6826,50.2568],[19.6824,50.2561],[19.6845,50.2551],[19.684,50.2544],[19.6834,50.2526],[19.6819,50.2493],[19.681,50.2478],[19.6783,50.2443],[19.6767,50.2425],[19.678,50.2415],[19.6759,50.2395],[19.6735,50.236],[19.672,50.2342],[19.67,50.2325],[19.6688,50.231],[19.6635,50.2325],[19.6614,50.2305],[19.6605,50.2294],[19.6604,50.2289],[19.6579,50.2259],[19.6574,50.2245],[19.6574,50.2232],[19.657,50.2221],[19.6564,50.2212],[19.6561,50.219],[19.6566,50.2164],[19.6566,50.2156],[19.6562,50.2152],[19.6534,50.2141],[19.6516,50.2135],[19.6463,50.2102],[19.6451,50.2093],[19.6444,50.2085],[19.6447,50.2073],[19.6446,50.2054],[19.6449,50.2051],[19.6449,50.2041],[19.6453,50.2033],[19.6476,50.2004],[19.6481,50.2],[19.6467,50.1993],[19.6447,50.1985],[19.6424,50.198],[19.6418,50.1969],[19.64,50.1968],[19.6385,50.1961],[19.6372,50.1957],[19.636,50.1949],[19.6348,50.1947],[19.6328,50.1936],[19.6316,50.1932],[19.6294,50.1919],[19.6277,50.1925],[19.6223,50.1923],[19.6186,50.1918],[19.6162,50.1918],[19.6141,50.1913],[19.6128,50.1912],[19.6115,50.1917],[19.6097,50.1919],[19.607,50.1911],[19.6051,50.1907],[19.6049,50.1899],[19.6021,50.1895],[19.6008,50.1891],[19.5984,50.1891],[19.5954,50.1895],[19.5952,50.1898],[19.5922,50.1924],[19.5894,50.1934],[19.5884,50.1943],[19.5881,50.1964],[19.5887,50.1981],[19.589,50.1997],[19.5883,50.2011],[19.5877,50.2019],[19.5863,50.2048],[19.5854,50.2056],[19.5804,50.2067],[19.5775,50.2083],[19.5756,50.2089],[19.574,50.209],[19.5708,50.2096],[19.5698,50.2099],[19.5666,50.2104],[19.5631,50.2108],[19.5622,50.2106],[19.5597,50.2106],[19.5566,50.211],[19.5565,50.2107],[19.5539,50.2108],[19.5511,50.2111],[19.5496,50.2111],[19.547,50.2113],[19.5445,50.2107],[19.5418,50.2103],[19.5397,50.2107],[19.5378,50.2114],[19.5375,50.2104],[19.5359,50.2105],[19.5347,50.2103],[19.5322,50.2116],[19.5315,50.2128],[19.5307,50.2134],[19.5288,50.2144],[19.5269,50.2156],[19.5259,50.2159],[19.5252,50.2168],[19.5306,50.2221],[19.528,50.2215],[19.5255,50.2213],[19.5212,50.2218],[19.5201,50.222],[19.5189,50.2219],[19.5173,50.222],[19.5153,50.2217],[19.5125,50.2219],[19.5103,50.2224],[19.5066,50.2225],[19.5054,50.2224],[19.501,50.2231],[19.499,50.2238],[19.4987,50.2237],[19.4962,50.2251],[19.4952,50.2255],[19.4939,50.2263],[19.4923,50.227],[19.4895,50.2274],[19.4881,50.2277],[19.4841,50.2291],[19.483,50.2291],[19.4794,50.2288],[19.4725,50.228],[19.4713,50.2277],[19.4655,50.2273],[19.464,50.2266],[19.4613,50.226],[19.4588,50.2256],[19.4572,50.2252],[19.4533,50.2247],[19.4514,50.2246],[19.4497,50.2248],[19.4488,50.2253],[19.4445,50.2263],[19.442,50.2266],[19.4407,50.2266],[19.4397,50.2263],[19.4383,50.2263],[19.4375,50.2261],[19.4349,50.2265],[19.4342,50.2263],[19.4326,50.2253],[19.4305,50.2251],[19.4287,50.2255],[19.4274,50.2263],[19.4259,50.227],[19.4236,50.2283],[19.4224,50.2287],[19.4214,50.2296],[19.418,50.2307],[19.4111,50.2333],[19.4096,50.233],[19.4072,50.2321],[19.406,50.232],[19.405,50.2323],[19.4039,50.2318],[19.4015,50.2318],[19.397,50.2316],[19.395,50.2322],[19.3944,50.2328],[19.3931,50.2334],[19.3919,50.2335],[19.3912,50.2342],[19.3898,50.2344],[19.3865,50.2353],[19.3849,50.2359],[19.3817,50.2369],[19.3801,50.2373],[19.3734,50.2394],[19.368,50.241],[19.3663,50.2416],[19.3589,50.2438],[19.3504,50.2465],[19.3488,50.2469],[19.3452,50.2481],[19.344,50.2484],[19.3401,50.2496],[19.3364,50.2518],[19.3312,50.2547],[19.3298,50.2556],[19.3268,50.2572],[19.3247,50.2585],[19.3234,50.2591],[19.3248,50.2601],[19.3255,50.2598],[19.3265,50.2606],[19.3275,50.2606],[19.3278,50.2616],[19.3291,50.2618],[19.3306,50.2625],[19.3311,50.2615],[19.3319,50.2614],[19.3343,50.2616],[19.3365,50.261],[19.3368,50.2616],[19.336,50.262],[19.3355,50.2626],[19.3376,50.263],[19.3385,50.2634],[19.3397,50.2631],[19.3406,50.2634],[19.3411,50.2643],[19.3417,50.2638],[19.3427,50.2637],[19.3433,50.2645],[19.343,50.2651],[19.3439,50.2657],[19.3446,50.2656],[19.3451,50.2648],[19.3457,50.2646],[19.3492,50.2656],[19.3493,50.265],[19.3499,50.2646],[19.3519,50.2646],[19.3525,50.2648],[19.3532,50.2656],[19.3521,50.2663],[19.353,50.2666],[19.3548,50.2645],[19.3591,50.2592],[19.3632,50.2606],[19.3608,50.2635],[19.3615,50.2641],[19.364,50.2651],[19.3699,50.2677],[19.3715,50.2683],[19.3707,50.2695],[19.369,50.2695],[19.3682,50.2693],[19.368,50.27],[19.3625,50.2692],[19.3619,50.2707],[19.363,50.2706],[19.3634,50.2701],[19.3646,50.2706],[19.3649,50.2712],[19.3661,50.2715],[19.3662,50.2709],[19.3671,50.2708],[19.3676,50.2702],[19.3684,50.2702],[19.3697,50.2715],[19.3708,50.2715],[19.3711,50.2712],[19.3724,50.2712],[19.3736,50.2715],[19.3741,50.271],[19.3741,50.2704],[19.3759,50.27],[19.3759,50.2707],[19.3767,50.2706],[19.3774,50.2721],[19.3768,50.2728],[19.3782,50.273],[19.3816,50.273],[19.3826,50.2735],[19.3826,50.2745],[19.3834,50.2757],[19.3839,50.2761],[19.385,50.2761],[19.3854,50.2768],[19.3851,50.2772],[19.3869,50.2785],[19.3853,50.2795],[19.3859,50.2804],[19.3847,50.2817],[19.384,50.2822],[19.3841,50.2828],[19.3853,50.284],[19.3855,50.2848],[19.3865,50.2868],[19.3876,50.2881],[19.3881,50.2892],[19.3894,50.2891],[19.3906,50.2899],[19.3921,50.2902],[19.3928,50.29],[19.3952,50.2901],[19.3964,50.2905],[19.3967,50.2914],[19.3973,50.2921],[19.3981,50.2922],[19.3984,50.2927],[19.3995,50.2934],[19.4008,50.2974],[19.4027,50.2968],[19.4038,50.2971],[19.4043,50.2981],[19.4033,50.2987],[19.4003,50.2986],[19.4003,50.299],[19.4041,50.2989],[19.407,50.2986],[19.4101,50.2981],[19.412,50.2982],[19.4125,50.298],[19.4143,50.298],[19.4143,50.2986],[19.4129,50.2986],[19.4129,50.2994],[19.4094,50.2993],[19.4106,50.3026],[19.4122,50.3029],[19.4082,50.3041],[19.406,50.3046],[19.4048,50.3035],[19.4033,50.3042],[19.4014,50.3048],[19.4023,50.307],[19.4027,50.3076],[19.4009,50.3077],[19.4011,50.3082],[19.3984,50.3084],[19.3987,50.3094],[19.3989,50.3115],[19.3993,50.3129],[19.4004,50.3139],[19.4028,50.314],[19.4044,50.3144],[19.4053,50.3142],[19.4053,50.3153],[19.4062,50.317],[19.4066,50.3174],[19.4076,50.3183],[19.4104,50.3199],[19.4116,50.3204],[19.4126,50.3214],[19.4138,50.322],[19.4147,50.3228],[19.414,50.3251],[19.4144,50.3261],[19.4139,50.3271],[19.4134,50.3273],[19.4136,50.3284],[19.4147,50.3308],[19.4153,50.3317],[19.417,50.3319],[19.4179,50.3309],[19.4187,50.3309],[19.4219,50.3302],[19.4226,50.3293],[19.4238,50.3285],[19.4244,50.3286],[19.4261,50.3283],[19.4273,50.3288],[19.4298,50.328],[19.4321,50.3277],[19.4315,50.3267],[19.4321,50.3261],[19.4337,50.3259],[19.4344,50.3255],[19.4344,50.3247],[19.4354,50.3244],[19.4368,50.3243],[19.4383,50.3235],[19.4394,50.3234],[19.4393,50.3228],[19.4408,50.3234],[19.441,50.3226],[19.4431,50.322],[19.4439,50.3222],[19.4454,50.3211],[19.4473,50.3208],[19.4478,50.321],[19.4489,50.3205],[19.4498,50.3205],[19.4501,50.3198],[19.451,50.3189],[19.4526,50.3189],[19.455,50.3193],[19.4546,50.3199],[19.4552,50.321],[19.4568,50.3215],[19.4575,50.3221],[19.4591,50.3225],[19.4595,50.3228],[19.4626,50.3231],[19.4637,50.3234],[19.4639,50.3228],[19.4653,50.3226],[19.4673,50.3226],[19.4681,50.3231],[19.4691,50.3229],[19.4725,50.3237],[19.4729,50.3245],[19.4744,50.3248],[19.4753,50.3241],[19.4764,50.3244],[19.4773,50.324],[19.4796,50.3242],[19.4822,50.3242],[19.4827,50.3238],[19.4839,50.3236],[19.4831,50.3259],[19.4814,50.3313],[19.4806,50.3336],[19.4832,50.3388],[19.4853,50.3426],[19.4859,50.344],[19.4876,50.3473],[19.4873,50.3481],[19.4858,50.3511],[19.4848,50.3529],[19.4843,50.3535],[19.4831,50.3556],[19.4822,50.3569],[19.4802,50.3575],[19.4774,50.357],[19.4768,50.357],[19.4692,50.3597],[19.4678,50.3603],[19.4594,50.3633],[19.4626,50.364],[19.4628,50.365],[19.4595,50.3653],[19.4585,50.3653],[19.4569,50.3658],[19.4565,50.3663],[19.4596,50.3716],[19.4603,50.3729],[19.4628,50.3724],[19.4647,50.3719],[19.4678,50.3713],[19.4723,50.3703],[19.4773,50.3691],[19.4818,50.3682],[19.4917,50.366],[19.4915,50.3697],[19.4915,50.3719],[19.4913,50.3748],[19.4913,50.3777],[19.4911,50.3818],[19.4901,50.3826],[19.4902,50.3833],[19.4886,50.384],[19.4882,50.3851],[19.4891,50.3872],[19.4888,50.3881],[19.4882,50.3886],[19.4878,50.3896],[19.4889,50.3911],[19.4884,50.3922],[19.4885,50.3928],[19.4872,50.3935],[19.4866,50.3942],[19.4876,50.3946],[19.4881,50.3952],[19.4876,50.3956],[19.4876,50.397],[19.489,50.397],[19.4906,50.3973],[19.4942,50.3989],[19.4954,50.3998],[19.4969,50.3998],[19.4998,50.3992],[19.5026,50.4002],[19.5045,50.4011],[19.5067,50.4034],[19.5074,50.4039],[19.5079,50.4047],[19.5085,50.4051],[19.509,50.406],[19.5108,50.4083],[19.5126,50.4099],[19.5165,50.4128],[19.5178,50.4134],[19.5195,50.415],[19.5185,50.4157],[19.5182,50.4163],[19.5185,50.4167],[19.5225,50.4175],[19.5244,50.418],[19.5261,50.4182],[19.5288,50.4189],[19.5308,50.4192],[19.536,50.4203],[19.5379,50.4202],[19.5399,50.4199],[19.5421,50.4194],[19.5453,50.4189],[19.5448,50.4181],[19.5452,50.4172],[19.5447,50.4151],[19.545,50.4144],[19.5462,50.4135],[19.5477,50.4134],[19.5501,50.4128],[19.5528,50.414],[19.5532,50.4143],[19.5557,50.4147],[19.556,50.4142],[19.5572,50.4144],[19.558,50.4138],[19.5577,50.4134],[19.5551,50.4132],[19.5544,50.412],[19.5572,50.4108],[19.5579,50.4107],[19.5586,50.4116],[19.5606,50.4118],[19.5635,50.4115],[19.5688,50.4115],[19.5712,50.4113],[19.5716,50.4117],[19.5734,50.4117],[19.573,50.4111],[19.5706,50.4105],[19.5699,50.4099],[19.5682,50.41],[19.566,50.4073],[19.5679,50.4072],[19.5706,50.4086],[19.5734,50.4082],[19.5744,50.4082],[19.5756,50.4076],[19.5768,50.4077],[19.5785,50.4072],[19.5806,50.4092],[19.5815,50.4089],[19.5825,50.4082],[19.5843,50.4086],[19.5862,50.4084],[19.5866,50.409],[19.5866,50.4103],[19.5884,50.4103],[19.5897,50.4101],[19.5912,50.4101],[19.5934,50.4097],[19.5953,50.409],[19.5972,50.4073],[19.5979,50.407],[19.5993,50.4056],[19.6013,50.4047],[19.6024,50.4044],[19.6058,50.4042],[19.6075,50.4047],[19.6099,50.405],[19.6119,50.4051],[19.6131,50.4045],[19.6156,50.4056],[19.6167,50.4062],[19.6182,50.4073],[19.6225,50.41],[19.6249,50.4117],[19.6261,50.4129],[19.6271,50.4146],[19.6286,50.4134],[19.6303,50.4125],[19.6317,50.4121],[19.634,50.4117],[19.6347,50.4113],[19.6354,50.4103],[19.6366,50.4094],[19.6394,50.4097],[19.6408,50.4096],[19.6419,50.41],[19.644,50.4113],[19.6442,50.4105],[19.6453,50.4092],[19.6463,50.4098],[19.6467,50.4106],[19.6473,50.411],[19.6482,50.4111],[19.6504,50.4125],[19.6512,50.4127],[19.6535,50.4115],[19.6543,50.4113],[19.6557,50.4095],[19.6564,50.4088],[19.657,50.4088],[19.6582,50.4082],[19.6582,50.4092],[19.6567,50.41],[19.6549,50.4115],[19.6545,50.4141],[19.6571,50.4147],[19.6587,50.4147],[19.6615,50.4153],[19.6644,50.4153],[19.6663,50.4154],[19.667,50.416],[19.6688,50.4157],[19.6697,50.416],[19.6717,50.4158],[19.672,50.417],[19.6703,50.4174],[19.67,50.4203],[19.6684,50.4217],[19.6652,50.4237],[19.6653,50.4249],[19.6648,50.4259],[19.665,50.4266],[19.667,50.4268],[19.6689,50.4273],[19.6696,50.428],[19.6715,50.4292],[19.6727,50.4306],[19.6737,50.4308],[19.675,50.4315],[19.6762,50.4328],[19.6773,50.4326],[19.6776,50.4339],[19.6796,50.4347],[19.6814,50.4347],[19.6847,50.4339],[19.6867,50.4339],[19.6897,50.4345],[19.6922,50.4349],[19.6943,50.4351],[19.6947,50.4354],[19.6957,50.4374],[19.696,50.4388],[19.6959,50.4404],[19.6967,50.442],[19.698,50.4431],[19.6993,50.4446],[19.7003,50.4463],[19.7003,50.4473],[19.7008,50.4497],[19.702,50.4496],[19.7019,50.4482],[19.703,50.4481],[19.7062,50.4483],[19.7082,50.4483],[19.7078,50.4475],[19.7077,50.4435],[19.7074,50.4429],[19.7089,50.4425],[19.7089,50.4417],[19.7098,50.4414],[19.7104,50.4427],[19.711,50.4426],[19.7114,50.4439],[19.7122,50.4443],[19.7141,50.4441],[19.7175,50.4432],[19.7206,50.4419],[19.7225,50.4416],[19.7248,50.4409],[19.7263,50.4412],[19.7282,50.442],[19.7282,50.4439],[19.7303,50.4439],[19.7318,50.4443],[19.7337,50.4441],[19.7364,50.444],[19.7401,50.4437],[19.7408,50.4439],[19.7431,50.4433],[19.7457,50.443],[19.747,50.4424],[19.7487,50.4421],[19.7502,50.4425],[19.7509,50.4425],[19.7518,50.443],[19.753,50.4433],[19.756,50.4438],[19.7579,50.4438],[19.7601,50.4442],[19.7608,50.4441],[19.7638,50.4444],[19.7647,50.4443],[19.7669,50.4444],[19.7673,50.4448],[19.7695,50.4443],[19.7702,50.4438],[19.7708,50.4425],[19.7712,50.4422],[19.7744,50.4412],[19.776,50.4409],[19.7772,50.4409],[19.782,50.4401],[19.7826,50.4404],[19.7853,50.4405],[19.7863,50.441],[19.789,50.4409],[19.7911,50.4406],[19.7915,50.4407],[19.792,50.4419],[19.7928,50.4426],[19.7937,50.4429],[19.7937,50.4433],[19.7955,50.4437],[19.796,50.4428],[19.798,50.4432],[19.8,50.4439],[19.8009,50.4439],[19.8023,50.443],[19.8032,50.4419],[19.8042,50.442],[19.8048,50.4414],[19.8056,50.4399],[19.8058,50.4389],[19.805,50.4387],[19.8045,50.4382],[19.8054,50.437],[19.8071,50.4361],[19.8097,50.4361],[19.8107,50.4353],[19.812,50.4351],[19.8151,50.435],[19.8154,50.4346],[19.8191,50.4344],[19.8201,50.4345],[19.8243,50.4359],[19.8247,50.4363],[19.8247,50.4376],[19.8254,50.438],[19.828,50.4371],[19.8296,50.4364],[19.832,50.4361],[19.8334,50.4385],[19.8336,50.4391],[19.8355,50.4389],[19.8379,50.439],[19.8394,50.4389],[19.8412,50.4385],[19.8407,50.4377],[19.8427,50.4371],[19.8428,50.4361],[19.8418,50.4361],[19.841,50.4348],[19.8417,50.4343],[19.8445,50.4342]]]}},{"type":"Feature","id":"powiat-oswiecimski","properties":{"slug":"powiat-oswiecimski","name":"powiat oświęcimski"},"geometry":{"type":"Polygon","coordinates":[[[19.1445,50.0394],[19.1453,50.0404],[19.1465,50.0404],[19.1478,50.0394],[19.149,50.0397],[19.1494,50.0403],[19.1494,50.041],[19.1488,50.0416],[19.1476,50.0422],[19.1478,50.0433],[19.1482,50.0439],[19.1498,50.0443],[19.151,50.0437],[19.1505,50.0421],[19.1509,50.0417],[19.1519,50.0417],[19.1532,50.0421],[19.1537,50.0428],[19.1526,50.0436],[19.1517,50.0445],[19.1505,50.0454],[19.151,50.0461],[19.153,50.0461],[19.1537,50.0463],[19.1547,50.047],[19.1547,50.0476],[19.1541,50.0482],[19.153,50.0481],[19.1522,50.0473],[19.1494,50.0458],[19.1479,50.0447],[19.147,50.0446],[19.1457,50.0455],[19.1461,50.0463],[19.1477,50.0469],[19.1482,50.0474],[19.1482,50.0483],[19.1485,50.0489],[19.1497,50.0493],[19.1501,50.0498],[19.1498,50.0519],[19.1506,50.0522],[19.1512,50.0519],[19.1517,50.051],[19.1517,50.0503],[19.1529,50.0498],[19.1538,50.0504],[19.1537,50.0511],[19.153,50.0518],[19.153,50.0524],[19.1536,50.053],[19.1548,50.0533],[19.1558,50.0528],[19.1558,50.0518],[19.1564,50.0512],[19.1584,50.051],[19.1592,50.0506],[19.1601,50.0506],[19.1606,50.051],[19.1611,50.0527],[19.16,50.0537],[19.16,50.0543],[19.1605,50.0549],[19.1616,50.0552],[19.1624,50.055],[19.1633,50.0544],[19.1646,50.0544],[19.1659,50.0551],[19.1656,50.0558],[19.1635,50.0564],[19.1632,50.0572],[19.1639,50.0576],[19.1668,50.0587],[19.1673,50.0598],[19.168,50.0604],[19.1693,50.0604],[19.1712,50.0588],[19.1733,50.0584],[19.1752,50.0585],[19.1765,50.0575],[19.1779,50.0572],[19.1807,50.0584],[19.1816,50.0596],[19.1825,50.0603],[19.1846,50.0604],[19.1852,50.0607],[19.1863,50.0619],[19.191,50.0634],[19.1939,50.0644],[19.1945,50.0649],[19.1959,50.0652],[19.1973,50.0646],[19.1976,50.0639],[19.1988,50.0632],[19.1996,50.0632],[19.2009,50.0637],[19.2023,50.064],[19.2044,50.0634],[19.2054,50.0626],[19.2063,50.0616],[19.2074,50.0614],[19.2081,50.0617],[19.209,50.0635],[19.2096,50.0641],[19.2128,50.0653],[19.2135,50.0653],[19.2148,50.0645],[19.2157,50.0629],[19.2167,50.0616],[19.2164,50.061],[19.2152,50.0602],[19.2154,50.0593],[19.2166,50.0595],[19.2189,50.059],[19.22,50.0601],[19.2199,50.0625],[19.2197,50.0635],[19.2224,50.0648],[19.223,50.0653],[19.2234,50.0662],[19.223,50.067],[19.2234,50.0676],[19.2252,50.0677],[19.2276,50.0671],[19.2291,50.0675],[19.2311,50.0673],[19.2319,50.0669],[19.2336,50.0657],[19.2317,50.0688],[19.2306,50.0703],[19.2296,50.0712],[19.2271,50.0722],[19.2248,50.0726],[19.2207,50.0726],[19.2199,50.0725],[19.2178,50.0728],[19.2148,50.0736],[19.2133,50.0741],[19.2125,50.0746],[19.2119,50.0757],[19.2121,50.0768],[19.2131,50.078],[19.2145,50.0811],[19.2181,50.0838],[19.22,50.086],[19.2217,50.0873],[19.2232,50.0881],[19.2241,50.0893],[19.224,50.0904],[19.2228,50.0928],[19.2228,50.0941],[19.2232,50.0955],[19.2237,50.0963],[19.2247,50.0973],[19.2286,50.0996],[19.2302,50.1012],[19.2305,50.1017],[19.2313,50.104],[19.232,50.1066],[19.2325,50.1076],[19.2337,50.1085],[19.2359,50.1093],[19.2396,50.111],[19.2403,50.1117],[19.2408,50.1127],[19.2402,50.1148],[19.2401,50.1158],[19.2408,50.1177],[19.2422,50.1199],[19.2448,50.1237],[19.2453,50.1246],[19.2467,50.1265],[19.2494,50.1307],[19.2504,50.1317],[19.2536,50.1339],[19.2538,50.1342],[19.2542,50.1342],[19.2577,50.1327],[19.2591,50.1324],[19.2612,50.1323],[19.2612,50.1315],[19.2607,50.1313],[19.2584,50.1315],[19.257,50.1313],[19.2544,50.1306],[19.2547,50.1299],[19.2547,50.1287],[19.257,50.1229],[19.2592,50.1169],[19.2596,50.1156],[19.2622,50.1093],[19.263,50.1071],[19.2648,50.1076],[19.2654,50.1072],[19.2676,50.1062],[19.2671,50.1054],[19.2684,50.1047],[19.2698,50.1052],[19.2706,50.1046],[19.2738,50.1035],[19.2764,50.1037],[19.2763,50.1029],[19.2774,50.1024],[19.2767,50.1019],[19.2748,50.0985],[19.2783,50.0975],[19.2863,50.0956],[19.2793,50.0891],[19.2804,50.0871],[19.2802,50.0848],[19.2824,50.0831],[19.2832,50.0829],[19.284,50.0831],[19.2856,50.0841],[19.2858,50.0835],[19.289,50.0811],[19.2892,50.0796],[19.2904,50.0781],[19.2889,50.0778],[19.287,50.0779],[19.2855,50.0778],[19.2816,50.0771],[19.2821,50.0763],[19.283,50.0754],[19.2848,50.0744],[19.2859,50.0728],[19.2854,50.0727],[19.2847,50.0708],[19.2842,50.0703],[19.2823,50.0696],[19.2841,50.069],[19.2852,50.0688],[19.2874,50.0693],[19.2906,50.0699],[19.2915,50.0694],[19.2919,50.0687],[19.2919,50.068],[19.291,50.0681],[19.2904,50.0673],[19.2897,50.0673],[19.2898,50.0635],[19.285,50.0648],[19.2818,50.0648],[19.2797,50.0602],[19.2777,50.0581],[19.2746,50.055],[19.2746,50.0535],[19.2736,50.0533],[19.2729,50.0526],[19.2737,50.0522],[19.2735,50.0513],[19.2727,50.0513],[19.2728,50.0499],[19.2722,50.0494],[19.2734,50.0487],[19.2751,50.0484],[19.2763,50.0475],[19.2771,50.0485],[19.2794,50.0489],[19.2805,50.0496],[19.2836,50.0507],[19.2851,50.0514],[19.2875,50.0522],[19.2888,50.0528],[19.2895,50.0539],[19.2904,50.0547],[19.2909,50.0546],[19.2915,50.0555],[19.2923,50.0561],[19.2939,50.0568],[19.2952,50.0572],[19.2967,50.0574],[19.2978,50.0573],[19.2991,50.0569],[19.3,50.0563],[19.3011,50.0547],[19.302,50.0515],[19.303,50.0504],[19.3037,50.05],[19.3053,50.0495],[19.3081,50.049],[19.31,50.048],[19.3107,50.0473],[19.3105,50.0466],[19.3118,50.0461],[19.3137,50.0461],[19.3147,50.0464],[19.3162,50.0472],[19.319,50.0502],[19.3211,50.0507],[19.3247,50.0517],[19.3266,50.0526],[19.3288,50.0532],[19.3305,50.0531],[19.3317,50.0521],[19.3327,50.0506],[19.3328,50.0484],[19.3335,50.0473],[19.3346,50.0465],[19.3355,50.0462],[19.3375,50.0459],[19.3393,50.0463],[19.3414,50.0474],[19.3423,50.0497],[19.3423,50.0512],[19.343,50.0521],[19.3445,50.0529],[19.3455,50.0532],[19.348,50.0533],[19.3495,50.053],[19.3507,50.0521],[19.3514,50.0509],[19.3511,50.0492],[19.3504,50.0479],[19.3501,50.0467],[19.3504,50.0458],[19.3529,50.0441],[19.3557,50.043],[19.3572,50.0427],[19.3596,50.0426],[19.3619,50.0429],[19.3633,50.0433],[19.3649,50.044],[19.367,50.0458],[19.3688,50.0464],[19.3702,50.0464],[19.3715,50.046],[19.3729,50.045],[19.3735,50.0436],[19.3738,50.0419],[19.3745,50.0391],[19.3749,50.0383],[19.3758,50.0373],[19.3773,50.0364],[19.3794,50.0357],[19.382,50.0357],[19.3838,50.036],[19.3886,50.0377],[19.3899,50.0381],[19.3922,50.0383],[19.3944,50.0381],[19.3961,50.0375],[19.3974,50.0364],[19.3983,50.0352],[19.3976,50.0347],[19.3965,50.0331],[19.3981,50.0321],[19.3987,50.0311],[19.3988,50.0304],[19.3986,50.027],[19.3995,50.0263],[19.401,50.0267],[19.4032,50.0289],[19.4034,50.0296],[19.4029,50.0304],[19.4015,50.0314],[19.4003,50.0318],[19.401,50.0332],[19.4023,50.0325],[19.4061,50.0313],[19.4079,50.0299],[19.4097,50.0289],[19.4095,50.0287],[19.4115,50.028],[19.4152,50.0273],[19.4168,50.0272],[19.4185,50.0275],[19.4193,50.0279],[19.4205,50.0291],[19.4207,50.0298],[19.4206,50.0313],[19.4208,50.0323],[19.4214,50.0339],[19.4229,50.0349],[19.4243,50.0352],[19.4268,50.0351],[19.4287,50.034],[19.4292,50.0334],[19.43,50.0313],[19.4305,50.028],[19.4312,50.0259],[19.4315,50.0245],[19.4322,50.0237],[19.433,50.0232],[19.4349,50.0232],[19.4356,50.0235],[19.437,50.0252],[19.4372,50.0262],[19.4369,50.0272],[19.4369,50.029],[19.4377,50.0306],[19.439,50.0311],[19.4422,50.0328],[19.4436,50.0332],[19.4455,50.0333],[19.4472,50.0331],[19.4504,50.0324],[19.4532,50.0311],[19.4548,50.0305],[19.4564,50.0301],[19.459,50.0301],[19.4606,50.031],[19.4616,50.0319],[19.4622,50.0334],[19.4621,50.0372],[19.4625,50.0385],[19.4631,50.0394],[19.4644,50.04],[19.4668,50.0403],[19.4683,50.0403],[19.4717,50.0391],[19.4731,50.0381],[19.4736,50.0373],[19.4738,50.0363],[19.4733,50.0346],[19.4725,50.0333],[19.4722,50.0323],[19.4722,50.0314],[19.4728,50.0304],[19.474,50.0294],[19.4749,50.0289],[19.4773,50.0279],[19.4795,50.0274],[19.483,50.0273],[19.485,50.0276],[19.486,50.0275],[19.4891,50.028],[19.4921,50.0278],[19.4935,50.0285],[19.4946,50.0296],[19.4957,50.0299],[19.4964,50.0314],[19.4968,50.0317],[19.4977,50.0332],[19.4998,50.0348],[19.5025,50.036],[19.5043,50.036],[19.5052,50.0358],[19.507,50.0348],[19.5075,50.0338],[19.5077,50.0323],[19.5091,50.0274],[19.5099,50.026],[19.5103,50.0257],[19.5094,50.0257],[19.5077,50.0266],[19.506,50.0269],[19.5059,50.026],[19.5051,50.0251],[19.5047,50.0242],[19.5028,50.0237],[19.4995,50.0231],[19.4951,50.0252],[19.4948,50.0241],[19.4943,50.0237],[19.4939,50.0223],[19.4932,50.022],[19.4928,50.0214],[19.4931,50.021],[19.4906,50.0202],[19.4884,50.0198],[19.4857,50.0198],[19.4831,50.0201],[19.4827,50.0196],[19.4824,50.0182],[19.4817,50.0169],[19.4821,50.0163],[19.4821,50.015],[19.4808,50.0138],[19.4806,50.0128],[19.4817,50.0109],[19.4819,50.0095],[19.4816,50.0087],[19.4804,50.0082],[19.4789,50.0072],[19.4768,50.0067],[19.4762,50.0062],[19.4757,50.0045],[19.4752,50.0039],[19.476,50.0029],[19.476,50.0024],[19.4752,50.0007],[19.4745,49.9999],[19.475,49.9995],[19.4748,49.9982],[19.4743,49.9977],[19.4721,49.9945],[19.473,49.9944],[19.4736,49.9942],[19.4744,49.9932],[19.4747,49.992],[19.4741,49.992],[19.4735,49.9912],[19.4708,49.9899],[19.4701,49.9881],[19.4708,49.987],[19.4707,49.9846],[19.4712,49.9838],[19.4713,49.9829],[19.4719,49.9814],[19.4719,49.9803],[19.4723,49.9795],[19.4721,49.9779],[19.4722,49.9768],[19.47,49.9765],[19.4681,49.9734],[19.4672,49.9724],[19.4671,49.9712],[19.4675,49.9702],[19.4695,49.9703],[19.471,49.9702],[19.4695,49.9675],[19.4694,49.9671],[19.4655,49.9592],[19.4645,49.9571],[19.4675,49.9557],[19.4704,49.9538],[19.4718,49.9533],[19.4724,49.9528],[19.4731,49.9514],[19.4746,49.95],[19.4759,49.9492],[19.4755,49.9486],[19.473,49.9496],[19.4719,49.9498],[19.4717,49.9502],[19.4698,49.951],[19.4686,49.9506],[19.4683,49.9511],[19.4664,49.9515],[19.4665,49.9499],[19.4646,49.9498],[19.465,49.949],[19.4647,49.9486],[19.465,49.9478],[19.4656,49.9473],[19.4643,49.9463],[19.4638,49.9448],[19.4648,49.9441],[19.4655,49.9442],[19.4663,49.9438],[19.4679,49.9426],[19.4669,49.941],[19.4656,49.9405],[19.464,49.9402],[19.4622,49.9384],[19.4598,49.9386],[19.4586,49.938],[19.4577,49.9379],[19.4562,49.9372],[19.4547,49.9371],[19.4544,49.9368],[19.453,49.9368],[19.4519,49.9366],[19.4493,49.9383],[19.4451,49.9407],[19.4435,49.9413],[19.4408,49.9419],[19.4393,49.9426],[19.4334,49.9448],[19.4312,49.9457],[19.4298,49.9469],[19.4278,49.9479],[19.4264,49.9484],[19.4248,49.9492],[19.4234,49.9497],[19.4213,49.9502],[19.4207,49.9528],[19.4202,49.9538],[19.4193,49.9543],[19.4197,49.9549],[19.421,49.9551],[19.4221,49.9555],[19.4229,49.9567],[19.4216,49.9579],[19.4205,49.9586],[19.4194,49.9582],[19.4185,49.959],[19.417,49.9585],[19.4175,49.9571],[19.4164,49.9566],[19.4164,49.956],[19.4152,49.9549],[19.4146,49.9561],[19.4138,49.9571],[19.4121,49.9612],[19.412,49.9633],[19.4118,49.9643],[19.4074,49.9634],[19.4004,49.9614],[19.3967,49.9608],[19.394,49.9594],[19.3912,49.9587],[19.3885,49.9587],[19.3858,49.9589],[19.3837,49.9589],[19.3812,49.9585],[19.3796,49.958],[19.3777,49.9568],[19.3771,49.9561],[19.3754,49.9549],[19.3713,49.9535],[19.3692,49.952],[19.3679,49.9499],[19.367,49.9488],[19.3645,49.9476],[19.3618,49.9472],[19.3586,49.9466],[19.3571,49.946],[19.354,49.945],[19.3561,49.9436],[19.3571,49.9422],[19.357,49.9411],[19.3576,49.9382],[19.3568,49.9369],[19.3568,49.9332],[19.3565,49.9327],[19.3566,49.9317],[19.3561,49.9304],[19.3557,49.927],[19.3568,49.9247],[19.357,49.9228],[19.3565,49.9204],[19.3551,49.9204],[19.3532,49.9201],[19.3516,49.9202],[19.3505,49.9201],[19.3478,49.9195],[19.3472,49.9195],[19.3473,49.9206],[19.3462,49.9217],[19.3461,49.9221],[19.3445,49.9222],[19.3403,49.9222],[19.3381,49.9224],[19.3363,49.9224],[19.3338,49.923],[19.3329,49.9231],[19.3309,49.9228],[19.3299,49.9223],[19.3284,49.9206],[19.3253,49.9183],[19.3232,49.9173],[19.3209,49.9165],[19.3201,49.916],[19.3188,49.9156],[19.3157,49.9156],[19.3147,49.9155],[19.3128,49.9168],[19.3124,49.9173],[19.3121,49.9188],[19.3116,49.9194],[19.3105,49.9192],[19.3088,49.9194],[19.3079,49.9192],[19.3079,49.9173],[19.3083,49.9148],[19.3089,49.9125],[19.3079,49.9117],[19.3061,49.9107],[19.3061,49.9101],[19.3041,49.9078],[19.3027,49.9068],[19.302,49.9061],[19.3016,49.9043],[19.3031,49.8991],[19.303,49.8983],[19.3024,49.897],[19.3003,49.8956],[19.2984,49.8938],[19.2995,49.8928],[19.3007,49.8921],[19.3052,49.8905],[19.3056,49.8902],[19.3076,49.8895],[19.3083,49.8891],[19.3088,49.8884],[19.3104,49.8869],[19.311,49.8859],[19.3132,49.8846],[19.3149,49.8846],[19.3161,49.884],[19.3148,49.8818],[19.3147,49.8812],[19.3151,49.8806],[19.315,49.8792],[19.3158,49.8781],[19.3156,49.877],[19.3156,49.8754],[19.3159,49.8747],[19.3166,49.8741],[19.3157,49.8692],[19.3144,49.8683],[19.3133,49.8672],[19.3112,49.8657],[19.3105,49.8655],[19.3058,49.8624],[19.3052,49.8618],[19.3007,49.8584],[19.2982,49.8568],[19.2972,49.8553],[19.2946,49.8535],[19.2927,49.8529],[19.2904,49.8518],[19.29,49.8506],[19.2892,49.8505],[19.2853,49.8527],[19.2836,49.8535],[19.283,49.8535],[19.2811,49.8543],[19.2788,49.8564],[19.2766,49.8575],[19.276,49.8581],[19.2736,49.8592],[19.2723,49.8601],[19.2709,49.8607],[19.2678,49.8615],[19.2661,49.8621],[19.2636,49.8625],[19.2627,49.8623],[19.2589,49.8623],[19.2566,49.8622],[19.255,49.8623],[19.2525,49.8632],[19.2506,49.8636],[19.2464,49.864],[19.2443,49.8643],[19.2413,49.8644],[19.2371,49.8648],[19.2376,49.862],[19.2357,49.862],[19.2279,49.8628],[19.2239,49.8631],[19.2224,49.8638],[19.2208,49.8632],[19.2212,49.8687],[19.22,49.8685],[19.2171,49.8685],[19.2162,49.8684],[19.2122,49.8686],[19.2091,49.8701],[19.2062,49.8716],[19.2026,49.8716],[19.2016,49.8711],[19.2005,49.871],[19.1989,49.8703],[19.1986,49.8694],[19.1972,49.8693],[19.1957,49.869],[19.1931,49.8682],[19.1931,49.8667],[19.1933,49.8658],[19.1944,49.8642],[19.1953,49.8639],[19.1968,49.8623],[19.1969,49.8604],[19.1943,49.8592],[19.193,49.8584],[19.1914,49.8581],[19.1888,49.8571],[19.1877,49.857],[19.1869,49.8572],[19.1835,49.8565],[19.1824,49.8564],[19.1797,49.8555],[19.1792,49.8552],[19.1759,49.854],[19.1732,49.8534],[19.1724,49.8534],[19.1709,49.853],[19.1695,49.8544],[19.168,49.8557],[19.1664,49.8562],[19.1661,49.857],[19.1663,49.8579],[19.165,49.8585],[19.1638,49.8586],[19.1635,49.859],[19.1639,49.8597],[19.1638,49.8603],[19.163,49.8608],[19.1622,49.8619],[19.1623,49.863],[19.1615,49.8632],[19.1603,49.8628],[19.1586,49.8639],[19.1571,49.8651],[19.1571,49.866],[19.1581,49.8671],[19.1604,49.8679],[19.1629,49.8693],[19.1643,49.8698],[19.1663,49.8712],[19.1669,49.8723],[19.1658,49.8748],[19.1682,49.8766],[19.17,49.8775],[19.1717,49.8779],[19.1729,49.8799],[19.1752,49.8804],[19.1772,49.8813],[19.1782,49.8811],[19.1803,49.8812],[19.1818,49.8817],[19.1855,49.8832],[19.1875,49.8838],[19.1887,49.8843],[19.19,49.8844],[19.1902,49.885],[19.1912,49.8856],[19.1937,49.886],[19.1945,49.886],[19.1962,49.8874],[19.1942,49.8899],[19.1939,49.8909],[19.1939,49.8919],[19.1948,49.8943],[19.1951,49.8961],[19.195,49.8983],[19.1952,49.8992],[19.1968,49.901],[19.1963,49.9024],[19.1952,49.9031],[19.1948,49.9041],[19.195,49.9044],[19.1941,49.9061],[19.1941,49.9072],[19.1934,49.9082],[19.1931,49.9092],[19.1941,49.9096],[19.1947,49.912],[19.1942,49.9129],[19.1945,49.9133],[19.1929,49.9153],[19.1925,49.916],[19.1913,49.9169],[19.1908,49.9177],[19.1916,49.9199],[19.1865,49.9192],[19.1859,49.919],[19.1857,49.9184],[19.1841,49.9216],[19.1856,49.9223],[19.1862,49.9228],[19.1859,49.924],[19.1853,49.9243],[19.1851,49.926],[19.1847,49.9268],[19.1849,49.9281],[19.1857,49.9293],[19.1863,49.9313],[19.1863,49.9319],[19.1842,49.9323],[19.1827,49.9324],[19.1827,49.9336],[19.1837,49.9345],[19.1838,49.9359],[19.1842,49.937],[19.1857,49.9379],[19.1862,49.9385],[19.1874,49.9391],[19.1865,49.9404],[19.1862,49.9412],[19.1854,49.9416],[19.1851,49.9426],[19.1837,49.9442],[19.1845,49.9452],[19.1857,49.945],[19.1861,49.9452],[19.1862,49.9468],[19.1853,49.9481],[19.1849,49.9501],[19.183,49.9495],[19.1794,49.9488],[19.1782,49.9489],[19.1774,49.9484],[19.175,49.9474],[19.1727,49.9476],[19.1717,49.947],[19.1705,49.947],[19.1688,49.9466],[19.1663,49.9468],[19.1659,49.9459],[19.1659,49.9448],[19.1616,49.9435],[19.1603,49.9423],[19.1604,49.9412],[19.1614,49.9401],[19.1617,49.9395],[19.1581,49.9398],[19.1559,49.9399],[19.1516,49.9398],[19.1471,49.9392],[19.1443,49.9385],[19.1415,49.9382],[19.1409,49.938],[19.141,49.9396],[19.138,49.9396],[19.1335,49.9399],[19.1313,49.9399],[19.1305,49.9395],[19.1297,49.9395],[19.1283,49.9391],[19.1265,49.9383],[19.1217,49.9383],[19.1212,49.9387],[19.12,49.9389],[19.1186,49.9389],[19.1174,49.9396],[19.1164,49.9399],[19.114,49.9413],[19.115,49.9424],[19.1134,49.9433],[19.112,49.9428],[19.1107,49.9428],[19.1101,49.9437],[19.1076,49.9432],[19.1063,49.9427],[19.1046,49.9427],[19.1046,49.9437],[19.1041,49.9441],[19.1054,49.9449],[19.1065,49.9453],[19.106,49.9457],[19.1037,49.9466],[19.1025,49.9475],[19.1018,49.9476],[19.0996,49.9471],[19.1007,49.9492],[19.1004,49.9503],[19.0983,49.9504],[19.0985,49.9511],[19.0981,49.9522],[19.0953,49.9518],[19.0944,49.9515],[19.0928,49.9514],[19.0912,49.9511],[19.0904,49.9503],[19.0891,49.9497],[19.0871,49.9492],[19.0856,49.9494],[19.0848,49.9499],[19.0832,49.95],[19.0833,49.9508],[19.0846,49.9513],[19.0856,49.9521],[19.0865,49.9542],[19.0889,49.9551],[19.0895,49.9558],[19.0911,49.9566],[19.0932,49.9567],[19.0943,49.9565],[19.0962,49.9566],[19.0968,49.9569],[19.098,49.958],[19.0987,49.9583],[19.1003,49.9583],[19.1018,49.9577],[19.1017,49.9566],[19.1019,49.9558],[19.1032,49.9552],[19.1036,49.9554],[19.1038,49.9564],[19.1036,49.957],[19.1025,49.9572],[19.103,49.958],[19.1042,49.9582],[19.1047,49.9592],[19.1065,49.9594],[19.1076,49.96],[19.1082,49.9611],[19.109,49.9613],[19.1097,49.9606],[19.1105,49.9602],[19.1114,49.9593],[19.1122,49.959],[19.1134,49.9595],[19.1145,49.9596],[19.1148,49.9589],[19.113,49.9583],[19.1136,49.9579],[19.1151,49.9581],[19.1159,49.9585],[19.1168,49.9596],[19.1186,49.9604],[19.12,49.9607],[19.1209,49.9617],[19.1207,49.9627],[19.1221,49.9634],[19.1241,49.9633],[19.1242,49.9641],[19.1229,49.9649],[19.1228,49.9656],[19.124,49.9655],[19.1243,49.9664],[19.1237,49.9673],[19.1231,49.9676],[19.1221,49.9676],[19.1216,49.9671],[19.1223,49.9663],[19.1215,49.966],[19.1206,49.9663],[19.1202,49.967],[19.119,49.967],[19.1178,49.9675],[19.1176,49.9681],[19.1188,49.969],[19.1199,49.9701],[19.121,49.9704],[19.1219,49.9698],[19.1225,49.9698],[19.1241,49.9706],[19.1241,49.971],[19.123,49.972],[19.1221,49.9724],[19.1201,49.9729],[19.1175,49.9725],[19.1147,49.9722],[19.1128,49.9718],[19.1111,49.9718],[19.1102,49.9726],[19.1104,49.9735],[19.1112,49.974],[19.114,49.9752],[19.1121,49.9768],[19.1103,49.9773],[19.1099,49.9779],[19.1107,49.9788],[19.1123,49.9792],[19.1135,49.978],[19.1152,49.9775],[19.116,49.9781],[19.1159,49.9785],[19.1146,49.9795],[19.1169,49.9811],[19.1181,49.9822],[19.118,49.9828],[19.1173,49.9832],[19.1145,49.9835],[19.1148,49.9849],[19.1157,49.9853],[19.1166,49.9852],[19.1182,49.9861],[19.119,49.9856],[19.119,49.9847],[19.1193,49.9841],[19.1206,49.9836],[19.1219,49.9839],[19.1226,49.985],[19.1222,49.9856],[19.1208,49.9861],[19.1201,49.9861],[19.1194,49.9867],[19.1197,49.9876],[19.1224,49.9878],[19.1231,49.988],[19.1232,49.9885],[19.1225,49.9889],[19.1206,49.9892],[19.1197,49.9911],[19.1198,49.9921],[19.1183,49.9925],[19.1166,49.9938],[19.115,49.9942],[19.1134,49.9953],[19.1113,49.9959],[19.1121,49.9973],[19.1127,49.9978],[19.1138,49.9981],[19.1155,49.998],[19.1173,49.9994],[19.1179,50.0014],[19.1171,50.0025],[19.1153,50.0028],[19.1145,50.0025],[19.1142,50.0016],[19.1131,50.0019],[19.1134,50.0031],[19.1144,50.0034],[19.1169,50.0038],[19.1176,50.0038],[19.1201,50.003],[19.1211,50.0023],[19.122,50.0024],[19.1218,50.0035],[19.1213,50.0039],[19.12,50.0043],[19.1204,50.0052],[19.1218,50.0052],[19.122,50.0059],[19.1211,50.0062],[19.1195,50.0073],[19.1192,50.0078],[19.119,50.0092],[19.1204,50.0094],[19.1217,50.0098],[19.1238,50.011],[19.1248,50.0127],[19.1257,50.0135],[19.128,50.0141],[19.1281,50.0146],[19.1277,50.0156],[19.1287,50.0164],[19.1287,50.0175],[19.1295,50.0177],[19.1305,50.0175],[19.1315,50.0169],[19.1323,50.0172],[19.1319,50.0186],[19.133,50.0194],[19.1342,50.0194],[19.1352,50.0191],[19.1363,50.0191],[19.1368,50.0201],[19.1358,50.0208],[19.137,50.0215],[19.1396,50.0214],[19.14,50.022],[19.1391,50.0231],[19.1392,50.0236],[19.1406,50.0248],[19.1414,50.0238],[19.142,50.024],[19.1423,50.0256],[19.1419,50.0263],[19.143,50.0278],[19.1429,50.0284],[19.1407,50.0283],[19.14,50.0279],[19.139,50.0283],[19.139,50.0295],[19.1386,50.0302],[19.1388,50.0312],[19.1374,50.032],[19.1362,50.0332],[19.1361,50.0347],[19.1366,50.0359],[19.1372,50.0363],[19.1382,50.0364],[19.1395,50.0356],[19.139,50.0342],[19.1403,50.0337],[19.1407,50.0328],[19.1416,50.0315],[19.1436,50.0308],[19.1451,50.0308],[19.1459,50.0312],[19.1461,50.0317],[19.1456,50.0323],[19.1443,50.0327],[19.1437,50.0333],[19.1434,50.0353],[19.1438,50.0359],[19.1451,50.0362],[19.1455,50.0368],[19.1451,50.0383],[19.1445,50.0394]]]}},{"type":"Feature","id":"powiat-proszowicki","properties":{"slug":"powiat-proszowicki","name":"powiat proszowicki"},"geometry":{"type":"Polygon","coordinates":[[[20.5632,50.1997],[20.5625,50.1991],[20.5638,50.1971],[20.5651,50.192],[20.5659,50.1921],[20.5662,50.1908],[20.5674,50.1908],[20.5673,50.1903],[20.5681,50.1901],[20.5677,50.1893],[20.5691,50.1883],[20.5707,50.1877],[20.5724,50.1866],[20.5755,50.1869],[20.5764,50.1871],[20.5774,50.188],[20.5801,50.1886],[20.5817,50.1887],[20.5829,50.1893],[20.5819,50.1912],[20.5817,50.1919],[20.5816,50.1943],[20.5836,50.1948],[20.5843,50.1947],[20.5843,50.1956],[20.5839,50.1967],[20.5849,50.1975],[20.5869,50.1977],[20.5871,50.1983],[20.5886,50.1983],[20.5887,50.1989],[20.5916,50.1985],[20.5926,50.2005],[20.5935,50.2016],[20.5979,50.2014],[20.6006,50.2003],[20.6013,50.2002],[20.6059,50.2002],[20.606,50.2018],[20.6065,50.2045],[20.6084,50.2042],[20.6086,50.2047],[20.6126,50.2038],[20.6129,50.2039],[20.6171,50.2028],[20.624,50.2007],[20.6246,50.2013],[20.6264,50.2019],[20.6306,50.202],[20.631,50.2026],[20.6293,50.2024],[20.6263,50.2023],[20.6245,50.202],[20.6256,50.2035],[20.625,50.2037],[20.6257,50.2055],[20.6289,50.2055],[20.6286,50.2064],[20.6301,50.2074],[20.6327,50.21],[20.6328,50.2104],[20.634,50.2117],[20.6374,50.2109],[20.6386,50.2105],[20.6381,50.2099],[20.6372,50.2102],[20.6362,50.2091],[20.6382,50.2084],[20.6363,50.2071],[20.6391,50.2053],[20.6415,50.207],[20.6422,50.2067],[20.6433,50.2073],[20.6423,50.2078],[20.6418,50.2086],[20.64,50.21],[20.6398,50.2109],[20.6394,50.211],[20.6402,50.2116],[20.641,50.211],[20.6424,50.2107],[20.6449,50.2085],[20.6473,50.208],[20.6497,50.2063],[20.6507,50.2054],[20.6521,50.2045],[20.6537,50.2046],[20.6544,50.2037],[20.6555,50.204],[20.6586,50.2039],[20.6599,50.204],[20.6603,50.2036],[20.663,50.2044],[20.6651,50.2052],[20.6656,50.2057],[20.6684,50.2057],[20.6684,50.2064],[20.6701,50.206],[20.6712,50.2052],[20.6722,50.2049],[20.6724,50.2043],[20.6732,50.2039],[20.6733,50.2034],[20.6744,50.2019],[20.6754,50.2017],[20.675,50.2027],[20.6762,50.2033],[20.6776,50.2047],[20.6777,50.2053],[20.6783,50.2055],[20.6793,50.2051],[20.6804,50.2059],[20.6815,50.2059],[20.6817,50.2045],[20.6817,50.2014],[20.6815,50.2008],[20.6812,50.1993],[20.6804,50.1978],[20.6799,50.1973],[20.6786,50.1966],[20.6772,50.1964],[20.6754,50.1965],[20.6749,50.1967],[20.6722,50.1971],[20.6688,50.1971],[20.6662,50.1965],[20.6642,50.1952],[20.6628,50.1941],[20.6606,50.1919],[20.6592,50.1898],[20.658,50.1886],[20.6546,50.1859],[20.6531,50.1849],[20.6514,50.1833],[20.6507,50.1828],[20.6483,50.1806],[20.6459,50.1786],[20.6431,50.1761],[20.6404,50.1733],[20.6381,50.1714],[20.636,50.1699],[20.6345,50.1692],[20.6322,50.1685],[20.6284,50.1679],[20.6246,50.1664],[20.623,50.1656],[20.6215,50.1645],[20.6186,50.1618],[20.6174,50.1605],[20.6147,50.157],[20.6142,50.1562],[20.6131,50.155],[20.6089,50.152],[20.6071,50.1515],[20.6052,50.1516],[20.6023,50.1525],[20.5974,50.1537],[20.596,50.1539],[20.5925,50.1535],[20.5914,50.1531],[20.5899,50.1522],[20.5893,50.1516],[20.5886,50.1499],[20.5886,50.1482],[20.59,50.1456],[20.5914,50.1439],[20.5917,50.1433],[20.5916,50.142],[20.5909,50.141],[20.5896,50.1402],[20.5878,50.1397],[20.5852,50.1398],[20.5827,50.1404],[20.5802,50.1418],[20.5789,50.143],[20.5767,50.1454],[20.575,50.1466],[20.5746,50.1471],[20.572,50.1484],[20.5697,50.1486],[20.5681,50.1483],[20.5668,50.147],[20.5664,50.1454],[20.5656,50.1436],[20.565,50.1427],[20.5634,50.1414],[20.5608,50.1405],[20.5581,50.1402],[20.5556,50.1402],[20.5525,50.1407],[20.5501,50.1416],[20.5468,50.1437],[20.5452,50.1446],[20.5425,50.1459],[20.5399,50.1465],[20.538,50.1466],[20.5346,50.1461],[20.5307,50.1449],[20.5263,50.1432],[20.5192,50.1409],[20.5155,50.1398],[20.5138,50.1395],[20.5111,50.1385],[20.5087,50.1377],[20.506,50.137],[20.5036,50.1365],[20.4985,50.1348],[20.496,50.1342],[20.4943,50.1339],[20.4919,50.1339],[20.4895,50.1343],[20.4849,50.1362],[20.4817,50.1373],[20.4796,50.1378],[20.4764,50.1383],[20.4737,50.1384],[20.4725,50.1382],[20.4707,50.1376],[20.4663,50.1345],[20.4653,50.1339],[20.4625,50.1328],[20.4599,50.1322],[20.4571,50.1321],[20.4548,50.1324],[20.4521,50.1331],[20.4496,50.1344],[20.448,50.1361],[20.4465,50.1392],[20.4457,50.1402],[20.4443,50.1415],[20.4429,50.1425],[20.4417,50.1431],[20.4405,50.1434],[20.4386,50.1435],[20.4365,50.1431],[20.4353,50.1424],[20.4347,50.1415],[20.4347,50.1393],[20.4344,50.1384],[20.4337,50.1374],[20.4322,50.1361],[20.4307,50.1353],[20.4265,50.1342],[20.4235,50.1342],[20.421,50.1346],[20.4197,50.135],[20.4178,50.1361],[20.4168,50.1371],[20.4157,50.1387],[20.4133,50.1411],[20.4114,50.1422],[20.4089,50.1431],[20.4072,50.1433],[20.405,50.1433],[20.402,50.1424],[20.4006,50.1415],[20.3992,50.1396],[20.3989,50.1378],[20.3994,50.1364],[20.4009,50.1347],[20.4022,50.1337],[20.4033,50.1324],[20.4046,50.13],[20.4046,50.1276],[20.4039,50.1262],[20.4028,50.1249],[20.4016,50.124],[20.3992,50.1228],[20.3979,50.1223],[20.3963,50.1219],[20.3928,50.1219],[20.39,50.1226],[20.3873,50.123],[20.3856,50.123],[20.3827,50.1224],[20.381,50.1218],[20.3793,50.1208],[20.3781,50.1194],[20.3776,50.1177],[20.3768,50.116],[20.3759,50.115],[20.3739,50.114],[20.3713,50.1135],[20.3692,50.1136],[20.3664,50.1145],[20.364,50.1161],[20.3633,50.1168],[20.3617,50.1177],[20.3597,50.1183],[20.3571,50.1182],[20.3555,50.1178],[20.3538,50.1171],[20.3523,50.118],[20.3495,50.1201],[20.3467,50.1205],[20.3413,50.1223],[20.34,50.1223],[20.3387,50.1226],[20.3366,50.1222],[20.3336,50.1221],[20.3324,50.1218],[20.3297,50.1223],[20.3275,50.1223],[20.3261,50.122],[20.3246,50.122],[20.3218,50.1223],[20.322,50.1233],[20.3218,50.1243],[20.321,50.1263],[20.321,50.1272],[20.3197,50.1288],[20.3194,50.1306],[20.3189,50.132],[20.3194,50.1335],[20.3191,50.1347],[20.3191,50.1364],[20.3187,50.1374],[20.3209,50.1369],[20.3216,50.1369],[20.3225,50.1381],[20.3228,50.1391],[20.324,50.1404],[20.326,50.142],[20.3281,50.1433],[20.3292,50.1444],[20.3302,50.1443],[20.3324,50.1455],[20.3293,50.1486],[20.3286,50.1489],[20.3283,50.1499],[20.3274,50.1518],[20.3276,50.1538],[20.3271,50.1543],[20.3263,50.1542],[20.3244,50.157],[20.3245,50.1578],[20.3226,50.159],[20.319,50.1594],[20.3191,50.1599],[20.3178,50.1604],[20.3166,50.1605],[20.3133,50.1601],[20.3134,50.1589],[20.3117,50.1583],[20.3118,50.1574],[20.3101,50.1572],[20.3104,50.1561],[20.3109,50.1555],[20.3091,50.1549],[20.3081,50.155],[20.3065,50.1547],[20.3062,50.1553],[20.3052,50.1559],[20.3028,50.156],[20.3029,50.1552],[20.2993,50.1552],[20.2983,50.1553],[20.2961,50.1562],[20.2948,50.1564],[20.2929,50.1564],[20.2905,50.156],[20.2894,50.1554],[20.2869,50.1562],[20.2868,50.1565],[20.2855,50.1571],[20.2844,50.1593],[20.283,50.1585],[20.2811,50.1581],[20.2801,50.1585],[20.2768,50.1584],[20.2766,50.1574],[20.2777,50.1549],[20.2779,50.1536],[20.2785,50.1525],[20.2784,50.1522],[20.2798,50.1518],[20.2791,50.1513],[20.2803,50.1504],[20.2806,50.1497],[20.282,50.1486],[20.2826,50.1471],[20.2827,50.1461],[20.2817,50.1441],[20.2814,50.1431],[20.281,50.1428],[20.2799,50.1404],[20.2794,50.1402],[20.2793,50.137],[20.2789,50.1367],[20.2793,50.1349],[20.2784,50.1341],[20.2778,50.1339],[20.2791,50.1309],[20.2784,50.1304],[20.2774,50.1306],[20.2748,50.1318],[20.2735,50.1322],[20.2723,50.133],[20.2719,50.1339],[20.2698,50.1343],[20.266,50.1345],[20.2663,50.1327],[20.2662,50.1302],[20.2658,50.1289],[20.2656,50.1269],[20.265,50.125],[20.2647,50.1247],[20.2634,50.1223],[20.2628,50.1201],[20.2639,50.1199],[20.2653,50.1201],[20.2668,50.1181],[20.2655,50.117],[20.2659,50.1163],[20.2648,50.1161],[20.2646,50.1176],[20.2636,50.1184],[20.2606,50.1185],[20.2588,50.1184],[20.2576,50.1188],[20.2566,50.1185],[20.2549,50.1176],[20.2527,50.1162],[20.252,50.1156],[20.2512,50.1154],[20.2497,50.1154],[20.2499,50.1149],[20.2511,50.1138],[20.2503,50.1133],[20.2513,50.1125],[20.2504,50.1123],[20.2501,50.1128],[20.2486,50.1139],[20.2476,50.1137],[20.2466,50.1153],[20.2452,50.1156],[20.2434,50.115],[20.242,50.1141],[20.2401,50.1135],[20.2376,50.113],[20.236,50.1131],[20.2359,50.1122],[20.2346,50.111],[20.2282,50.1112],[20.2266,50.1115],[20.2238,50.1116],[20.222,50.1122],[20.2194,50.1125],[20.2125,50.1144],[20.2107,50.1155],[20.2091,50.1156],[20.204,50.116],[20.2038,50.1164],[20.2041,50.1177],[20.2016,50.1175],[20.2014,50.1178],[20.2015,50.1192],[20.2013,50.1204],[20.2017,50.1214],[20.2014,50.1226],[20.2018,50.1245],[20.2015,50.1255],[20.2026,50.1273],[20.2042,50.1274],[20.2038,50.1281],[20.2045,50.1289],[20.2045,50.1297],[20.2032,50.1323],[20.2023,50.1327],[20.2021,50.1336],[20.2016,50.134],[20.1995,50.134],[20.1995,50.1326],[20.1972,50.1326],[20.1961,50.1329],[20.1956,50.1334],[20.1947,50.1337],[20.1931,50.136],[20.192,50.1366],[20.191,50.1384],[20.1905,50.1389],[20.1892,50.1419],[20.1891,50.143],[20.1882,50.143],[20.1856,50.1434],[20.1837,50.1438],[20.1811,50.1441],[20.1803,50.1459],[20.1803,50.1473],[20.1812,50.1472],[20.1815,50.1484],[20.1797,50.1485],[20.1777,50.1489],[20.1776,50.1496],[20.1762,50.1498],[20.1705,50.1498],[20.1686,50.1503],[20.1661,50.1508],[20.1657,50.1512],[20.1641,50.1512],[20.1631,50.1514],[20.1609,50.1514],[20.1602,50.1536],[20.1558,50.1547],[20.155,50.1551],[20.1526,50.1557],[20.151,50.1557],[20.146,50.155],[20.1456,50.1563],[20.1459,50.1576],[20.1471,50.1587],[20.1478,50.1619],[20.1481,50.1621],[20.1524,50.162],[20.1542,50.1631],[20.1561,50.1633],[20.1564,50.1637],[20.1574,50.1636],[20.1599,50.165],[20.162,50.1654],[20.1641,50.167],[20.1667,50.1682],[20.1678,50.168],[20.1696,50.1688],[20.1698,50.1704],[20.1687,50.1736],[20.1686,50.175],[20.1682,50.1756],[20.1653,50.1752],[20.1649,50.1761],[20.1639,50.1772],[20.1625,50.1779],[20.1614,50.1787],[20.1608,50.1797],[20.1622,50.1807],[20.1652,50.1821],[20.1666,50.1844],[20.17,50.1844],[20.1704,50.1845],[20.1705,50.1859],[20.1723,50.1862],[20.1749,50.1868],[20.1741,50.1883],[20.1744,50.1896],[20.1749,50.1908],[20.1716,50.1908],[20.1721,50.192],[20.1729,50.1929],[20.1708,50.1925],[20.1685,50.1923],[20.1677,50.1926],[20.1671,50.1934],[20.1648,50.1952],[20.1646,50.1958],[20.165,50.1964],[20.1645,50.1985],[20.1651,50.1988],[20.1658,50.2003],[20.1661,50.2015],[20.1654,50.2015],[20.1656,50.2026],[20.1634,50.2028],[20.162,50.2033],[20.1596,50.2035],[20.1597,50.2039],[20.1577,50.2043],[20.1569,50.2048],[20.1566,50.204],[20.1557,50.2042],[20.1563,50.2059],[20.1565,50.2074],[20.1568,50.2079],[20.1567,50.2098],[20.157,50.2118],[20.1572,50.2119],[20.1576,50.2149],[20.1589,50.2179],[20.1607,50.2199],[20.1613,50.2208],[20.1622,50.2216],[20.1626,50.2226],[20.1633,50.2236],[20.1667,50.2231],[20.1674,50.2229],[20.1714,50.2223],[20.1724,50.2219],[20.1746,50.2229],[20.1772,50.2239],[20.178,50.2239],[20.1785,50.225],[20.1768,50.226],[20.176,50.2261],[20.1736,50.2259],[20.1729,50.2256],[20.1724,50.2248],[20.1687,50.2266],[20.169,50.2271],[20.1676,50.2275],[20.1665,50.2273],[20.1651,50.2281],[20.1651,50.2284],[20.1634,50.2284],[20.1629,50.2281],[20.1616,50.228],[20.1606,50.2276],[20.1586,50.2273],[20.1576,50.2268],[20.1563,50.2271],[20.1553,50.2267],[20.1541,50.2268],[20.1534,50.2297],[20.1533,50.2306],[20.1514,50.2312],[20.1495,50.2331],[20.1468,50.2337],[20.1454,50.2338],[20.1455,50.2364],[20.1452,50.2377],[20.1429,50.2386],[20.1419,50.2396],[20.1377,50.2406],[20.1371,50.2411],[20.1359,50.2414],[20.135,50.2419],[20.1344,50.2437],[20.1337,50.2445],[20.1329,50.2462],[20.1324,50.2489],[20.1326,50.2498],[20.1333,50.2511],[20.1333,50.2523],[20.1322,50.2534],[20.1308,50.2545],[20.1312,50.2557],[20.1297,50.2563],[20.1286,50.257],[20.1269,50.2588],[20.1262,50.2604],[20.127,50.2613],[20.1298,50.2632],[20.131,50.2644],[20.1317,50.266],[20.1325,50.2668],[20.1349,50.2683],[20.1353,50.2687],[20.138,50.2705],[20.1382,50.2718],[20.1428,50.2716],[20.1434,50.2722],[20.1445,50.2723],[20.1466,50.272],[20.1479,50.272],[20.1497,50.2717],[20.151,50.2718],[20.153,50.2717],[20.1566,50.2717],[20.1578,50.273],[20.1583,50.2731],[20.1611,50.2731],[20.1629,50.2728],[20.1632,50.274],[20.163,50.2747],[20.1654,50.2749],[20.1699,50.2754],[20.1727,50.2756],[20.1734,50.2759],[20.1732,50.2784],[20.1735,50.28],[20.1737,50.2829],[20.1749,50.2829],[20.1748,50.2835],[20.1773,50.2836],[20.1766,50.284],[20.1762,50.2865],[20.1767,50.2868],[20.1772,50.2879],[20.178,50.2885],[20.1779,50.2892],[20.177,50.2896],[20.1769,50.2902],[20.1767,50.2913],[20.1769,50.2926],[20.1772,50.2929],[20.1785,50.2927],[20.1791,50.2921],[20.1812,50.2907],[20.1848,50.2929],[20.1851,50.2929],[20.1863,50.294],[20.1875,50.2934],[20.1885,50.2943],[20.1875,50.295],[20.1888,50.2955],[20.1898,50.2964],[20.1907,50.2977],[20.1913,50.2976],[20.1921,50.2985],[20.1936,50.2994],[20.196,50.2988],[20.1964,50.2997],[20.1988,50.2993],[20.199,50.2988],[20.2018,50.2979],[20.2039,50.2984],[20.2051,50.2983],[20.2069,50.2987],[20.2094,50.2996],[20.2113,50.2998],[20.2133,50.2985],[20.2152,50.2985],[20.2168,50.2989],[20.2186,50.2991],[20.2187,50.2994],[20.2205,50.2993],[20.2203,50.3011],[20.2207,50.3012],[20.224,50.3012],[20.2246,50.3006],[20.226,50.3008],[20.2261,50.2997],[20.2283,50.2997],[20.2278,50.3013],[20.2293,50.3015],[20.2331,50.3012],[20.2328,50.2997],[20.2352,50.2994],[20.236,50.2996],[20.2365,50.3006],[20.2386,50.3003],[20.24,50.3003],[20.242,50.3011],[20.2435,50.3014],[20.2444,50.302],[20.2444,50.3032],[20.2466,50.3043],[20.2477,50.3051],[20.2499,50.3053],[20.2524,50.3048],[20.2539,50.3047],[20.2564,50.3043],[20.2598,50.3049],[20.2605,50.3041],[20.2623,50.3027],[20.2635,50.3029],[20.266,50.303],[20.2684,50.3033],[20.2699,50.3032],[20.2694,50.3064],[20.2687,50.3064],[20.2683,50.3088],[20.2699,50.309],[20.2716,50.3095],[20.2729,50.3095],[20.2745,50.3091],[20.2762,50.3091],[20.2797,50.3093],[20.2817,50.3095],[20.2846,50.3096],[20.2883,50.3096],[20.2927,50.309],[20.2937,50.3115],[20.2937,50.3121],[20.2926,50.3123],[20.2925,50.3156],[20.2937,50.3155],[20.2941,50.3188],[20.2927,50.3186],[20.2926,50.3222],[20.2945,50.3221],[20.2951,50.3218],[20.2954,50.3201],[20.2974,50.3195],[20.2989,50.3195],[20.3,50.3201],[20.2988,50.3209],[20.2989,50.3214],[20.2983,50.322],[20.2991,50.3222],[20.3002,50.3218],[20.3003,50.3225],[20.302,50.3224],[20.3022,50.3229],[20.305,50.3227],[20.3087,50.3223],[20.3127,50.322],[20.3114,50.3208],[20.3144,50.3207],[20.3168,50.3205],[20.3188,50.3202],[20.3192,50.3197],[20.3209,50.3194],[20.3224,50.3193],[20.3279,50.3186],[20.3284,50.3187],[20.3287,50.3176],[20.3291,50.3134],[20.33,50.3116],[20.331,50.309],[20.332,50.3086],[20.3311,50.3079],[20.3323,50.3077],[20.3318,50.3063],[20.3319,50.3057],[20.333,50.3054],[20.3327,50.3045],[20.3361,50.3033],[20.3377,50.3039],[20.3385,50.3044],[20.3404,50.3043],[20.341,50.3045],[20.3425,50.3056],[20.3432,50.3058],[20.344,50.3054],[20.345,50.3041],[20.3451,50.3036],[20.3474,50.3016],[20.3483,50.2999],[20.3491,50.2989],[20.3469,50.2985],[20.3448,50.2986],[20.3435,50.2988],[20.3409,50.2989],[20.3403,50.2987],[20.3401,50.2972],[20.3395,50.2955],[20.3387,50.2941],[20.3383,50.2919],[20.3391,50.2899],[20.3396,50.2894],[20.3405,50.2877],[20.341,50.2871],[20.3438,50.289],[20.347,50.2899],[20.3488,50.2905],[20.3492,50.2902],[20.3526,50.2896],[20.3542,50.2892],[20.3565,50.2889],[20.3569,50.2879],[20.3576,50.2869],[20.3587,50.286],[20.3605,50.2853],[20.361,50.2848],[20.3621,50.2846],[20.3624,50.2832],[20.3621,50.2819],[20.3617,50.2811],[20.3586,50.2811],[20.3558,50.2805],[20.3499,50.2783],[20.347,50.2783],[20.3454,50.2778],[20.3436,50.277],[20.3431,50.2761],[20.3436,50.2748],[20.3446,50.2734],[20.345,50.2723],[20.3441,50.2716],[20.3433,50.2726],[20.3391,50.2719],[20.3379,50.2718],[20.3371,50.272],[20.3357,50.2716],[20.335,50.2716],[20.3347,50.2723],[20.3326,50.2723],[20.3323,50.2721],[20.3323,50.2703],[20.3313,50.2686],[20.3309,50.2675],[20.3331,50.2675],[20.3348,50.2669],[20.3368,50.2656],[20.3395,50.2645],[20.3404,50.2643],[20.3402,50.2636],[20.3408,50.2633],[20.3433,50.2628],[20.3447,50.2628],[20.3468,50.2626],[20.3485,50.2626],[20.3499,50.2628],[20.353,50.2636],[20.3539,50.262],[20.3549,50.2615],[20.3569,50.2577],[20.3583,50.2576],[20.3589,50.257],[20.3578,50.2558],[20.3599,50.2551],[20.3627,50.2544],[20.3625,50.2532],[20.3635,50.2533],[20.3643,50.2522],[20.3657,50.2508],[20.3666,50.2493],[20.3676,50.2487],[20.37,50.2487],[20.3707,50.248],[20.3717,50.2477],[20.3721,50.2471],[20.3748,50.248],[20.3759,50.2465],[20.3762,50.2446],[20.3762,50.2432],[20.3777,50.2432],[20.3805,50.2437],[20.3824,50.2444],[20.3839,50.2446],[20.3859,50.2435],[20.3884,50.2433],[20.39,50.2427],[20.3931,50.2425],[20.3933,50.2409],[20.3964,50.241],[20.3975,50.2415],[20.3983,50.24],[20.3994,50.2385],[20.3977,50.2382],[20.3965,50.2382],[20.3923,50.2378],[20.3926,50.2367],[20.3922,50.2355],[20.3901,50.2345],[20.3886,50.2335],[20.3871,50.2323],[20.386,50.2318],[20.3832,50.2313],[20.3804,50.2305],[20.3803,50.2302],[20.379,50.23],[20.3759,50.2289],[20.3764,50.2276],[20.3743,50.2272],[20.3757,50.2253],[20.3747,50.2246],[20.3759,50.2233],[20.3743,50.2226],[20.3752,50.2213],[20.3775,50.2197],[20.3769,50.2189],[20.3754,50.2174],[20.3744,50.2169],[20.3746,50.216],[20.3759,50.215],[20.3768,50.2148],[20.377,50.2126],[20.3778,50.2126],[20.3791,50.2117],[20.3793,50.2113],[20.3808,50.2103],[20.3821,50.2099],[20.3836,50.2089],[20.3847,50.2076],[20.3909,50.2091],[20.3926,50.2096],[20.395,50.2101],[20.3967,50.2106],[20.3999,50.2092],[20.4057,50.2106],[20.4102,50.2118],[20.4112,50.2104],[20.4119,50.209],[20.4124,50.2074],[20.4127,50.2059],[20.4136,50.2038],[20.4142,50.202],[20.4151,50.2002],[20.4116,50.2],[20.409,50.2],[20.4086,50.1985],[20.4096,50.1985],[20.4098,50.1971],[20.4119,50.1975],[20.4122,50.1935],[20.4154,50.1937],[20.4155,50.1912],[20.4175,50.1914],[20.421,50.1916],[20.4208,50.1925],[20.4267,50.1927],[20.425,50.1945],[20.4249,50.1948],[20.4313,50.1944],[20.4307,50.1952],[20.4308,50.1973],[20.4365,50.197],[20.4372,50.1929],[20.4423,50.1925],[20.4426,50.1938],[20.4434,50.1948],[20.4429,50.1953],[20.4472,50.1951],[20.4502,50.1935],[20.4515,50.1927],[20.4532,50.1945],[20.4526,50.1952],[20.4532,50.1968],[20.4546,50.1972],[20.4544,50.1977],[20.4535,50.1979],[20.453,50.199],[20.455,50.1992],[20.4561,50.1988],[20.456,50.1983],[20.4574,50.197],[20.4583,50.1973],[20.4612,50.1968],[20.4645,50.1964],[20.4659,50.1964],[20.4687,50.1966],[20.469,50.196],[20.468,50.1941],[20.4663,50.1921],[20.4691,50.1914],[20.4707,50.1911],[20.4715,50.1907],[20.4735,50.1908],[20.4737,50.1913],[20.4723,50.1937],[20.4713,50.1951],[20.47,50.1973],[20.4692,50.2004],[20.4697,50.2008],[20.4721,50.2004],[20.4752,50.1997],[20.4772,50.1994],[20.4785,50.1986],[20.4823,50.1969],[20.4846,50.1957],[20.4878,50.1942],[20.4903,50.1929],[20.4932,50.192],[20.5009,50.1906],[20.5029,50.1906],[20.5052,50.1903],[20.5082,50.1903],[20.509,50.1902],[20.5091,50.1892],[20.5117,50.1893],[20.5121,50.1872],[20.5129,50.186],[20.5175,50.1877],[20.5186,50.1886],[20.52,50.1884],[20.5217,50.1887],[20.5234,50.1893],[20.5242,50.1893],[20.526,50.1901],[20.5291,50.1911],[20.5311,50.1914],[20.532,50.1914],[20.5319,50.1896],[20.5323,50.1883],[20.5348,50.1884],[20.535,50.191],[20.5385,50.1909],[20.5385,50.1918],[20.5401,50.1912],[20.5392,50.1974],[20.5396,50.1976],[20.5427,50.1984],[20.5434,50.1987],[20.5456,50.1989],[20.547,50.1993],[20.5505,50.1998],[20.5518,50.1998],[20.5523,50.2009],[20.5556,50.2013],[20.5568,50.2016],[20.5576,50.2015],[20.5588,50.2006],[20.5597,50.1996],[20.5621,50.2002],[20.5629,50.2006],[20.5632,50.1997]]]}},{"type":"Feature","id":"powiat-suski","properties":{"slug":"powiat-suski","name":"powiat suski"},"geometry":{"type":"Polygon","coordinates":[[[19.7521,49.8306],[19.7542,49.8313],[19.7546,49.8317],[19.7561,49.8306],[19.7576,49.8301],[19.7577,49.8289],[19.7568,49.8282],[19.7558,49.8271],[19.7555,49.8259],[19.7562,49.8251],[19.757,49.8251],[19.7582,49.8245],[19.7603,49.8248],[19.7624,49.8248],[19.7649,49.825],[19.7678,49.825],[19.7672,49.8225],[19.768,49.8211],[19.7687,49.8204],[19.7686,49.82],[19.7653,49.82],[19.7625,49.8201],[19.7618,49.8207],[19.7608,49.8208],[19.7581,49.8203],[19.7574,49.82],[19.7576,49.8186],[19.7572,49.8181],[19.7544,49.8175],[19.7519,49.8164],[19.7533,49.8155],[19.7509,49.8143],[19.7497,49.8133],[19.7521,49.811],[19.7528,49.8107],[19.7532,49.8098],[19.754,49.8091],[19.7541,49.8081],[19.7547,49.8065],[19.755,49.805],[19.7556,49.8036],[19.7537,49.8018],[19.7529,49.8014],[19.7519,49.8002],[19.7528,49.7992],[19.7511,49.7983],[19.7506,49.7969],[19.7507,49.7965],[19.7502,49.7955],[19.7466,49.7939],[19.7451,49.7937],[19.7446,49.7931],[19.7447,49.792],[19.743,49.7905],[19.7438,49.7903],[19.7454,49.7893],[19.7486,49.788],[19.7494,49.7871],[19.751,49.7862],[19.754,49.7866],[19.7549,49.7872],[19.758,49.7873],[19.759,49.788],[19.7608,49.7877],[19.7615,49.7874],[19.7627,49.7878],[19.7655,49.7878],[19.7677,49.7872],[19.7686,49.7875],[19.7692,49.7884],[19.7707,49.7885],[19.772,49.7888],[19.7742,49.7883],[19.7751,49.7886],[19.7768,49.79],[19.7787,49.7901],[19.78,49.7897],[19.7814,49.7896],[19.783,49.7898],[19.7861,49.7912],[19.7898,49.7913],[19.7911,49.7908],[19.7929,49.7908],[19.7937,49.792],[19.795,49.7912],[19.7963,49.791],[19.798,49.7911],[19.7992,49.7907],[19.7996,49.7897],[19.7997,49.7883],[19.8021,49.7845],[19.8025,49.7841],[19.8034,49.7823],[19.8036,49.7813],[19.8036,49.7794],[19.8033,49.7786],[19.8035,49.7762],[19.8032,49.7754],[19.8036,49.7749],[19.8036,49.7736],[19.8045,49.7702],[19.8045,49.7671],[19.8043,49.7656],[19.8034,49.7647],[19.8018,49.7634],[19.7996,49.7633],[19.7981,49.7636],[19.7955,49.763],[19.7941,49.7629],[19.7913,49.7629],[19.7908,49.7618],[19.7885,49.7616],[19.7883,49.7612],[19.786,49.7609],[19.7856,49.7614],[19.7847,49.7611],[19.7842,49.7604],[19.7846,49.7594],[19.7836,49.7587],[19.7829,49.7579],[19.7812,49.7571],[19.7811,49.7566],[19.7802,49.7565],[19.7792,49.7567],[19.7776,49.7567],[19.7773,49.7556],[19.7776,49.755],[19.7762,49.7544],[19.775,49.7543],[19.7741,49.7546],[19.7729,49.7543],[19.7733,49.7528],[19.7728,49.7523],[19.7721,49.7523],[19.7721,49.751],[19.7731,49.7508],[19.7748,49.7508],[19.7764,49.7506],[19.7774,49.7508],[19.7789,49.7503],[19.7802,49.7503],[19.7804,49.7495],[19.7815,49.748],[19.7818,49.7469],[19.7845,49.7458],[19.7847,49.7453],[19.7859,49.7448],[19.787,49.7434],[19.7883,49.7422],[19.7868,49.7402],[19.7855,49.7393],[19.7854,49.7381],[19.7843,49.7372],[19.7846,49.7353],[19.7855,49.7352],[19.786,49.7347],[19.7868,49.7349],[19.7863,49.7325],[19.7883,49.7318],[19.7883,49.7314],[19.7905,49.7306],[19.7916,49.7308],[19.7922,49.7313],[19.7935,49.7313],[19.7951,49.7309],[19.7951,49.7301],[19.7955,49.7291],[19.7971,49.7286],[19.7973,49.7281],[19.7981,49.7277],[19.7966,49.7267],[19.795,49.726],[19.794,49.726],[19.7938,49.7255],[19.7928,49.7251],[19.7907,49.7246],[19.7907,49.7239],[19.7925,49.7239],[19.7942,49.7211],[19.7943,49.7203],[19.7954,49.718],[19.7957,49.7159],[19.7955,49.7152],[19.7946,49.7141],[19.7946,49.7128],[19.7955,49.7117],[19.7957,49.7101],[19.7954,49.7094],[19.7955,49.7067],[19.7959,49.7055],[19.7971,49.7045],[19.7976,49.7046],[19.8002,49.7041],[19.8005,49.705],[19.8011,49.7055],[19.8045,49.7059],[19.8055,49.7062],[19.8067,49.7062],[19.8088,49.7065],[19.8108,49.706],[19.8122,49.7063],[19.8151,49.7067],[19.8159,49.7072],[19.8167,49.7072],[19.8182,49.7076],[19.8219,49.7072],[19.8228,49.707],[19.8247,49.7071],[19.8256,49.7073],[19.8281,49.7074],[19.8296,49.7086],[19.8314,49.7089],[19.8335,49.7094],[19.8347,49.7093],[19.8367,49.7097],[19.8403,49.7098],[19.843,49.7093],[19.8451,49.7091],[19.847,49.7093],[19.8488,49.7093],[19.8516,49.7101],[19.8547,49.7102],[19.8551,49.7111],[19.8576,49.7114],[19.858,49.7122],[19.8603,49.7123],[19.8608,49.7119],[19.8624,49.7123],[19.8644,49.7136],[19.8673,49.7145],[19.8684,49.715],[19.8699,49.714],[19.8699,49.7127],[19.8719,49.7132],[19.8744,49.7136],[19.8766,49.7135],[19.8824,49.7122],[19.8838,49.7118],[19.8861,49.7116],[19.8872,49.7112],[19.8891,49.711],[19.8914,49.7112],[19.8948,49.7112],[19.8959,49.7116],[19.897,49.7123],[19.8985,49.7129],[19.9,49.7137],[19.9024,49.7137],[19.9039,49.7134],[19.906,49.7132],[19.9079,49.7126],[19.9085,49.7136],[19.9093,49.714],[19.9117,49.7131],[19.911,49.7127],[19.9092,49.711],[19.9085,49.7097],[19.909,49.707],[19.9089,49.7064],[19.9081,49.7057],[19.9055,49.704],[19.9024,49.701],[19.902,49.7005],[19.9006,49.6973],[19.8988,49.6963],[19.8978,49.6955],[19.8963,49.6953],[19.8953,49.6954],[19.8937,49.6947],[19.893,49.6946],[19.8941,49.6932],[19.8959,49.6917],[19.8966,49.6915],[19.897,49.6909],[19.8956,49.6908],[19.8927,49.6914],[19.8903,49.6912],[19.8886,49.6917],[19.8876,49.6911],[19.8876,49.6904],[19.8881,49.6883],[19.8888,49.6874],[19.888,49.6866],[19.8894,49.6855],[19.8879,49.684],[19.8872,49.6836],[19.8858,49.6833],[19.887,49.6806],[19.8886,49.679],[19.8895,49.6775],[19.8903,49.6769],[19.8908,49.677],[19.8913,49.6762],[19.8923,49.6754],[19.893,49.6754],[19.894,49.6742],[19.8945,49.6729],[19.896,49.6714],[19.897,49.6694],[19.8983,49.6681],[19.8991,49.667],[19.9001,49.6645],[19.901,49.6632],[19.9022,49.6605],[19.9052,49.6592],[19.9052,49.6579],[19.9047,49.6559],[19.904,49.6539],[19.9043,49.6522],[19.904,49.6512],[19.9042,49.6493],[19.9053,49.6482],[19.9058,49.6481],[19.9064,49.6469],[19.906,49.646],[19.9062,49.645],[19.9052,49.6447],[19.9028,49.6444],[19.9016,49.6435],[19.9011,49.6418],[19.9008,49.6414],[19.8977,49.6401],[19.8959,49.6397],[19.8955,49.6387],[19.8957,49.6383],[19.8937,49.6376],[19.8923,49.6375],[19.8921,49.6372],[19.8908,49.6367],[19.8898,49.6367],[19.8885,49.6354],[19.8858,49.6355],[19.8842,49.6357],[19.8812,49.6363],[19.8774,49.6368],[19.8761,49.6368],[19.8753,49.6357],[19.874,49.6353],[19.8719,49.6334],[19.8706,49.6331],[19.8709,49.6323],[19.8708,49.6309],[19.8721,49.6299],[19.8729,49.6307],[19.8734,49.6299],[19.8726,49.6288],[19.8729,49.6282],[19.8728,49.6264],[19.8721,49.6243],[19.8722,49.6226],[19.873,49.6213],[19.8735,49.6194],[19.8735,49.6184],[19.8744,49.6164],[19.8735,49.6149],[19.8717,49.6145],[19.8715,49.6139],[19.8701,49.6126],[19.8689,49.6122],[19.869,49.6117],[19.8685,49.6108],[19.8682,49.6097],[19.8671,49.6075],[19.8664,49.6056],[19.8662,49.6045],[19.865,49.6026],[19.8646,49.6015],[19.8636,49.6],[19.8627,49.5993],[19.8616,49.5993],[19.8607,49.599],[19.8588,49.5992],[19.8545,49.5992],[19.8525,49.5993],[19.8522,49.5988],[19.8531,49.5979],[19.8535,49.5971],[19.8519,49.5954],[19.8479,49.5949],[19.8465,49.5953],[19.8452,49.5953],[19.8441,49.5957],[19.8421,49.5951],[19.842,49.5945],[19.8408,49.5949],[19.838,49.5945],[19.8371,49.5945],[19.834,49.5942],[19.8325,49.5939],[19.831,49.5931],[19.8285,49.5923],[19.8254,49.5922],[19.8242,49.5927],[19.8226,49.5936],[19.82,49.5939],[19.8179,49.5934],[19.8173,49.5935],[19.8165,49.5929],[19.8149,49.5924],[19.8135,49.5925],[19.8118,49.5935],[19.811,49.5942],[19.8096,49.5943],[19.8092,49.5949],[19.8046,49.594],[19.8047,49.5945],[19.8041,49.5948],[19.8025,49.5943],[19.8017,49.5944],[19.801,49.5938],[19.8004,49.594],[19.7986,49.5939],[19.7976,49.593],[19.7968,49.5929],[19.7959,49.5921],[19.7951,49.5921],[19.7938,49.5916],[19.7927,49.5908],[19.791,49.5903],[19.7889,49.5899],[19.7878,49.5894],[19.7866,49.5891],[19.7864,49.5895],[19.785,49.5886],[19.7827,49.5878],[19.7809,49.5875],[19.7798,49.5869],[19.7762,49.5855],[19.7751,49.5856],[19.7737,49.586],[19.7713,49.5863],[19.7699,49.5862],[19.7685,49.5868],[19.7683,49.5874],[19.7676,49.5881],[19.7675,49.5896],[19.767,49.5904],[19.7667,49.5906],[19.7647,49.5897],[19.7618,49.5889],[19.7614,49.5882],[19.7605,49.5878],[19.7594,49.5877],[19.7591,49.5873],[19.758,49.5872],[19.7568,49.5874],[19.7548,49.5864],[19.755,49.586],[19.7542,49.5849],[19.7543,49.5843],[19.7557,49.5837],[19.7566,49.5838],[19.7585,49.5831],[19.7598,49.582],[19.763,49.581],[19.7635,49.5805],[19.7629,49.5797],[19.7623,49.5794],[19.7617,49.5781],[19.761,49.5777],[19.7595,49.5763],[19.758,49.5756],[19.7574,49.5757],[19.7561,49.5748],[19.7545,49.5743],[19.7539,49.5734],[19.754,49.573],[19.7528,49.5718],[19.7516,49.5715],[19.7505,49.5715],[19.7492,49.5721],[19.7472,49.5724],[19.7444,49.5723],[19.7423,49.5725],[19.739,49.5725],[19.7364,49.5724],[19.7349,49.5721],[19.7324,49.5741],[19.7309,49.5746],[19.7297,49.5759],[19.727,49.5764],[19.7249,49.5764],[19.7235,49.5767],[19.7214,49.5768],[19.7206,49.577],[19.7181,49.577],[19.717,49.5768],[19.7122,49.5769],[19.7109,49.5764],[19.709,49.5759],[19.7083,49.5755],[19.7059,49.5753],[19.7048,49.5755],[19.7034,49.576],[19.7019,49.5768],[19.7007,49.578],[19.6994,49.5785],[19.6969,49.5786],[19.6953,49.5788],[19.6932,49.5779],[19.6923,49.5773],[19.6901,49.5766],[19.6882,49.5768],[19.6866,49.5763],[19.6846,49.5746],[19.683,49.5742],[19.681,49.5742],[19.6782,49.5746],[19.6765,49.5756],[19.6769,49.5775],[19.6752,49.5776],[19.6737,49.5782],[19.6734,49.579],[19.6732,49.5807],[19.6728,49.5813],[19.6705,49.5832],[19.6695,49.5837],[19.6686,49.5838],[19.6661,49.5847],[19.6653,49.5847],[19.6649,49.5853],[19.6625,49.5873],[19.6603,49.588],[19.6588,49.5886],[19.6576,49.5899],[19.6563,49.5907],[19.6564,49.5919],[19.6576,49.5939],[19.6555,49.5955],[19.6547,49.5957],[19.6532,49.5966],[19.6516,49.5973],[19.651,49.5979],[19.6496,49.5988],[19.6473,49.5996],[19.6461,49.6004],[19.6403,49.6035],[19.6382,49.6054],[19.636,49.6072],[19.6342,49.6085],[19.6323,49.6092],[19.6306,49.6103],[19.6271,49.6134],[19.6265,49.6145],[19.626,49.6161],[19.6246,49.6181],[19.6216,49.6199],[19.6209,49.6209],[19.6207,49.6218],[19.6193,49.6237],[19.6155,49.623],[19.613,49.6228],[19.6093,49.6221],[19.6066,49.6219],[19.6025,49.6222],[19.5983,49.623],[19.5945,49.6232],[19.5917,49.6228],[19.5903,49.6225],[19.5894,49.6195],[19.5891,49.6176],[19.5884,49.6165],[19.5877,49.614],[19.5866,49.6127],[19.588,49.6113],[19.5884,49.6102],[19.5902,49.6086],[19.5905,49.6075],[19.5915,49.6068],[19.5939,49.6044],[19.5942,49.6033],[19.595,49.6022],[19.5956,49.6018],[19.5961,49.6004],[19.5959,49.5994],[19.594,49.5977],[19.5939,49.5957],[19.5925,49.5942],[19.592,49.5929],[19.5906,49.5923],[19.5888,49.5913],[19.5881,49.5906],[19.5871,49.5902],[19.5845,49.59],[19.583,49.5884],[19.5808,49.5874],[19.5777,49.5867],[19.5765,49.5855],[19.575,49.5858],[19.5734,49.5865],[19.5718,49.5868],[19.5694,49.5868],[19.5677,49.5864],[19.5669,49.5856],[19.5656,49.5848],[19.5643,49.5849],[19.5632,49.5846],[19.5629,49.5834],[19.5619,49.5827],[19.5601,49.5801],[19.5593,49.5797],[19.5562,49.5792],[19.5551,49.5787],[19.5542,49.5786],[19.5525,49.5777],[19.5507,49.5774],[19.5502,49.577],[19.5488,49.5766],[19.5464,49.5762],[19.5441,49.5762],[19.5427,49.5756],[19.5401,49.5753],[19.5393,49.5747],[19.5384,49.5748],[19.536,49.5742],[19.5343,49.5739],[19.5307,49.5736],[19.5293,49.573],[19.5271,49.5726],[19.5258,49.5722],[19.5238,49.5721],[19.522,49.5722],[19.5182,49.5734],[19.5172,49.574],[19.5156,49.5755],[19.5149,49.5775],[19.5115,49.5804],[19.5102,49.5814],[19.5069,49.5819],[19.5043,49.582],[19.4997,49.5812],[19.4972,49.5816],[19.4959,49.5822],[19.4926,49.5843],[19.4876,49.5851],[19.4846,49.5855],[19.4827,49.586],[19.4806,49.5869],[19.4784,49.588],[19.4775,49.5891],[19.4764,49.591],[19.4756,49.5917],[19.4736,49.5926],[19.473,49.5939],[19.4716,49.5947],[19.4691,49.5956],[19.4684,49.5965],[19.4692,49.5972],[19.4699,49.5983],[19.4707,49.5987],[19.4719,49.6006],[19.4737,49.6016],[19.4747,49.6034],[19.4746,49.6047],[19.4727,49.6071],[19.4714,49.6079],[19.4707,49.6087],[19.4701,49.6111],[19.4688,49.6123],[19.4674,49.6138],[19.4678,49.614],[19.469,49.6154],[19.4709,49.6164],[19.4721,49.6173],[19.4737,49.6191],[19.475,49.6212],[19.476,49.6218],[19.4773,49.6223],[19.4808,49.6244],[19.4802,49.6261],[19.4796,49.6292],[19.4795,49.6304],[19.4797,49.6316],[19.4792,49.632],[19.4785,49.6332],[19.4768,49.6352],[19.4768,49.6363],[19.4754,49.6388],[19.4744,49.6394],[19.471,49.6405],[19.47,49.6425],[19.4685,49.6439],[19.4694,49.6449],[19.4695,49.6459],[19.4689,49.648],[19.4705,49.649],[19.4716,49.6502],[19.4734,49.6518],[19.4753,49.6537],[19.4773,49.6563],[19.4775,49.6572],[19.4774,49.6588],[19.4778,49.6608],[19.4754,49.6623],[19.4744,49.6633],[19.4725,49.6646],[19.4709,49.666],[19.4677,49.6674],[19.4659,49.6674],[19.465,49.6679],[19.4645,49.6694],[19.4633,49.6702],[19.4614,49.6724],[19.4611,49.6738],[19.4616,49.6747],[19.461,49.6754],[19.4594,49.6764],[19.4569,49.6768],[19.4553,49.6768],[19.4541,49.677],[19.4493,49.6793],[19.4478,49.6792],[19.4447,49.6793],[19.444,49.6797],[19.4418,49.6804],[19.4411,49.6805],[19.4381,49.6796],[19.4364,49.6782],[19.4345,49.6775],[19.433,49.6773],[19.4284,49.676],[19.4266,49.6756],[19.425,49.675],[19.4245,49.6744],[19.4231,49.6739],[19.4214,49.6741],[19.4198,49.6746],[19.418,49.6746],[19.4154,49.6733],[19.4138,49.6728],[19.4117,49.6728],[19.4105,49.6734],[19.4096,49.6747],[19.4099,49.6756],[19.4097,49.6764],[19.4085,49.6779],[19.4077,49.678],[19.4071,49.6786],[19.4058,49.6784],[19.4056,49.6787],[19.4029,49.6786],[19.4019,49.6782],[19.4,49.6783],[19.3991,49.6777],[19.3973,49.6784],[19.3967,49.6778],[19.3966,49.677],[19.396,49.6764],[19.3936,49.6768],[19.3918,49.6773],[19.3914,49.6806],[19.3897,49.6802],[19.3895,49.6817],[19.3898,49.6828],[19.3895,49.6843],[19.388,49.6847],[19.3868,49.6847],[19.386,49.6852],[19.3827,49.6862],[19.3814,49.6877],[19.3808,49.6887],[19.38,49.6892],[19.3797,49.6899],[19.3789,49.6901],[19.3771,49.6913],[19.3738,49.6926],[19.3709,49.693],[19.3707,49.6944],[19.37,49.6949],[19.3725,49.6955],[19.3754,49.6952],[19.3769,49.6953],[19.3788,49.6948],[19.3797,49.6948],[19.3812,49.6953],[19.3825,49.6964],[19.3845,49.697],[19.3851,49.6969],[19.3871,49.6973],[19.3897,49.697],[19.3911,49.6972],[19.3907,49.6977],[19.3907,49.6984],[19.3923,49.6993],[19.3917,49.7],[19.3922,49.7006],[19.3938,49.7015],[19.3933,49.702],[19.3943,49.703],[19.3955,49.7036],[19.3949,49.7039],[19.3948,49.7051],[19.3944,49.7065],[19.396,49.7068],[19.3968,49.7074],[19.3967,49.708],[19.3978,49.708],[19.3991,49.7089],[19.3998,49.7096],[19.3987,49.7103],[19.3982,49.7114],[19.3989,49.7118],[19.4004,49.7108],[19.4022,49.711],[19.4026,49.7106],[19.4068,49.7108],[19.4076,49.7098],[19.4095,49.7099],[19.4105,49.7101],[19.4134,49.7112],[19.4152,49.7121],[19.4159,49.7123],[19.4191,49.7139],[19.4185,49.7149],[19.4204,49.7156],[19.4227,49.7167],[19.4255,49.7178],[19.4275,49.7182],[19.4285,49.7181],[19.4286,49.7188],[19.4293,49.7195],[19.4292,49.72],[19.4297,49.7205],[19.429,49.7217],[19.4288,49.7235],[19.4291,49.7241],[19.4281,49.7254],[19.4284,49.7263],[19.428,49.7269],[19.4287,49.7275],[19.431,49.7278],[19.4326,49.7283],[19.4345,49.7286],[19.4355,49.7289],[19.4369,49.7289],[19.4379,49.7293],[19.4384,49.7303],[19.4396,49.7315],[19.4389,49.7323],[19.4409,49.7332],[19.445,49.734],[19.4446,49.7349],[19.445,49.7362],[19.4455,49.737],[19.4459,49.7383],[19.4458,49.7413],[19.446,49.7426],[19.4455,49.7437],[19.4438,49.7457],[19.4433,49.7465],[19.4434,49.7469],[19.4426,49.7477],[19.4421,49.7487],[19.4413,49.7497],[19.4411,49.7505],[19.4401,49.7521],[19.4396,49.7525],[19.4388,49.7537],[19.4377,49.7547],[19.4369,49.7557],[19.4364,49.7571],[19.435,49.7579],[19.4347,49.7588],[19.4324,49.761],[19.4314,49.7622],[19.4294,49.7627],[19.4285,49.7636],[19.4264,49.7643],[19.4241,49.7677],[19.4228,49.7687],[19.4221,49.7698],[19.4219,49.7705],[19.4209,49.7713],[19.4202,49.7722],[19.4192,49.7726],[19.4183,49.7733],[19.4172,49.7737],[19.415,49.7753],[19.4164,49.776],[19.4181,49.7774],[19.4197,49.7777],[19.4212,49.7782],[19.423,49.7798],[19.4239,49.7803],[19.426,49.7811],[19.4287,49.7824],[19.4304,49.7839],[19.4318,49.7844],[19.4337,49.7848],[19.4382,49.7873],[19.4403,49.7879],[19.4409,49.7879],[19.4435,49.7887],[19.4444,49.7894],[19.4461,49.792],[19.4459,49.7935],[19.4454,49.7949],[19.4457,49.7957],[19.4475,49.7956],[19.4497,49.7957],[19.4559,49.7979],[19.4571,49.7979],[19.4609,49.7986],[19.4623,49.7982],[19.4644,49.7979],[19.4657,49.7968],[19.4676,49.7957],[19.4685,49.795],[19.4701,49.7941],[19.4715,49.793],[19.4723,49.7921],[19.4726,49.7911],[19.4732,49.7906],[19.474,49.7904],[19.4753,49.789],[19.4773,49.7896],[19.478,49.7891],[19.4813,49.7891],[19.4829,49.7896],[19.4846,49.7891],[19.4864,49.7879],[19.4869,49.7871],[19.4892,49.7864],[19.4905,49.7862],[19.4921,49.7864],[19.4944,49.7874],[19.4957,49.7875],[19.4968,49.7878],[19.4973,49.7883],[19.4985,49.7885],[19.4993,49.7892],[19.5005,49.7893],[19.5013,49.7897],[19.5029,49.7897],[19.5045,49.7904],[19.5062,49.7889],[19.5079,49.7876],[19.5089,49.787],[19.5112,49.7876],[19.5119,49.788],[19.516,49.7893],[19.5173,49.7896],[19.5186,49.7902],[19.5212,49.7909],[19.5241,49.7919],[19.5277,49.7929],[19.5282,49.7943],[19.528,49.7956],[19.5284,49.7965],[19.5277,49.7977],[19.5276,49.7985],[19.529,49.7988],[19.5305,49.7994],[19.5327,49.8001],[19.5334,49.8005],[19.5343,49.8004],[19.5359,49.8007],[19.5368,49.8006],[19.5381,49.8013],[19.5395,49.8018],[19.5432,49.801],[19.5473,49.7986],[19.5483,49.7984],[19.5523,49.7988],[19.5534,49.7992],[19.5558,49.7996],[19.5572,49.8],[19.5588,49.7962],[19.5597,49.7961],[19.5613,49.7965],[19.562,49.7961],[19.5626,49.7968],[19.5638,49.797],[19.5652,49.797],[19.5654,49.7973],[19.5666,49.7973],[19.567,49.7977],[19.5678,49.7976],[19.5691,49.7982],[19.5712,49.7987],[19.5729,49.7972],[19.5749,49.7972],[19.5763,49.797],[19.5793,49.7969],[19.5807,49.7963],[19.582,49.7967],[19.5843,49.796],[19.585,49.7953],[19.5855,49.7942],[19.5878,49.7946],[19.5904,49.7956],[19.5924,49.7961],[19.5941,49.7962],[19.5941,49.7966],[19.5963,49.7961],[19.5983,49.796],[19.599,49.7961],[19.5999,49.7954],[19.6011,49.795],[19.6027,49.7942],[19.604,49.7932],[19.605,49.7928],[19.606,49.7927],[19.607,49.793],[19.6092,49.7943],[19.6111,49.7946],[19.6128,49.7947],[19.6149,49.7951],[19.6161,49.7952],[19.6172,49.7956],[19.6202,49.7963],[19.6218,49.7968],[19.6245,49.7974],[19.6251,49.7974],[19.6282,49.7982],[19.6328,49.7978],[19.6349,49.7978],[19.6374,49.7968],[19.6395,49.7963],[19.641,49.7962],[19.6435,49.7956],[19.6456,49.7954],[19.6471,49.7958],[19.6455,49.7971],[19.6451,49.7977],[19.6436,49.7989],[19.6433,49.8],[19.6434,49.8009],[19.6431,49.8022],[19.6435,49.8051],[19.6435,49.806],[19.6442,49.8075],[19.6441,49.8078],[19.6484,49.8082],[19.649,49.8081],[19.6507,49.8085],[19.6522,49.8085],[19.653,49.8083],[19.6558,49.8087],[19.658,49.8087],[19.6626,49.809],[19.6623,49.8102],[19.6625,49.8108],[19.6618,49.8111],[19.662,49.812],[19.6617,49.8129],[19.6618,49.814],[19.6637,49.814],[19.6649,49.8138],[19.6664,49.8138],[19.6671,49.8142],[19.6685,49.8141],[19.669,49.8131],[19.67,49.8135],[19.6718,49.8137],[19.6731,49.8133],[19.6736,49.8129],[19.675,49.8129],[19.6757,49.8127],[19.677,49.8129],[19.6795,49.8127],[19.6799,49.8123],[19.6822,49.8126],[19.6838,49.8126],[19.684,49.8109],[19.685,49.8108],[19.6885,49.8108],[19.689,49.8096],[19.6917,49.8087],[19.6931,49.8087],[19.6948,49.8082],[19.6969,49.8073],[19.6974,49.806],[19.701,49.8061],[19.7029,49.8052],[19.705,49.8057],[19.7057,49.8054],[19.7079,49.8036],[19.7109,49.8041],[19.7121,49.8045],[19.7135,49.8046],[19.7145,49.805],[19.7192,49.8064],[19.721,49.8068],[19.7228,49.8068],[19.7245,49.8073],[19.7259,49.8074],[19.7264,49.8084],[19.7285,49.8104],[19.7288,49.8114],[19.7294,49.812],[19.7291,49.8136],[19.7281,49.8145],[19.7281,49.8152],[19.7288,49.816],[19.7301,49.8166],[19.7318,49.8169],[19.7318,49.8185],[19.7312,49.8203],[19.7315,49.821],[19.7337,49.8207],[19.7334,49.8224],[19.7355,49.8248],[19.7371,49.8256],[19.7385,49.8267],[19.7388,49.8267],[19.7396,49.8295],[19.7426,49.8299],[19.7439,49.8304],[19.7456,49.8307],[19.747,49.8307],[19.748,49.8303],[19.7485,49.8305],[19.7507,49.8304],[19.7521,49.8306]]]}},{"type":"Feature","id":"powiat-tarnowski","properties":{"slug":"powiat-tarnowski","name":"powiat tarnowski"},"geometry":{"type":"Polygon","coordinates":[[[20.728,50.2428],[20.7291,50.242],[20.7325,50.2389],[20.7337,50.238],[20.7341,50.238],[20.7352,50.2372],[20.737,50.2355],[20.74,50.2337],[20.7431,50.2315],[20.7458,50.2292],[20.7474,50.2275],[20.7476,50.2271],[20.7497,50.2246],[20.7504,50.2235],[20.7511,50.2217],[20.7512,50.22],[20.7509,50.2183],[20.7496,50.2149],[20.7491,50.2139],[20.7507,50.2135],[20.7512,50.2131],[20.7537,50.2118],[20.7559,50.2105],[20.7568,50.2098],[20.7574,50.2098],[20.7589,50.2084],[20.7619,50.2094],[20.7629,50.2102],[20.7634,50.2112],[20.765,50.2116],[20.7668,50.2118],[20.7689,50.2122],[20.7702,50.2119],[20.7715,50.2126],[20.7734,50.2128],[20.7746,50.2132],[20.7769,50.2137],[20.7778,50.2144],[20.7777,50.215],[20.779,50.2159],[20.7807,50.2166],[20.7828,50.2173],[20.7843,50.2176],[20.7869,50.2179],[20.7882,50.2182],[20.7908,50.2182],[20.7923,50.2186],[20.7933,50.2185],[20.7936,50.2175],[20.7966,50.2159],[20.7964,50.2155],[20.7971,50.2144],[20.7973,50.2134],[20.7981,50.2132],[20.7989,50.2126],[20.8001,50.2122],[20.8011,50.2122],[20.8033,50.2126],[20.805,50.2126],[20.8094,50.212],[20.8107,50.2119],[20.8128,50.2114],[20.8129,50.2126],[20.8149,50.2132],[20.8156,50.214],[20.8169,50.2148],[20.8177,50.2164],[20.8185,50.2172],[20.8198,50.2178],[20.8216,50.2176],[20.823,50.2169],[20.8243,50.2169],[20.8275,50.22],[20.8275,50.2212],[20.8291,50.2221],[20.83,50.2224],[20.8311,50.2232],[20.8336,50.2227],[20.8345,50.2223],[20.8361,50.2222],[20.8361,50.2217],[20.8351,50.2208],[20.8353,50.2205],[20.8369,50.2204],[20.8379,50.2201],[20.8402,50.219],[20.8409,50.2188],[20.8405,50.2175],[20.8425,50.2172],[20.8453,50.2165],[20.8455,50.2175],[20.8467,50.2175],[20.8472,50.217],[20.8482,50.2149],[20.85,50.215],[20.8506,50.2147],[20.8507,50.2147],[20.8506,50.2147],[20.8507,50.2147],[20.8546,50.2147],[20.8555,50.2148],[20.8565,50.2135],[20.8554,50.2135],[20.8553,50.2119],[20.8547,50.2107],[20.8547,50.2099],[20.8555,50.2087],[20.8548,50.2081],[20.8551,50.2074],[20.855,50.2063],[20.8541,50.2053],[20.8567,50.2055],[20.8599,50.2055],[20.8599,50.205],[20.8641,50.2043],[20.865,50.2029],[20.8646,50.2021],[20.8648,50.2014],[20.8691,50.2008],[20.8696,50.2001],[20.8696,50.1995],[20.8703,50.1993],[20.8704,50.1985],[20.8696,50.1974],[20.8708,50.197],[20.8728,50.1966],[20.8724,50.1958],[20.8748,50.1957],[20.8752,50.1947],[20.8743,50.1947],[20.8745,50.1928],[20.8774,50.1937],[20.8776,50.1936],[20.8747,50.1906],[20.8743,50.1895],[20.8745,50.1879],[20.876,50.185],[20.8762,50.1843],[20.8761,50.1828],[20.8755,50.181],[20.8757,50.1794],[20.877,50.1773],[20.8741,50.1781],[20.8732,50.1774],[20.8733,50.1767],[20.8728,50.1763],[20.8723,50.175],[20.8707,50.1732],[20.8697,50.1719],[20.8686,50.1713],[20.8669,50.1695],[20.8653,50.169],[20.8645,50.1683],[20.8662,50.1679],[20.8667,50.1673],[20.868,50.167],[20.8695,50.1662],[20.8716,50.1656],[20.8758,50.1635],[20.8775,50.1624],[20.8798,50.1617],[20.8811,50.161],[20.8843,50.1612],[20.8847,50.1614],[20.8874,50.1617],[20.889,50.1622],[20.891,50.1624],[20.8919,50.1623],[20.8947,50.1626],[20.8975,50.1627],[20.8999,50.1632],[20.9038,50.1628],[20.9055,50.1625],[20.9077,50.1625],[20.9092,50.162],[20.9144,50.1645],[20.9186,50.1658],[20.9207,50.1658],[20.924,50.1653],[20.9252,50.1653],[20.9308,50.1646],[20.9324,50.1648],[20.9342,50.1648],[20.9349,50.1638],[20.9362,50.1625],[20.9379,50.1621],[20.9385,50.1611],[20.9372,50.1606],[20.9359,50.1605],[20.9316,50.1577],[20.9322,50.1575],[20.9348,50.156],[20.9385,50.1544],[20.9406,50.1531],[20.9411,50.1525],[20.9426,50.1516],[20.9439,50.151],[20.9448,50.1508],[20.9456,50.15],[20.9478,50.1488],[20.9487,50.1481],[20.9502,50.1477],[20.9512,50.1477],[20.9532,50.1474],[20.9546,50.1474],[20.9565,50.1472],[20.9598,50.1467],[20.962,50.1468],[20.9631,50.1471],[20.9652,50.1472],[20.9641,50.1461],[20.9642,50.1443],[20.9632,50.1435],[20.9624,50.1422],[20.9604,50.1393],[20.9608,50.1389],[20.958,50.1373],[20.9547,50.1375],[20.9548,50.136],[20.9548,50.1313],[20.9558,50.1304],[20.9576,50.1298],[20.9602,50.1283],[20.9615,50.1271],[20.9612,50.1266],[20.9598,50.1267],[20.9591,50.1263],[20.958,50.1264],[20.9572,50.1262],[20.9551,50.1264],[20.9542,50.1267],[20.9535,50.1266],[20.954,50.1258],[20.9564,50.1256],[20.9566,50.1251],[20.9581,50.1248],[20.958,50.1239],[20.9567,50.1229],[20.9558,50.1214],[20.9556,50.1195],[20.9574,50.1193],[20.9573,50.1177],[20.957,50.1165],[20.9579,50.1165],[20.9575,50.1141],[20.9566,50.1122],[20.9587,50.1121],[20.9621,50.1121],[20.9682,50.1134],[20.9688,50.1136],[20.9713,50.1133],[20.9709,50.1118],[20.9714,50.111],[20.9727,50.111],[20.9771,50.1103],[20.9784,50.1104],[20.9792,50.1119],[20.9811,50.1116],[20.9818,50.1128],[20.983,50.1153],[20.9842,50.1154],[20.9839,50.1146],[20.9837,50.1124],[20.9849,50.1118],[20.9851,50.1132],[20.9849,50.1146],[20.9859,50.116],[20.9864,50.116],[20.9867,50.1168],[20.9888,50.1168],[20.99,50.117],[20.9906,50.1168],[20.9905,50.1147],[20.994,50.1146],[20.9962,50.1151],[20.9983,50.1162],[21,50.1168],[21.0002,50.1171],[21.0001,50.1188],[21.0003,50.1198],[20.9985,50.121],[20.9986,50.1229],[20.9995,50.123],[21.0026,50.1241],[21.0038,50.1244],[21.0049,50.1249],[21.0054,50.1256],[21.0067,50.1264],[21.0081,50.126],[21.0101,50.1261],[21.0121,50.1248],[21.0146,50.1236],[21.0145,50.1231],[21.0134,50.1214],[21.0132,50.1203],[21.0163,50.1178],[21.0193,50.1159],[21.0203,50.115],[21.0204,50.1138],[21.0215,50.1138],[21.0243,50.1143],[21.0267,50.1153],[21.029,50.116],[21.0296,50.1154],[21.0289,50.1133],[21.0276,50.1117],[21.0276,50.1114],[21.0309,50.1114],[21.0321,50.1113],[21.0335,50.1115],[21.036,50.1109],[21.0379,50.1108],[21.0388,50.1105],[21.0403,50.1103],[21.0418,50.1098],[21.0468,50.1091],[21.0527,50.1079],[21.0556,50.1071],[21.0565,50.1067],[21.0604,50.1068],[21.0628,50.1073],[21.0673,50.1088],[21.0691,50.1097],[21.0721,50.1107],[21.0741,50.1115],[21.0758,50.1125],[21.0773,50.1132],[21.0779,50.1141],[21.0799,50.1148],[21.0839,50.1155],[21.0874,50.1152],[21.0889,50.1148],[21.0914,50.1138],[21.0922,50.1133],[21.0939,50.1129],[21.096,50.1127],[21.0973,50.1132],[21.0983,50.1132],[21.0998,50.1137],[21.1012,50.1134],[21.1043,50.1131],[21.1059,50.1132],[21.1075,50.1135],[21.1105,50.1133],[21.1112,50.1131],[21.1127,50.1138],[21.1174,50.1139],[21.1241,50.1143],[21.1259,50.1143],[21.128,50.1145],[21.1299,50.1145],[21.1364,50.1149],[21.1402,50.115],[21.1397,50.1166],[21.1397,50.118],[21.1392,50.1209],[21.1383,50.1224],[21.1375,50.1233],[21.1365,50.124],[21.134,50.1246],[21.132,50.1248],[21.1309,50.1255],[21.1302,50.1256],[21.1295,50.1262],[21.1277,50.1268],[21.1268,50.128],[21.1268,50.1288],[21.128,50.1307],[21.1287,50.1311],[21.1287,50.1321],[21.13,50.1331],[21.1309,50.1348],[21.1318,50.1358],[21.1336,50.1369],[21.1359,50.138],[21.1375,50.1391],[21.143,50.1421],[21.1446,50.1431],[21.1484,50.1452],[21.1495,50.1459],[21.1521,50.1473],[21.1524,50.1476],[21.1577,50.1463],[21.1589,50.1461],[21.1628,50.1451],[21.1668,50.1443],[21.1739,50.1431],[21.1758,50.1426],[21.175,50.1405],[21.1735,50.1406],[21.1678,50.1378],[21.1643,50.136],[21.1618,50.1363],[21.1559,50.1372],[21.155,50.1364],[21.1544,50.1365],[21.1525,50.1354],[21.1516,50.1358],[21.1506,50.1353],[21.1478,50.1347],[21.146,50.1345],[21.1462,50.13],[21.1476,50.1298],[21.1496,50.1299],[21.1508,50.1301],[21.1505,50.129],[21.1501,50.1286],[21.1481,50.1278],[21.1489,50.1273],[21.1485,50.1264],[21.1525,50.1259],[21.1563,50.1253],[21.1612,50.1246],[21.1638,50.1243],[21.1674,50.1237],[21.1716,50.1231],[21.1723,50.1231],[21.1781,50.1222],[21.1794,50.1221],[21.1818,50.1217],[21.1907,50.1205],[21.195,50.1198],[21.1947,50.1192],[21.1936,50.1191],[21.1918,50.1195],[21.1912,50.1194],[21.1917,50.1185],[21.1915,50.118],[21.1889,50.1181],[21.1863,50.1189],[21.1854,50.1189],[21.185,50.1183],[21.1843,50.1185],[21.1824,50.1177],[21.1811,50.1179],[21.1791,50.1158],[21.1785,50.1154],[21.1785,50.1143],[21.1773,50.1124],[21.1769,50.112],[21.1776,50.111],[21.1796,50.1103],[21.1824,50.1091],[21.1828,50.1078],[21.1857,50.1072],[21.1855,50.1066],[21.1869,50.1062],[21.1871,50.1038],[21.1861,50.1033],[21.1848,50.1034],[21.1841,50.1027],[21.1845,50.1015],[21.1846,50.1003],[21.1856,50.1],[21.1859,50.0996],[21.1889,50.099],[21.1889,50.0984],[21.1905,50.0982],[21.1962,50.0969],[21.1958,50.0964],[21.1975,50.0962],[21.1985,50.0957],[21.199,50.095],[21.1952,50.0944],[21.1906,50.0939],[21.1898,50.0937],[21.1842,50.0929],[21.1835,50.0929],[21.1784,50.0921],[21.1777,50.0921],[21.17,50.091],[21.1601,50.0895],[21.1608,50.0876],[21.1619,50.0859],[21.1638,50.0836],[21.1656,50.0818],[21.168,50.0801],[21.1692,50.0791],[21.1726,50.0797],[21.179,50.0807],[21.1785,50.0786],[21.1798,50.0787],[21.1797,50.0761],[21.1784,50.076],[21.1775,50.0747],[21.1767,50.0747],[21.1761,50.0741],[21.1758,50.0731],[21.1769,50.0724],[21.1771,50.0714],[21.175,50.0715],[21.1742,50.071],[21.1746,50.0698],[21.174,50.0696],[21.1715,50.0697],[21.171,50.0674],[21.1682,50.0674],[21.1667,50.0675],[21.1658,50.0669],[21.1679,50.0656],[21.1694,50.0654],[21.1677,50.0639],[21.1685,50.0633],[21.168,50.0622],[21.1682,50.0612],[21.167,50.0607],[21.1664,50.0598],[21.1638,50.0589],[21.163,50.0596],[21.1592,50.0575],[21.1573,50.0568],[21.1507,50.055],[21.1461,50.0543],[21.145,50.0531],[21.1451,50.0518],[21.1446,50.0493],[21.1474,50.05],[21.1487,50.0494],[21.1501,50.047],[21.1515,50.0453],[21.1557,50.0439],[21.1584,50.0431],[21.1594,50.0427],[21.1696,50.04],[21.1723,50.0394],[21.173,50.0391],[21.1732,50.0384],[21.1735,50.0359],[21.1737,50.0352],[21.1797,50.0334],[21.1929,50.0293],[21.1917,50.0286],[21.1908,50.0274],[21.1893,50.0266],[21.1892,50.0256],[21.1886,50.0241],[21.1858,50.0218],[21.1847,50.0205],[21.1835,50.0186],[21.1815,50.0168],[21.1806,50.0144],[21.1806,50.014],[21.1797,50.0131],[21.1788,50.0118],[21.178,50.0117],[21.1764,50.011],[21.1715,50.01],[21.1698,50.0089],[21.1676,50.0086],[21.1664,50.0083],[21.1643,50.0075],[21.1616,50.0069],[21.1586,50.0058],[21.1577,50.0052],[21.1557,50.0045],[21.1544,50.0034],[21.1536,50.0007],[21.1534,49.9981],[21.153,49.9962],[21.1525,49.9957],[21.1498,49.9958],[21.1496,49.9956],[21.1491,49.9931],[21.1502,49.9903],[21.1503,49.9886],[21.1506,49.9879],[21.1504,49.9861],[21.1505,49.984],[21.1509,49.9827],[21.151,49.9805],[21.1503,49.9787],[21.1507,49.9761],[21.1516,49.9756],[21.1529,49.9741],[21.1541,49.9742],[21.1545,49.973],[21.1555,49.9729],[21.1565,49.9719],[21.1577,49.9702],[21.1588,49.9676],[21.1607,49.9665],[21.161,49.9646],[21.1608,49.9617],[21.1604,49.9607],[21.1605,49.9578],[21.1614,49.9563],[21.1614,49.9555],[21.162,49.9548],[21.1617,49.9545],[21.1614,49.952],[21.161,49.9509],[21.1635,49.9507],[21.1633,49.9496],[21.1652,49.9493],[21.1652,49.9486],[21.1657,49.9484],[21.1655,49.9454],[21.1677,49.9449],[21.1692,49.9443],[21.1699,49.9446],[21.1708,49.9442],[21.1718,49.9426],[21.1714,49.9414],[21.1722,49.9397],[21.1718,49.9388],[21.1721,49.9381],[21.1716,49.9379],[21.1717,49.937],[21.1728,49.9357],[21.1731,49.935],[21.1745,49.9342],[21.1753,49.9335],[21.1765,49.9328],[21.1774,49.9317],[21.1776,49.9309],[21.1782,49.9305],[21.179,49.9295],[21.1791,49.9287],[21.1797,49.9283],[21.1805,49.9283],[21.1826,49.9278],[21.1847,49.9275],[21.1852,49.9272],[21.1867,49.9278],[21.1876,49.9284],[21.1885,49.9287],[21.1902,49.9298],[21.1925,49.9316],[21.1942,49.9314],[21.1971,49.9313],[21.1988,49.9307],[21.2004,49.9304],[21.2041,49.9303],[21.2054,49.93],[21.2068,49.93],[21.2115,49.9293],[21.2127,49.9293],[21.2154,49.929],[21.2194,49.929],[21.2206,49.9288],[21.2215,49.929],[21.223,49.929],[21.2236,49.9292],[21.2251,49.9289],[21.2261,49.9291],[21.2286,49.929],[21.2309,49.9287],[21.2315,49.929],[21.2327,49.929],[21.2338,49.9293],[21.2355,49.9294],[21.2374,49.9298],[21.2407,49.9297],[21.2428,49.93],[21.2452,49.9305],[21.248,49.9304],[21.2491,49.9308],[21.2494,49.9301],[21.2506,49.9294],[21.2527,49.9288],[21.2536,49.9298],[21.2565,49.9295],[21.2578,49.9291],[21.2582,49.9284],[21.258,49.9274],[21.2601,49.927],[21.2634,49.9269],[21.2652,49.9266],[21.2671,49.9267],[21.2686,49.9265],[21.2707,49.9266],[21.2722,49.9268],[21.2738,49.9272],[21.2755,49.9273],[21.2772,49.928],[21.2781,49.9281],[21.2797,49.9274],[21.2827,49.9259],[21.2834,49.9251],[21.2839,49.925],[21.284,49.9242],[21.2847,49.9241],[21.2852,49.9222],[21.2856,49.9218],[21.2861,49.9199],[21.2861,49.919],[21.2867,49.9181],[21.2867,49.9175],[21.2873,49.9162],[21.2879,49.9141],[21.288,49.9107],[21.2882,49.9094],[21.2873,49.9068],[21.2869,49.9067],[21.2869,49.9058],[21.2858,49.9028],[21.2845,49.9007],[21.2843,49.8997],[21.2839,49.8993],[21.2834,49.8977],[21.2823,49.8957],[21.2812,49.8947],[21.2813,49.8934],[21.2799,49.8925],[21.2796,49.892],[21.2783,49.8915],[21.2762,49.8913],[21.2748,49.8901],[21.2732,49.8893],[21.2686,49.8878],[21.2677,49.8878],[21.2662,49.8873],[21.2658,49.8874],[21.2634,49.8856],[21.2626,49.8859],[21.261,49.8859],[21.261,49.8849],[21.2602,49.8848],[21.2552,49.8848],[21.2546,49.8847],[21.2534,49.8851],[21.2519,49.8851],[21.2514,49.8848],[21.2501,49.8848],[21.2487,49.8845],[21.2475,49.8848],[21.2453,49.8851],[21.2436,49.8852],[21.2429,49.8849],[21.2412,49.8849],[21.2408,49.8845],[21.2387,49.8842],[21.2377,49.8842],[21.2363,49.8839],[21.2339,49.8836],[21.2307,49.8837],[21.2297,49.8849],[21.2286,49.8856],[21.2273,49.8867],[21.2261,49.8855],[21.2254,49.8841],[21.2257,49.8827],[21.2266,49.8822],[21.2269,49.8813],[21.2282,49.8783],[21.2284,49.877],[21.2277,49.8751],[21.2269,49.8739],[21.226,49.8712],[21.2263,49.8702],[21.2278,49.8673],[21.2273,49.8655],[21.2276,49.8648],[21.2275,49.8638],[21.2282,49.8631],[21.2284,49.862],[21.2281,49.8617],[21.2282,49.8608],[21.2276,49.8597],[21.2271,49.8579],[21.2265,49.8578],[21.2258,49.8572],[21.2257,49.8559],[21.225,49.8546],[21.2247,49.853],[21.2254,49.8523],[21.2269,49.8516],[21.2285,49.8514],[21.2295,49.8508],[21.2306,49.8508],[21.2343,49.8501],[21.2359,49.8498],[21.2385,49.8477],[21.2401,49.847],[21.2407,49.8465],[21.2426,49.8457],[21.2446,49.8455],[21.2467,49.8446],[21.2468,49.8438],[21.2475,49.8438],[21.2489,49.8425],[21.2502,49.8415],[21.2507,49.8415],[21.252,49.8409],[21.2543,49.841],[21.2551,49.8408],[21.2563,49.8413],[21.2573,49.8413],[21.2591,49.8418],[21.2608,49.8418],[21.2626,49.8415],[21.2632,49.8408],[21.264,49.8407],[21.2648,49.8401],[21.2659,49.8405],[21.2662,49.8415],[21.2653,49.8427],[21.2644,49.8429],[21.2653,49.8437],[21.2677,49.8446],[21.2688,49.8452],[21.2695,49.8451],[21.2694,49.844],[21.2698,49.843],[21.2709,49.8432],[21.2729,49.8432],[21.2749,49.8435],[21.2755,49.8438],[21.2771,49.8438],[21.2777,49.844],[21.2797,49.8453],[21.2829,49.8457],[21.2857,49.8452],[21.2882,49.8442],[21.292,49.8434],[21.2938,49.8433],[21.2962,49.8428],[21.2971,49.8429],[21.3008,49.8414],[21.302,49.841],[21.3046,49.8399],[21.3049,49.8399],[21.3114,49.8374],[21.3145,49.8361],[21.3168,49.8353],[21.3171,49.8337],[21.3193,49.8325],[21.3211,49.8311],[21.322,49.8298],[21.3229,49.8295],[21.3241,49.8296],[21.3247,49.8293],[21.3255,49.8295],[21.3273,49.829],[21.328,49.8286],[21.3302,49.8285],[21.3317,49.8283],[21.3341,49.8274],[21.3358,49.8273],[21.3374,49.8267],[21.3381,49.8262],[21.3386,49.825],[21.3395,49.8246],[21.3398,49.8233],[21.3402,49.8228],[21.3401,49.8222],[21.3395,49.8219],[21.3397,49.82],[21.3411,49.8187],[21.3423,49.8184],[21.3439,49.8163],[21.3465,49.8159],[21.3481,49.8154],[21.3489,49.8147],[21.3471,49.8142],[21.3458,49.814],[21.3409,49.8127],[21.3395,49.8119],[21.3359,49.812],[21.3346,49.8117],[21.3343,49.8113],[21.3322,49.8108],[21.3334,49.8094],[21.3357,49.8078],[21.3343,49.807],[21.3322,49.8062],[21.3312,49.8054],[21.3309,49.8046],[21.3303,49.8039],[21.3289,49.8039],[21.3263,49.8036],[21.3246,49.8036],[21.322,49.8034],[21.3211,49.8031],[21.3202,49.8009],[21.3195,49.8002],[21.3183,49.8],[21.318,49.7994],[21.3166,49.7993],[21.3165,49.799],[21.315,49.7982],[21.3133,49.7985],[21.3127,49.7984],[21.312,49.7973],[21.3105,49.7967],[21.3087,49.7969],[21.3084,49.7961],[21.3053,49.7966],[21.3029,49.7969],[21.2998,49.7969],[21.2981,49.7986],[21.2977,49.7994],[21.2961,49.8002],[21.2948,49.8006],[21.2916,49.8007],[21.291,49.8012],[21.2901,49.8013],[21.2863,49.8013],[21.2844,49.8016],[21.2835,49.8019],[21.2825,49.804],[21.2811,49.8049],[21.2806,49.8057],[21.2791,49.8053],[21.2761,49.8039],[21.2752,49.8027],[21.2713,49.7992],[21.2698,49.7983],[21.2695,49.7975],[21.2689,49.7971],[21.2686,49.7958],[21.2691,49.7954],[21.2706,49.795],[21.2706,49.7941],[21.2692,49.7936],[21.2664,49.7935],[21.2622,49.7929],[21.2603,49.7928],[21.2591,49.7924],[21.2557,49.7917],[21.2539,49.7917],[21.2536,49.7919],[21.2515,49.7922],[21.2499,49.7881],[21.2485,49.7876],[21.2464,49.7855],[21.2456,49.7845],[21.246,49.7822],[21.2458,49.7813],[21.2451,49.7801],[21.2431,49.7784],[21.2424,49.7774],[21.2418,49.7761],[21.2385,49.777],[21.2361,49.7769],[21.2328,49.7774],[21.232,49.7777],[21.2296,49.7777],[21.2266,49.7781],[21.2254,49.7784],[21.2231,49.7786],[21.2206,49.7792],[21.2186,49.7795],[21.2175,49.7793],[21.2173,49.7788],[21.2141,49.7791],[21.2116,49.7796],[21.2106,49.7796],[21.2083,49.7801],[21.207,49.7802],[21.205,49.7807],[21.2002,49.7805],[21.1988,49.7799],[21.1959,49.7792],[21.192,49.7793],[21.1877,49.7786],[21.1831,49.7788],[21.1773,49.78],[21.1758,49.7804],[21.1739,49.7807],[21.1711,49.7809],[21.1689,49.7815],[21.1677,49.7817],[21.1661,49.7817],[21.1639,49.7813],[21.1626,49.7813],[21.16,49.7817],[21.1576,49.7816],[21.1568,49.7797],[21.1546,49.7778],[21.1526,49.7769],[21.1514,49.7757],[21.15,49.7751],[21.1458,49.7736],[21.1437,49.7727],[21.1421,49.7715],[21.1418,49.7716],[21.1391,49.7704],[21.1381,49.7697],[21.1359,49.7697],[21.1337,49.7707],[21.1293,49.7721],[21.1285,49.7725],[21.1275,49.7726],[21.1259,49.7733],[21.1248,49.7733],[21.1239,49.7736],[21.1227,49.7737],[21.1208,49.7741],[21.1199,49.7731],[21.1189,49.7723],[21.1182,49.7703],[21.1173,49.7706],[21.1164,49.7705],[21.1162,49.7697],[21.1156,49.7691],[21.1144,49.7686],[21.114,49.7682],[21.113,49.7688],[21.112,49.7691],[21.1115,49.7701],[21.1119,49.7717],[21.1104,49.772],[21.1092,49.771],[21.1095,49.7699],[21.109,49.7695],[21.1069,49.7706],[21.1041,49.7713],[21.1036,49.7719],[21.1028,49.772],[21.1018,49.7711],[21.1008,49.7695],[21.1011,49.7686],[21.1004,49.7677],[21.0993,49.7669],[21.0988,49.7661],[21.0973,49.7644],[21.0955,49.7628],[21.094,49.7621],[21.092,49.7607],[21.0896,49.7596],[21.0869,49.7582],[21.0856,49.7573],[21.0843,49.757],[21.0823,49.7562],[21.0809,49.7559],[21.0762,49.7534],[21.0744,49.753],[21.071,49.7518],[21.0687,49.7496],[21.0675,49.7483],[21.0655,49.7468],[21.0646,49.7476],[21.0599,49.7499],[21.0576,49.7513],[21.0561,49.7529],[21.0554,49.7545],[21.0539,49.755],[21.0516,49.7564],[21.0498,49.7572],[21.0488,49.758],[21.0483,49.7587],[21.047,49.7598],[21.0439,49.7619],[21.0421,49.7626],[21.0415,49.7633],[21.0416,49.765],[21.0411,49.7669],[21.0412,49.7682],[21.0408,49.7687],[21.0407,49.7698],[21.04,49.7704],[21.0395,49.7702],[21.0378,49.7702],[21.037,49.7684],[21.0358,49.7675],[21.0345,49.7669],[21.0312,49.7651],[21.0301,49.7641],[21.0275,49.7633],[21.0251,49.7633],[21.021,49.7628],[21.02,49.7628],[21.0141,49.7618],[21.012,49.7618],[21.0083,49.7613],[21.0062,49.7612],[21.0039,49.7609],[21.0034,49.761],[21.0025,49.7605],[21.0007,49.7602],[21,49.7598],[21.0011,49.7588],[21.0002,49.7554],[21.0003,49.7538],[21.0015,49.7519],[21.0037,49.7492],[21.0048,49.7487],[21.0062,49.7478],[21.0056,49.7471],[21.0012,49.7451],[20.9986,49.7444],[20.9938,49.7438],[20.9908,49.7439],[20.986,49.7429],[20.9826,49.7424],[20.9811,49.742],[20.9786,49.7417],[20.977,49.7417],[20.974,49.7423],[20.9714,49.7432],[20.9707,49.7433],[20.9687,49.7441],[20.9669,49.7452],[20.9643,49.7462],[20.9634,49.7468],[20.9612,49.7474],[20.9597,49.7474],[20.9578,49.746],[20.9574,49.7455],[20.9563,49.745],[20.9564,49.7441],[20.9557,49.7431],[20.9537,49.7416],[20.9515,49.7413],[20.9483,49.7413],[20.946,49.7415],[20.9456,49.7403],[20.9458,49.739],[20.9456,49.738],[20.9436,49.7371],[20.9433,49.7363],[20.9421,49.736],[20.9412,49.7351],[20.94,49.7342],[20.94,49.7338],[20.9417,49.733],[20.9424,49.7321],[20.9433,49.7317],[20.9434,49.7312],[20.9409,49.7302],[20.9403,49.7297],[20.9396,49.7285],[20.9388,49.7284],[20.9382,49.7289],[20.9364,49.7294],[20.9351,49.7286],[20.9331,49.7286],[20.9314,49.7296],[20.9303,49.7298],[20.9268,49.7309],[20.9254,49.7308],[20.9245,49.7311],[20.9218,49.7307],[20.9202,49.7315],[20.9194,49.7315],[20.9188,49.7321],[20.9177,49.732],[20.9175,49.7337],[20.9164,49.7342],[20.9151,49.7351],[20.914,49.7371],[20.9118,49.7391],[20.9111,49.7393],[20.9094,49.7402],[20.9061,49.7374],[20.9043,49.7355],[20.9014,49.7337],[20.902,49.733],[20.9017,49.7327],[20.9004,49.7324],[20.8974,49.7321],[20.8949,49.7325],[20.8917,49.732],[20.8893,49.7318],[20.884,49.7315],[20.8826,49.7317],[20.8824,49.7318],[20.877,49.7326],[20.8755,49.7331],[20.873,49.7336],[20.8708,49.7353],[20.8698,49.7362],[20.8684,49.7369],[20.8691,49.7376],[20.8709,49.7381],[20.8734,49.7373],[20.8756,49.7402],[20.8758,49.7413],[20.8746,49.7416],[20.8729,49.7418],[20.8731,49.7435],[20.8683,49.7437],[20.8676,49.7434],[20.8663,49.7449],[20.8659,49.7462],[20.8653,49.7465],[20.8663,49.7471],[20.8664,49.7479],[20.8659,49.7486],[20.866,49.7507],[20.8656,49.751],[20.8611,49.7523],[20.8589,49.7519],[20.8584,49.7511],[20.8564,49.7507],[20.8558,49.7503],[20.8543,49.7502],[20.8548,49.752],[20.8539,49.7518],[20.8535,49.7511],[20.8528,49.7506],[20.8517,49.7504],[20.8502,49.7509],[20.8505,49.7515],[20.8493,49.7531],[20.8506,49.7536],[20.8515,49.7537],[20.8512,49.7543],[20.8499,49.7546],[20.85,49.7552],[20.849,49.7557],[20.8487,49.7567],[20.8479,49.7577],[20.8467,49.7585],[20.8466,49.7597],[20.8481,49.7608],[20.848,49.7614],[20.8463,49.7626],[20.8464,49.763],[20.8453,49.7639],[20.8434,49.7638],[20.8416,49.7643],[20.8405,49.7648],[20.8397,49.7658],[20.8372,49.7652],[20.8365,49.7644],[20.8345,49.7638],[20.8334,49.7626],[20.8325,49.762],[20.8308,49.7615],[20.8322,49.7634],[20.8322,49.7639],[20.8314,49.7641],[20.8305,49.7648],[20.8293,49.7648],[20.8275,49.7652],[20.827,49.7656],[20.8256,49.766],[20.8249,49.7658],[20.824,49.765],[20.8229,49.7647],[20.8225,49.7643],[20.8216,49.7649],[20.8205,49.7652],[20.8196,49.7664],[20.8185,49.7664],[20.8183,49.7672],[20.8169,49.768],[20.8159,49.7678],[20.815,49.7683],[20.8145,49.7681],[20.8126,49.7682],[20.812,49.7689],[20.8112,49.7688],[20.8098,49.7696],[20.8078,49.7699],[20.8077,49.7705],[20.8069,49.7714],[20.8048,49.772],[20.8032,49.7731],[20.8024,49.7744],[20.8016,49.7747],[20.8,49.7738],[20.7988,49.7741],[20.7978,49.7741],[20.7962,49.7744],[20.7928,49.776],[20.7921,49.7766],[20.7907,49.7774],[20.7886,49.7784],[20.7877,49.7791],[20.7871,49.7799],[20.7859,49.781],[20.7846,49.7814],[20.7839,49.781],[20.7831,49.7814],[20.7822,49.7814],[20.7808,49.7819],[20.7803,49.7826],[20.7781,49.784],[20.7773,49.7838],[20.7762,49.7841],[20.7758,49.7847],[20.7747,49.7851],[20.7742,49.7857],[20.7709,49.786],[20.77,49.7864],[20.7693,49.7862],[20.7668,49.7864],[20.7661,49.7862],[20.7654,49.7867],[20.7644,49.7869],[20.7634,49.7878],[20.7626,49.7882],[20.7615,49.7884],[20.7562,49.7891],[20.7544,49.7887],[20.7501,49.7883],[20.7486,49.7873],[20.7467,49.7869],[20.7451,49.7868],[20.7407,49.7868],[20.7393,49.7871],[20.7379,49.7876],[20.7377,49.788],[20.7368,49.7882],[20.7367,49.7898],[20.7369,49.7908],[20.7401,49.7929],[20.7412,49.7931],[20.7428,49.7942],[20.7422,49.7952],[20.7409,49.7962],[20.7399,49.7973],[20.7395,49.7987],[20.7395,49.8001],[20.7368,49.8003],[20.7348,49.8007],[20.7339,49.8013],[20.7296,49.8027],[20.7272,49.8033],[20.7257,49.8039],[20.7228,49.8048],[20.7194,49.8063],[20.7181,49.8065],[20.7146,49.8064],[20.7132,49.8066],[20.7132,49.8075],[20.7123,49.8076],[20.7128,49.8083],[20.7131,49.8097],[20.7129,49.8101],[20.7116,49.811],[20.7114,49.8128],[20.7122,49.8129],[20.7128,49.8143],[20.7127,49.8149],[20.7134,49.8155],[20.713,49.8162],[20.7143,49.8177],[20.7141,49.8194],[20.7134,49.8207],[20.7135,49.8214],[20.7123,49.8231],[20.7128,49.8239],[20.711,49.8273],[20.7108,49.8281],[20.7094,49.8291],[20.7053,49.8289],[20.7021,49.8298],[20.7012,49.8303],[20.6993,49.8322],[20.6985,49.8335],[20.6979,49.8365],[20.7001,49.8363],[20.7026,49.8354],[20.7047,49.8342],[20.7053,49.834],[20.7072,49.8341],[20.7089,49.8346],[20.7099,49.8351],[20.7111,49.8361],[20.7121,49.8383],[20.7123,49.8402],[20.713,49.8425],[20.7135,49.8451],[20.7139,49.8484],[20.7148,49.8511],[20.7164,49.852],[20.7181,49.8525],[20.7244,49.8537],[20.727,49.8547],[20.7292,49.8553],[20.7309,49.8556],[20.733,49.8558],[20.7333,49.857],[20.735,49.858],[20.7346,49.8588],[20.7349,49.8596],[20.7362,49.8607],[20.7347,49.8644],[20.7319,49.8643],[20.7315,49.8661],[20.7341,49.8665],[20.7335,49.8674],[20.7329,49.8678],[20.7316,49.8675],[20.7312,49.8683],[20.7266,49.8683],[20.7255,49.8705],[20.7243,49.8712],[20.7233,49.8733],[20.7231,49.8747],[20.7213,49.8753],[20.72,49.8754],[20.7186,49.8759],[20.7177,49.876],[20.7178,49.8765],[20.719,49.8774],[20.7187,49.8785],[20.7199,49.8789],[20.7201,49.8795],[20.7209,49.8803],[20.7226,49.8813],[20.7234,49.8812],[20.7246,49.8819],[20.726,49.882],[20.7302,49.882],[20.7319,49.8818],[20.7317,49.8824],[20.7331,49.8832],[20.7326,49.8837],[20.7327,49.8853],[20.7341,49.8856],[20.7352,49.8865],[20.7365,49.8867],[20.7354,49.8878],[20.7351,49.8884],[20.7328,49.8911],[20.7313,49.8935],[20.7318,49.8942],[20.7283,49.8947],[20.7286,49.896],[20.7273,49.8961],[20.7271,49.8948],[20.7246,49.8951],[20.7232,49.8979],[20.7229,49.8989],[20.7246,49.899],[20.7265,49.9003],[20.7286,49.9008],[20.7288,49.9011],[20.7273,49.9018],[20.7285,49.9021],[20.7307,49.9023],[20.7308,49.9032],[20.7321,49.9029],[20.7357,49.9029],[20.7362,49.9032],[20.7374,49.9031],[20.7385,49.9034],[20.7392,49.9029],[20.7404,49.9027],[20.7412,49.902],[20.7436,49.901],[20.7447,49.9011],[20.7461,49.9003],[20.7472,49.9001],[20.7491,49.8993],[20.7515,49.899],[20.7527,49.8991],[20.7555,49.8991],[20.757,49.8986],[20.7585,49.8984],[20.7592,49.8979],[20.7606,49.8976],[20.7642,49.8978],[20.7651,49.898],[20.7652,49.8998],[20.7667,49.9014],[20.7675,49.902],[20.7676,49.9034],[20.7689,49.9044],[20.7701,49.9042],[20.7718,49.9042],[20.7728,49.9035],[20.7744,49.9038],[20.7746,49.9049],[20.7752,49.9057],[20.7763,49.9065],[20.7769,49.9066],[20.7749,49.9078],[20.7727,49.9084],[20.7705,49.9093],[20.769,49.9097],[20.767,49.9105],[20.7656,49.9112],[20.7616,49.9126],[20.761,49.9127],[20.7566,49.9142],[20.7555,49.9147],[20.7535,49.9159],[20.7537,49.9174],[20.7522,49.9173],[20.7513,49.9177],[20.7513,49.9181],[20.753,49.9185],[20.7537,49.9189],[20.7572,49.92],[20.7592,49.9204],[20.7596,49.9207],[20.7588,49.9218],[20.7584,49.9229],[20.7583,49.9252],[20.7579,49.9261],[20.7575,49.9271],[20.7576,49.9271],[20.7575,49.9271],[20.7576,49.9271],[20.7579,49.928],[20.7585,49.9285],[20.7582,49.9293],[20.7576,49.93],[20.7568,49.9302],[20.7562,49.9311],[20.7561,49.9322],[20.7556,49.933],[20.7546,49.9339],[20.7546,49.9347],[20.7537,49.9357],[20.7538,49.9365],[20.7534,49.9368],[20.7529,49.9377],[20.7532,49.9381],[20.7534,49.9394],[20.7541,49.94],[20.754,49.94],[20.7541,49.94],[20.7553,49.9406],[20.7558,49.9414],[20.7569,49.9416],[20.757,49.9421],[20.7581,49.9425],[20.7596,49.9421],[20.7625,49.9422],[20.7634,49.9426],[20.7655,49.9422],[20.767,49.9422],[20.7676,49.9424],[20.7702,49.9423],[20.7716,49.9431],[20.7729,49.9435],[20.7751,49.9446],[20.7762,49.9454],[20.7778,49.9458],[20.7798,49.9476],[20.7826,49.9486],[20.7838,49.9492],[20.7871,49.9503],[20.7868,49.9512],[20.7882,49.952],[20.7893,49.9531],[20.7908,49.9534],[20.7921,49.9534],[20.793,49.9537],[20.7929,49.9543],[20.7918,49.9547],[20.7903,49.9558],[20.7892,49.9561],[20.7872,49.957],[20.7831,49.9576],[20.7812,49.9584],[20.779,49.9581],[20.7765,49.9587],[20.7744,49.9602],[20.7737,49.9601],[20.7728,49.9606],[20.7715,49.9606],[20.7713,49.9611],[20.77,49.9607],[20.768,49.9608],[20.767,49.9611],[20.7668,49.9618],[20.7632,49.9623],[20.762,49.9623],[20.7602,49.9632],[20.7577,49.9636],[20.7556,49.9636],[20.7555,49.9651],[20.756,49.9657],[20.7563,49.9666],[20.7563,49.968],[20.7572,49.9683],[20.7558,49.9692],[20.7557,49.9697],[20.7561,49.9708],[20.7557,49.9718],[20.7563,49.9722],[20.7559,49.9738],[20.7569,49.9748],[20.7581,49.9749],[20.7579,49.9754],[20.7588,49.9756],[20.7591,49.9769],[20.7599,49.9775],[20.7616,49.9784],[20.7623,49.9785],[20.7623,49.9793],[20.7637,49.9801],[20.7639,49.9808],[20.765,49.9812],[20.7652,49.9816],[20.7646,49.9822],[20.7652,49.9837],[20.7649,49.9854],[20.7639,49.9867],[20.7633,49.9869],[20.7634,49.9875],[20.7617,49.9878],[20.7619,49.9888],[20.7612,49.9892],[20.7604,49.9891],[20.759,49.9904],[20.759,49.991],[20.758,49.992],[20.758,49.9929],[20.7584,49.9935],[20.7569,49.9939],[20.7564,49.9945],[20.7564,49.9952],[20.7572,49.9954],[20.7565,49.996],[20.757,49.9965],[20.7569,49.9972],[20.7573,49.999],[20.756,49.9993],[20.7554,49.9999],[20.7542,50.0001],[20.7539,50.0012],[20.7518,50.0016],[20.7513,50.0023],[20.7501,50.0025],[20.7486,50.0023],[20.7483,50.0036],[20.7488,50.0038],[20.7486,50.0045],[20.7473,50.0049],[20.7479,50.0057],[20.7479,50.0063],[20.7468,50.0066],[20.7468,50.0071],[20.7461,50.0074],[20.7464,50.0079],[20.7478,50.0089],[20.7484,50.01],[20.7514,50.0131],[20.7534,50.0129],[20.7537,50.0134],[20.7548,50.0128],[20.7559,50.0134],[20.7564,50.0132],[20.7607,50.0136],[20.7632,50.0139],[20.7629,50.0153],[20.7638,50.0157],[20.7644,50.017],[20.7645,50.0183],[20.7649,50.0196],[20.7654,50.0201],[20.7678,50.0196],[20.769,50.0202],[20.7703,50.0198],[20.773,50.0194],[20.7759,50.0179],[20.7797,50.0176],[20.7786,50.0153],[20.777,50.0138],[20.7749,50.0122],[20.773,50.0095],[20.7719,50.0093],[20.7727,50.0075],[20.7782,50.0074],[20.7808,50.0072],[20.7852,50.007],[20.7859,50.0069],[20.7866,50.0119],[20.7868,50.0129],[20.7871,50.0166],[20.7847,50.0165],[20.782,50.0174],[20.7861,50.0189],[20.7888,50.0197],[20.7922,50.0209],[20.796,50.022],[20.798,50.0225],[20.7982,50.0228],[20.7983,50.0248],[20.7982,50.0257],[20.7915,50.0276],[20.7879,50.0282],[20.7855,50.0285],[20.7838,50.0289],[20.7805,50.0294],[20.7747,50.0301],[20.7729,50.0302],[20.77,50.0306],[20.7652,50.031],[20.7628,50.0306],[20.762,50.0307],[20.7593,50.03],[20.7566,50.0307],[20.7556,50.0317],[20.755,50.0329],[20.7552,50.0337],[20.7564,50.0344],[20.7558,50.0357],[20.7566,50.0359],[20.7578,50.0367],[20.759,50.038],[20.7583,50.0384],[20.7584,50.0394],[20.7575,50.0401],[20.7571,50.0415],[20.756,50.0424],[20.7563,50.0435],[20.7574,50.0438],[20.7572,50.0448],[20.7574,50.0456],[20.7581,50.0463],[20.7579,50.0474],[20.7573,50.0483],[20.7569,50.0495],[20.757,50.0516],[20.7576,50.0527],[20.7601,50.0541],[20.7619,50.0545],[20.7636,50.056],[20.7651,50.0567],[20.7665,50.0567],[20.7691,50.0574],[20.7702,50.058],[20.7731,50.0611],[20.774,50.0626],[20.7745,50.0643],[20.7756,50.0657],[20.776,50.0665],[20.7776,50.0679],[20.7788,50.0687],[20.781,50.0694],[20.7821,50.0696],[20.7825,50.0701],[20.7813,50.0702],[20.7791,50.0758],[20.778,50.0788],[20.7757,50.0848],[20.7742,50.0879],[20.7763,50.089],[20.7764,50.0899],[20.7788,50.0903],[20.7813,50.0914],[20.7805,50.0916],[20.7799,50.0922],[20.7782,50.0931],[20.7767,50.0928],[20.7756,50.0942],[20.7752,50.0941],[20.7725,50.0982],[20.7719,50.0988],[20.7694,50.1024],[20.7695,50.1027],[20.7608,50.1025],[20.7592,50.1062],[20.7584,50.1083],[20.7568,50.1117],[20.7507,50.1107],[20.7493,50.1104],[20.7466,50.1101],[20.744,50.1097],[20.7424,50.1104],[20.7442,50.1128],[20.7414,50.1132],[20.739,50.1139],[20.7391,50.113],[20.7351,50.1133],[20.7345,50.1174],[20.7361,50.1176],[20.7402,50.1183],[20.7447,50.1189],[20.7488,50.1196],[20.7513,50.1199],[20.7542,50.1204],[20.7559,50.1206],[20.755,50.1233],[20.7531,50.1286],[20.7586,50.1293],[20.7609,50.1297],[20.7643,50.1301],[20.7612,50.1325],[20.7593,50.1333],[20.7586,50.134],[20.7574,50.1356],[20.7552,50.1379],[20.7535,50.1417],[20.7518,50.143],[20.7493,50.1446],[20.7481,50.1452],[20.747,50.1461],[20.7462,50.1477],[20.7446,50.1477],[20.7415,50.1483],[20.7387,50.149],[20.7376,50.1489],[20.7365,50.1492],[20.735,50.1493],[20.733,50.1499],[20.7301,50.1503],[20.7283,50.1514],[20.7258,50.1514],[20.7237,50.1517],[20.7186,50.1527],[20.7151,50.1535],[20.7146,50.1535],[20.711,50.1542],[20.709,50.1545],[20.707,50.1555],[20.7062,50.1562],[20.7042,50.1573],[20.7029,50.1588],[20.7007,50.1604],[20.6996,50.1616],[20.6979,50.163],[20.6967,50.1637],[20.697,50.1643],[20.6994,50.1661],[20.6966,50.1692],[20.6991,50.1692],[20.7002,50.1708],[20.7003,50.1721],[20.7015,50.1743],[20.7014,50.1759],[20.701,50.1791],[20.7015,50.1809],[20.7021,50.1816],[20.7018,50.1821],[20.7028,50.1829],[20.703,50.1835],[20.7021,50.1856],[20.702,50.1863],[20.7028,50.1875],[20.704,50.1881],[20.706,50.1888],[20.7066,50.1893],[20.7059,50.1898],[20.7042,50.1906],[20.6987,50.1906],[20.6973,50.1912],[20.6966,50.1926],[20.695,50.1934],[20.6939,50.1945],[20.6926,50.1951],[20.6919,50.1963],[20.6896,50.1978],[20.6871,50.1984],[20.6866,50.1989],[20.6851,50.1993],[20.6831,50.1993],[20.6823,50.2006],[20.6815,50.2008],[20.6817,50.2014],[20.6817,50.2045],[20.6815,50.2059],[20.6813,50.2077],[20.6809,50.2088],[20.6796,50.2115],[20.6794,50.2124],[20.6797,50.2144],[20.6805,50.2156],[20.6829,50.217],[20.6853,50.2177],[20.6866,50.2179],[20.6896,50.2179],[20.6926,50.2176],[20.6957,50.2168],[20.6987,50.2165],[20.7017,50.217],[20.7036,50.2182],[20.7047,50.2198],[20.7055,50.2217],[20.7057,50.2238],[20.7062,50.2252],[20.7072,50.2264],[20.7097,50.2277],[20.7131,50.2289],[20.7151,50.2293],[20.7165,50.2294],[20.7183,50.2293],[20.7233,50.2294],[20.7268,50.2298],[20.7278,50.2301],[20.7295,50.2309],[20.7304,50.2316],[20.7313,50.2333],[20.731,50.2353],[20.7281,50.2412],[20.728,50.2428]],[[20.8937,50.0121],[20.896,50.0115],[20.8963,50.0103],[20.8967,50.0101],[20.8987,50.0115],[20.9006,50.0124],[20.9021,50.0136],[20.9027,50.0132],[20.9058,50.0128],[20.9084,50.0111],[20.9091,50.0104],[20.9108,50.0092],[20.911,50.0069],[20.9102,50.0059],[20.9085,50.0049],[20.9064,50.005],[20.9036,50.0036],[20.9046,50.0031],[20.9036,50.0025],[20.904,50.0021],[20.9044,50.0001],[20.9056,49.9998],[20.9064,50.0001],[20.9078,49.9999],[20.9089,50],[20.9101,49.9988],[20.9128,49.9986],[20.9148,49.9986],[20.9214,49.9977],[20.9203,49.9938],[20.9175,49.9938],[20.9156,49.9934],[20.9148,49.9914],[20.9133,49.9888],[20.9135,49.9884],[20.9215,49.9868],[20.9229,49.9868],[20.9245,49.986],[20.9253,49.9861],[20.9263,49.9868],[20.9269,49.9866],[20.9277,49.9858],[20.9284,49.9862],[20.9277,49.9871],[20.9288,49.9874],[20.9297,49.9871],[20.9331,49.9866],[20.9348,49.986],[20.9354,49.9876],[20.9368,49.9894],[20.9371,49.9905],[20.9399,49.9922],[20.9409,49.9919],[20.9451,49.9916],[20.9469,49.9914],[20.9492,49.9909],[20.9499,49.9884],[20.9498,49.9877],[20.9532,49.9869],[20.9558,49.9864],[20.9563,49.9862],[20.9585,49.9861],[20.9589,49.9865],[20.9596,49.9885],[20.9602,49.9898],[20.9616,49.9908],[20.9628,49.9907],[20.9641,49.99],[20.9657,49.9882],[20.9657,49.9875],[20.9666,49.9869],[20.9672,49.9858],[20.9676,49.9857],[20.9696,49.9867],[20.9707,49.9878],[20.9721,49.9882],[20.9728,49.988],[20.9757,49.9884],[20.9773,49.9884],[20.9773,49.9889],[20.9794,49.9893],[20.981,49.9889],[20.9818,49.9889],[20.9854,49.9885],[20.9886,49.9878],[20.9897,49.9877],[20.9905,49.988],[20.9933,49.9879],[20.9946,49.9881],[20.9959,49.9886],[20.9974,49.9886],[20.999,49.9882],[20.9998,49.9883],[21.0009,49.9879],[21.0017,49.9879],[21.004,49.9875],[21.0053,49.9875],[21.0055,49.9878],[21.0077,49.9877],[21.0094,49.988],[21.0105,49.9879],[21.0131,49.9883],[21.0139,49.9881],[21.0149,49.989],[21.0146,49.9902],[21.016,49.9914],[21.0187,49.9913],[21.0195,49.99],[21.0206,49.9899],[21.0218,49.9895],[21.0241,49.9894],[21.024,49.9901],[21.0248,49.9915],[21.0247,49.9931],[21.0239,49.9949],[21.023,49.9975],[21.0224,50.0018],[21.0224,50.003],[21.0217,50.0044],[21.022,50.0048],[21.0233,50.004],[21.0244,50.0039],[21.0246,50.0032],[21.0255,50.0031],[21.0266,50.0035],[21.027,50.0046],[21.0279,50.0053],[21.0282,50.0066],[21.0286,50.0068],[21.0302,50.0066],[21.0352,50.0048],[21.0361,50.0039],[21.0381,50.0035],[21.039,50.0038],[21.0391,50.0048],[21.0419,50.0039],[21.0441,50.0058],[21.0469,50.0064],[21.0484,50.0069],[21.051,50.0089],[21.0524,50.0103],[21.0545,50.0133],[21.0552,50.0139],[21.0568,50.0141],[21.0601,50.0141],[21.0611,50.0152],[21.0623,50.0156],[21.0606,50.0168],[21.0568,50.0182],[21.0552,50.0187],[21.0542,50.0193],[21.0512,50.0202],[21.0487,50.0207],[21.0474,50.0211],[21.0464,50.0217],[21.0449,50.0223],[21.0439,50.023],[21.0422,50.0235],[21.0403,50.0239],[21.0382,50.0237],[21.0371,50.0232],[21.0361,50.0224],[21.0345,50.0226],[21.034,50.0242],[21.0336,50.0249],[21.0333,50.0262],[21.0333,50.0282],[21.0331,50.0287],[21.0331,50.0319],[21.033,50.0327],[21.0337,50.0338],[21.0347,50.0348],[21.0355,50.0367],[21.0355,50.0387],[21.0358,50.04],[21.0356,50.0417],[21.0345,50.0439],[21.034,50.0452],[21.0341,50.0469],[21.0347,50.0486],[21.0347,50.0505],[21.0336,50.0527],[21.0332,50.053],[21.0315,50.0529],[21.0298,50.054],[21.0286,50.0545],[21.0263,50.0552],[21.0246,50.055],[21.0223,50.055],[21.0212,50.0547],[21.0216,50.0537],[21.0215,50.0531],[21.0191,50.0535],[21.0181,50.0534],[21.0163,50.0539],[21.0159,50.0537],[21.012,50.0536],[21.0116,50.0532],[21.0101,50.0532],[21.0087,50.0534],[21.0129,50.0609],[21.0122,50.0619],[21.0116,50.0622],[21.0056,50.0633],[21.0026,50.064],[21.0003,50.0643],[20.9967,50.0649],[20.9934,50.0649],[20.9932,50.0646],[20.9896,50.0648],[20.9887,50.0633],[20.9875,50.0622],[20.9848,50.062],[20.9842,50.0629],[20.9831,50.064],[20.9811,50.0642],[20.9812,50.0649],[20.9791,50.0649],[20.9781,50.0647],[20.975,50.0645],[20.9687,50.0645],[20.968,50.0639],[20.9634,50.0646],[20.9596,50.0653],[20.9577,50.0652],[20.9564,50.0653],[20.9532,50.0653],[20.9509,50.0654],[20.9499,50.0657],[20.9473,50.0659],[20.9443,50.0659],[20.9426,50.0665],[20.9414,50.0666],[20.9385,50.0666],[20.9357,50.0663],[20.9337,50.0659],[20.9329,50.0662],[20.9321,50.0659],[20.9295,50.0657],[20.9277,50.0654],[20.9269,50.0651],[20.9255,50.0641],[20.9257,50.0632],[20.9273,50.0608],[20.9279,50.0594],[20.9289,50.0583],[20.9305,50.0575],[20.9312,50.0569],[20.9307,50.0562],[20.9299,50.0536],[20.9284,50.052],[20.9262,50.0507],[20.9265,50.0503],[20.9294,50.0474],[20.9312,50.0453],[20.9315,50.044],[20.9304,50.0416],[20.9304,50.0412],[20.9293,50.0402],[20.9285,50.04],[20.928,50.0394],[20.9275,50.0374],[20.9278,50.036],[20.9248,50.0354],[20.9206,50.0349],[20.9168,50.0337],[20.9149,50.0338],[20.9138,50.034],[20.9131,50.0344],[20.9119,50.0355],[20.9115,50.0364],[20.9106,50.036],[20.9104,50.0349],[20.9094,50.034],[20.908,50.0335],[20.9065,50.0333],[20.904,50.0325],[20.9027,50.0322],[20.9017,50.0326],[20.8997,50.0307],[20.8968,50.0291],[20.8956,50.0289],[20.8953,50.0285],[20.8936,50.0272],[20.895,50.0268],[20.8944,50.0254],[20.8949,50.0237],[20.8961,50.0228],[20.8969,50.0217],[20.8972,50.0209],[20.8974,50.0192],[20.8961,50.0172],[20.8957,50.017],[20.8944,50.0144],[20.8937,50.0121]]]}},{"type":"Feature","id":"powiat-tatrzanski","properties":{"slug":"powiat-tatrzanski","name":"powiat tatrzański"},"geometry":{"type":"Polygon","coordinates":[[[20.1547,49.3861],[20.1551,49.385],[20.1556,49.3843],[20.1558,49.3831],[20.1544,49.3816],[20.1544,49.3811],[20.155,49.3799],[20.155,49.3794],[20.1568,49.3797],[20.1581,49.3772],[20.1595,49.3754],[20.1608,49.3744],[20.1623,49.3738],[20.1652,49.3734],[20.1669,49.3722],[20.1687,49.3696],[20.1702,49.369],[20.172,49.3681],[20.1724,49.3666],[20.1716,49.3661],[20.1708,49.3651],[20.1708,49.3638],[20.1691,49.3623],[20.1699,49.3613],[20.1716,49.3597],[20.1744,49.3584],[20.1741,49.3572],[20.1735,49.3558],[20.1743,49.3547],[20.1744,49.354],[20.1749,49.3535],[20.1765,49.3526],[20.1784,49.3523],[20.179,49.3503],[20.1794,49.3497],[20.1808,49.3483],[20.1821,49.348],[20.1835,49.3474],[20.1846,49.3464],[20.1854,49.3448],[20.1854,49.3441],[20.1865,49.3403],[20.1875,49.3392],[20.1891,49.338],[20.1901,49.3377],[20.1903,49.3371],[20.1902,49.3359],[20.1897,49.3346],[20.1896,49.3329],[20.1892,49.3323],[20.1866,49.3307],[20.1851,49.3294],[20.1842,49.3278],[20.1825,49.328],[20.1765,49.328],[20.1727,49.3277],[20.1706,49.3277],[20.1705,49.3273],[20.1716,49.3263],[20.1736,49.325],[20.172,49.3247],[20.1704,49.3242],[20.1703,49.3245],[20.1678,49.3236],[20.1687,49.3222],[20.1686,49.321],[20.1695,49.3204],[20.17,49.3195],[20.1722,49.3183],[20.1723,49.3176],[20.1741,49.3154],[20.1749,49.3153],[20.1758,49.3141],[20.1691,49.3098],[20.1667,49.3084],[20.1633,49.3061],[20.1607,49.3047],[20.1578,49.3029],[20.1574,49.3036],[20.1573,49.3049],[20.1576,49.3058],[20.159,49.3065],[20.1582,49.3078],[20.1578,49.3081],[20.1566,49.3111],[20.1559,49.3119],[20.1546,49.3119],[20.154,49.3123],[20.1539,49.3139],[20.1519,49.3151],[20.1519,49.3156],[20.1527,49.3168],[20.1515,49.3188],[20.15,49.3192],[20.1481,49.3189],[20.146,49.318],[20.1455,49.3175],[20.1459,49.3166],[20.1455,49.3158],[20.1445,49.3148],[20.1444,49.3143],[20.1453,49.313],[20.1451,49.3126],[20.1436,49.3119],[20.1419,49.3124],[20.1411,49.311],[20.1402,49.3099],[20.1393,49.3092],[20.1386,49.308],[20.1389,49.3071],[20.1373,49.306],[20.1359,49.3059],[20.1346,49.3064],[20.1342,49.3053],[20.1346,49.3048],[20.1359,49.3041],[20.1358,49.3033],[20.1353,49.3026],[20.1337,49.3019],[20.1329,49.3006],[20.1335,49.2997],[20.1333,49.2992],[20.1313,49.2981],[20.1307,49.2974],[20.1302,49.2956],[20.1312,49.2952],[20.1321,49.2945],[20.1321,49.2934],[20.1314,49.2921],[20.1305,49.2915],[20.1312,49.2907],[20.1308,49.2899],[20.1299,49.2898],[20.1292,49.2892],[20.1288,49.2881],[20.1279,49.2866],[20.1279,49.2856],[20.1285,49.2846],[20.1287,49.2835],[20.1291,49.2829],[20.1289,49.282],[20.1282,49.2811],[20.1284,49.2801],[20.128,49.2798],[20.1277,49.2788],[20.1287,49.2771],[20.1285,49.2765],[20.1272,49.2762],[20.1269,49.2759],[20.127,49.2749],[20.1261,49.2739],[20.1251,49.2723],[20.1249,49.2707],[20.123,49.27],[20.1227,49.2687],[20.122,49.2679],[20.1203,49.267],[20.1186,49.2666],[20.1177,49.2662],[20.1171,49.2656],[20.117,49.2643],[20.1165,49.2639],[20.1139,49.2633],[20.1139,49.2625],[20.1128,49.262],[20.1123,49.2601],[20.1111,49.2583],[20.1099,49.2574],[20.108,49.2563],[20.1072,49.2561],[20.1053,49.2544],[20.1027,49.2533],[20.1022,49.2529],[20.1008,49.2501],[20.1009,49.2489],[20.1014,49.2481],[20.1018,49.2469],[20.1016,49.2463],[20.1009,49.2457],[20.101,49.2446],[20.1008,49.2433],[20.101,49.2415],[20.1008,49.2411],[20.0987,49.2393],[20.0987,49.2387],[20.0981,49.2381],[20.0984,49.2373],[20.098,49.2365],[20.0984,49.2358],[20.0978,49.2345],[20.0996,49.2321],[20.0997,49.2313],[20.0993,49.2304],[20.0999,49.229],[20.0998,49.2279],[20.1009,49.2272],[20.1019,49.2262],[20.1022,49.2251],[20.1015,49.2239],[20.1016,49.2227],[20.1004,49.2224],[20.0996,49.2212],[20.0986,49.2208],[20.0983,49.2202],[20.0975,49.2204],[20.0963,49.2201],[20.0946,49.2178],[20.0911,49.2124],[20.0906,49.2114],[20.0885,49.2093],[20.0872,49.2075],[20.087,49.206],[20.0862,49.204],[20.0869,49.2027],[20.0868,49.2012],[20.0871,49.2007],[20.0872,49.1993],[20.0864,49.1985],[20.086,49.1972],[20.0851,49.1964],[20.0844,49.1962],[20.0843,49.1949],[20.0847,49.1947],[20.0845,49.1929],[20.0849,49.1922],[20.0857,49.1918],[20.0861,49.1899],[20.0859,49.1892],[20.0865,49.1891],[20.0875,49.1878],[20.0886,49.1877],[20.088,49.1867],[20.0871,49.1862],[20.0872,49.1853],[20.0869,49.1843],[20.0878,49.1836],[20.0881,49.1831],[20.0879,49.1817],[20.0883,49.1811],[20.0882,49.1797],[20.0843,49.1796],[20.0826,49.1794],[20.079,49.1785],[20.0756,49.1787],[20.073,49.1798],[20.0724,49.1802],[20.0714,49.1802],[20.0708,49.1805],[20.0693,49.1807],[20.0677,49.1821],[20.0672,49.1832],[20.0653,49.1836],[20.0638,49.1844],[20.0622,49.1847],[20.0608,49.1858],[20.0602,49.187],[20.0593,49.187],[20.0586,49.1874],[20.056,49.1878],[20.0535,49.1878],[20.051,49.1888],[20.0505,49.1895],[20.0486,49.1896],[20.0472,49.1903],[20.0465,49.1912],[20.045,49.1918],[20.0439,49.1928],[20.0426,49.1932],[20.0419,49.1941],[20.0407,49.195],[20.0399,49.1962],[20.0404,49.197],[20.0388,49.1977],[20.0373,49.1978],[20.0329,49.1993],[20.0323,49.2],[20.0302,49.1997],[20.0283,49.2001],[20.0279,49.2],[20.0255,49.2007],[20.0233,49.2007],[20.023,49.2011],[20.0209,49.2016],[20.0205,49.2015],[20.019,49.2027],[20.0186,49.2032],[20.0174,49.204],[20.0153,49.2059],[20.0143,49.2062],[20.0142,49.2066],[20.0133,49.2068],[20.0122,49.2086],[20.0118,49.2097],[20.0097,49.211],[20.008,49.2116],[20.0065,49.2132],[20.0073,49.2136],[20.0073,49.2142],[20.0084,49.215],[20.0091,49.2162],[20.0088,49.2178],[20.0094,49.2189],[20.0093,49.2194],[20.0086,49.2201],[20.0077,49.22],[20.005,49.2204],[20.0012,49.2223],[19.9992,49.2223],[19.9982,49.2231],[19.997,49.2237],[19.9958,49.224],[19.9925,49.2251],[19.9898,49.2263],[19.9891,49.2273],[19.9871,49.2291],[19.9844,49.2302],[19.9816,49.2318],[19.9801,49.2311],[19.9759,49.2305],[19.974,49.2301],[19.9712,49.23],[19.9673,49.2308],[19.9662,49.2313],[19.9649,49.2312],[19.9612,49.2315],[19.9592,49.2318],[19.9576,49.2323],[19.9558,49.2324],[19.9531,49.2322],[19.9511,49.2323],[19.9504,49.2327],[19.9492,49.2325],[19.9485,49.233],[19.9463,49.2333],[19.9452,49.234],[19.9439,49.2341],[19.9434,49.2345],[19.9424,49.234],[19.9403,49.2337],[19.9362,49.2347],[19.9339,49.2354],[19.9322,49.2365],[19.9282,49.2353],[19.9245,49.2353],[19.924,49.2356],[19.9193,49.2358],[19.9177,49.2347],[19.9152,49.2336],[19.914,49.2332],[19.9114,49.232],[19.9076,49.2314],[19.9056,49.231],[19.9047,49.2312],[19.9034,49.231],[19.9032,49.2302],[19.9037,49.2295],[19.904,49.2283],[19.9037,49.2262],[19.9039,49.2256],[19.9053,49.2247],[19.9047,49.2196],[19.9052,49.2195],[19.9038,49.2181],[19.9019,49.2166],[19.9017,49.2152],[19.9024,49.2134],[19.9019,49.213],[19.9007,49.2128],[19.8973,49.212],[19.8966,49.212],[19.8949,49.2111],[19.8911,49.2099],[19.89,49.2099],[19.8884,49.2092],[19.887,49.2082],[19.886,49.2064],[19.8849,49.2049],[19.8837,49.2041],[19.8812,49.2042],[19.8805,49.204],[19.8761,49.2019],[19.8747,49.2009],[19.8733,49.2003],[19.8719,49.1992],[19.8703,49.1985],[19.8698,49.1977],[19.8701,49.1967],[19.8694,49.1958],[19.8641,49.1967],[19.8607,49.1966],[19.8587,49.1963],[19.8554,49.1964],[19.8521,49.1962],[19.8511,49.1963],[19.8494,49.1958],[19.8447,49.1951],[19.8427,49.1942],[19.8414,49.1932],[19.8406,49.1937],[19.8406,49.1944],[19.8401,49.1952],[19.84,49.1959],[19.8382,49.1964],[19.8369,49.1963],[19.836,49.1966],[19.8345,49.1965],[19.8325,49.1979],[19.8323,49.1985],[19.8315,49.1992],[19.8308,49.2007],[19.8299,49.2011],[19.8295,49.2017],[19.8277,49.2017],[19.8267,49.2013],[19.8249,49.2015],[19.8241,49.2013],[19.8227,49.2014],[19.8214,49.2008],[19.8198,49.1995],[19.8188,49.2001],[19.8157,49.2025],[19.8142,49.2033],[19.8107,49.2043],[19.8075,49.2057],[19.8057,49.205],[19.8037,49.2046],[19.8027,49.2039],[19.8007,49.2021],[19.7993,49.2016],[19.7983,49.2009],[19.7973,49.2005],[19.7961,49.1996],[19.795,49.1984],[19.7931,49.1988],[19.7896,49.1992],[19.7871,49.1991],[19.7862,49.1994],[19.7843,49.1993],[19.7824,49.1998],[19.7817,49.2002],[19.7812,49.2009],[19.7808,49.202],[19.7801,49.2031],[19.7792,49.204],[19.7786,49.205],[19.7763,49.205],[19.7755,49.2053],[19.7739,49.2052],[19.7729,49.2057],[19.7717,49.2056],[19.7686,49.2061],[19.7673,49.206],[19.7655,49.2069],[19.7631,49.2076],[19.7628,49.2086],[19.7607,49.21],[19.7598,49.2113],[19.7594,49.2122],[19.7594,49.2129],[19.759,49.2137],[19.7584,49.216],[19.761,49.2179],[19.7627,49.219],[19.7646,49.2204],[19.766,49.222],[19.7669,49.2226],[19.7674,49.2237],[19.7671,49.2251],[19.7677,49.2272],[19.7683,49.2281],[19.7692,49.2307],[19.7682,49.2314],[19.7663,49.2346],[19.7668,49.2366],[19.7695,49.2365],[19.7714,49.2381],[19.7733,49.239],[19.7743,49.24],[19.7763,49.2424],[19.7784,49.2454],[19.7822,49.2461],[19.7827,49.2464],[19.785,49.2467],[19.7862,49.2493],[19.7886,49.2528],[19.7887,49.2536],[19.7896,49.2539],[19.7905,49.2553],[19.7902,49.2571],[19.7891,49.2584],[19.7896,49.2609],[19.7888,49.2618],[19.7912,49.2627],[19.7922,49.2634],[19.7918,49.2638],[19.7918,49.265],[19.7923,49.2667],[19.7925,49.268],[19.7942,49.2689],[19.7956,49.2692],[19.7983,49.27],[19.8003,49.2704],[19.8022,49.2706],[19.8027,49.2716],[19.8037,49.2722],[19.804,49.2727],[19.8057,49.2736],[19.8063,49.2745],[19.8073,49.2746],[19.8086,49.2744],[19.8104,49.2749],[19.8109,49.2753],[19.8127,49.2753],[19.8155,49.2751],[19.8164,49.2757],[19.8172,49.2759],[19.8178,49.2764],[19.8195,49.2767],[19.8208,49.2765],[19.8228,49.2768],[19.8227,49.2786],[19.822,49.2799],[19.8209,49.2812],[19.8197,49.2836],[19.8173,49.2853],[19.8172,49.2856],[19.8158,49.2869],[19.8154,49.2878],[19.814,49.2898],[19.8105,49.2938],[19.8098,49.2954],[19.8077,49.2956],[19.8033,49.2956],[19.797,49.296],[19.7945,49.296],[19.7927,49.2989],[19.7924,49.3009],[19.7926,49.3026],[19.7933,49.3044],[19.7939,49.3054],[19.7956,49.3072],[19.7968,49.3089],[19.7974,49.3102],[19.799,49.3126],[19.8002,49.315],[19.8015,49.3164],[19.8021,49.3176],[19.8032,49.319],[19.8045,49.32],[19.805,49.3227],[19.8047,49.3239],[19.8039,49.3257],[19.8025,49.3279],[19.8023,49.3303],[19.7993,49.3333],[19.7989,49.3345],[19.7987,49.3359],[19.7981,49.3377],[19.798,49.3408],[19.7971,49.3427],[19.7971,49.343],[19.7947,49.3446],[19.7948,49.3459],[19.7952,49.3466],[19.7953,49.3475],[19.7967,49.3478],[19.798,49.3483],[19.8005,49.349],[19.802,49.349],[19.803,49.3492],[19.806,49.3492],[19.8066,49.3491],[19.8089,49.3493],[19.8101,49.3497],[19.814,49.3498],[19.8167,49.3506],[19.8195,49.3509],[19.8214,49.351],[19.8235,49.3513],[19.8264,49.3519],[19.8273,49.3518],[19.8326,49.3518],[19.8349,49.3521],[19.8364,49.3519],[19.838,49.3521],[19.8387,49.3525],[19.8411,49.3531],[19.8438,49.3541],[19.8454,49.3527],[19.8461,49.3514],[19.8487,49.3487],[19.8506,49.3474],[19.8523,49.346],[19.8542,49.3439],[19.8563,49.3429],[19.8569,49.3429],[19.8598,49.3416],[19.8609,49.3413],[19.8623,49.3404],[19.8637,49.3392],[19.8664,49.3383],[19.8682,49.3383],[19.8717,49.338],[19.875,49.3369],[19.8756,49.3369],[19.8781,49.3359],[19.8799,49.3339],[19.8805,49.3329],[19.8823,49.3308],[19.8826,49.3299],[19.8831,49.3293],[19.8839,49.3289],[19.8852,49.3279],[19.8869,49.327],[19.8881,49.3266],[19.8906,49.3267],[19.8929,49.3264],[19.8942,49.3265],[19.896,49.3264],[19.8976,49.3271],[19.8993,49.3273],[19.8992,49.3281],[19.8992,49.331],[19.8995,49.3317],[19.8997,49.334],[19.9001,49.3359],[19.9001,49.3387],[19.8998,49.3398],[19.9021,49.3409],[19.9049,49.3419],[19.9052,49.3419],[19.9088,49.3439],[19.9095,49.3445],[19.9118,49.346],[19.9142,49.347],[19.9152,49.3473],[19.9156,49.3482],[19.9164,49.3487],[19.9169,49.3496],[19.9191,49.351],[19.921,49.351],[19.9216,49.3515],[19.9233,49.3515],[19.9241,49.3513],[19.9248,49.3517],[19.9271,49.3519],[19.9275,49.3523],[19.9283,49.3522],[19.9309,49.3524],[19.9312,49.3527],[19.9333,49.3531],[19.9365,49.353],[19.9415,49.3539],[19.9414,49.3554],[19.9416,49.3562],[19.9425,49.3574],[19.9431,49.3586],[19.9423,49.3615],[19.9422,49.3646],[19.9432,49.3663],[19.9435,49.3673],[19.9435,49.3684],[19.9425,49.3698],[19.942,49.3722],[19.9416,49.3735],[19.9414,49.3749],[19.941,49.3758],[19.942,49.3762],[19.9411,49.3769],[19.9419,49.3774],[19.9419,49.378],[19.9428,49.3787],[19.9418,49.3793],[19.9429,49.3806],[19.9429,49.3814],[19.9421,49.3823],[19.9429,49.3823],[19.947,49.3814],[19.9493,49.3811],[19.9507,49.3808],[19.9521,49.3807],[19.9549,49.3801],[19.9557,49.3801],[19.9585,49.3794],[19.9598,49.3788],[19.9623,49.378],[19.9636,49.3778],[19.9656,49.3771],[19.9685,49.3756],[19.9697,49.3747],[19.9708,49.3745],[19.9722,49.3755],[19.9733,49.3754],[19.9749,49.3762],[19.9758,49.3761],[19.9771,49.377],[19.978,49.3773],[19.9805,49.3776],[19.9821,49.3785],[19.9829,49.3784],[19.9836,49.3788],[19.9858,49.3789],[19.9872,49.3787],[19.9869,49.3793],[19.9874,49.3821],[19.9889,49.3822],[19.9899,49.3825],[19.9912,49.3825],[19.9911,49.3829],[19.9925,49.3832],[19.9927,49.3838],[19.9943,49.3842],[19.9939,49.3851],[19.9935,49.3871],[19.995,49.3874],[19.9957,49.3878],[19.9981,49.3886],[19.9989,49.3887],[19.9996,49.3892],[19.9987,49.3903],[19.997,49.393],[19.997,49.3937],[19.9965,49.3953],[19.9989,49.3959],[20.0015,49.3964],[20.003,49.3964],[20.0066,49.3958],[20.0098,49.3956],[20.0128,49.3956],[20.0168,49.3951],[20.0184,49.3948],[20.021,49.3946],[20.021,49.3953],[20.0222,49.3977],[20.0243,49.3977],[20.0269,49.3996],[20.0293,49.3989],[20.0341,49.3963],[20.0372,49.3956],[20.0383,49.3956],[20.039,49.3959],[20.0404,49.3969],[20.0408,49.3975],[20.0397,49.3978],[20.0384,49.3986],[20.0372,49.4],[20.0362,49.4005],[20.0355,49.4015],[20.036,49.4028],[20.0376,49.4037],[20.0391,49.404],[20.0403,49.4046],[20.0415,49.4046],[20.043,49.405],[20.0441,49.4059],[20.0436,49.4066],[20.0434,49.4087],[20.044,49.4104],[20.0446,49.4114],[20.0474,49.4109],[20.0484,49.4105],[20.0495,49.4106],[20.0498,49.4112],[20.0498,49.4128],[20.0493,49.4135],[20.0496,49.4141],[20.0492,49.4146],[20.0497,49.4164],[20.0513,49.4171],[20.052,49.4178],[20.0524,49.4186],[20.0529,49.4205],[20.052,49.4205],[20.0514,49.4209],[20.0509,49.4209],[20.0503,49.4221],[20.0498,49.4224],[20.0498,49.4231],[20.0494,49.424],[20.0494,49.4251],[20.0507,49.4259],[20.0507,49.4264],[20.052,49.4263],[20.0555,49.4255],[20.0559,49.4251],[20.0559,49.4248],[20.0561,49.4245],[20.0593,49.424],[20.0636,49.4231],[20.0645,49.4228],[20.0686,49.4218],[20.0717,49.4216],[20.0724,49.4214],[20.0755,49.4212],[20.0764,49.421],[20.0799,49.4206],[20.0805,49.4213],[20.0812,49.4215],[20.0821,49.4224],[20.0827,49.4237],[20.0823,49.4241],[20.0825,49.4251],[20.0832,49.4258],[20.0843,49.4274],[20.0853,49.4284],[20.0877,49.4281],[20.0893,49.4276],[20.0906,49.4269],[20.0959,49.425],[20.0987,49.4241],[20.1004,49.4237],[20.1012,49.4233],[20.1002,49.4218],[20.0989,49.4204],[20.0988,49.4197],[20.1016,49.419],[20.1034,49.419],[20.1062,49.4181],[20.1097,49.4164],[20.1122,49.4155],[20.1132,49.4148],[20.116,49.4138],[20.1146,49.412],[20.1142,49.4102],[20.1142,49.4087],[20.1135,49.4079],[20.1132,49.4071],[20.1136,49.4063],[20.1133,49.4047],[20.1127,49.4036],[20.1117,49.4028],[20.1118,49.402],[20.1126,49.4011],[20.1127,49.3987],[20.1137,49.3983],[20.1165,49.3965],[20.117,49.3965],[20.1212,49.3951],[20.1238,49.3943],[20.1288,49.393],[20.1312,49.3922],[20.1336,49.3917],[20.1379,49.391],[20.1385,49.3906],[20.1414,49.3895],[20.1429,49.3891],[20.1438,49.3885],[20.1458,49.3867],[20.1465,49.3865],[20.1465,49.3859],[20.1475,49.3859],[20.1502,49.3856],[20.1512,49.3856],[20.1522,49.3864],[20.1528,49.3865],[20.1533,49.3873],[20.1541,49.3869],[20.1547,49.3861]]]}},{"type":"Feature","id":"powiat-wadowicki","properties":{"slug":"powiat-wadowicki","name":"powiat wadowicki"},"geometry":{"type":"Polygon","coordinates":[[[19.5603,50.0121],[19.5621,50.0108],[19.5643,50.0075],[19.5648,50.0058],[19.5648,50.0048],[19.5651,50.0037],[19.5662,50.0019],[19.5671,50.0012],[19.5706,49.999],[19.571,49.9989],[19.5741,49.9968],[19.5747,49.9961],[19.5757,49.9929],[19.5762,49.9919],[19.5774,49.9904],[19.5793,49.9893],[19.5809,49.9889],[19.5821,49.9889],[19.5836,49.9892],[19.5854,49.9892],[19.5876,49.9894],[19.5891,49.9894],[19.5914,49.9891],[19.5921,49.9912],[19.5901,49.9914],[19.5916,49.9922],[19.592,49.993],[19.5922,49.9942],[19.5915,49.9951],[19.5921,49.9964],[19.592,49.9973],[19.5934,49.9979],[19.5949,49.9972],[19.5953,49.9987],[19.5953,49.9994],[19.5959,50.0004],[19.5968,50.0006],[19.5987,50.0005],[19.5998,50.0002],[19.6003,49.9996],[19.6021,49.9985],[19.6027,49.9978],[19.603,49.9962],[19.6027,49.9948],[19.6027,49.9929],[19.6032,49.9911],[19.6039,49.99],[19.6047,49.99],[19.6048,49.9883],[19.6039,49.9858],[19.6029,49.9844],[19.6024,49.9846],[19.6013,49.9841],[19.601,49.9837],[19.6007,49.9823],[19.6024,49.9814],[19.6041,49.981],[19.6071,49.981],[19.6106,49.9814],[19.6141,49.9822],[19.6178,49.9832],[19.618,49.9839],[19.6199,49.9846],[19.6212,49.9848],[19.6224,49.9847],[19.6233,49.9849],[19.6249,49.9845],[19.6249,49.9841],[19.6265,49.9835],[19.6277,49.9828],[19.6287,49.9819],[19.6295,49.9807],[19.6305,49.9797],[19.6318,49.9792],[19.634,49.9793],[19.6354,49.9797],[19.637,49.9806],[19.6381,49.9824],[19.6378,49.9851],[19.6381,49.986],[19.6388,49.9872],[19.639,49.9887],[19.6394,49.9896],[19.6403,49.9903],[19.6418,49.9909],[19.6437,49.9912],[19.6457,49.9912],[19.6477,49.9907],[19.649,49.9901],[19.6498,49.9893],[19.6501,49.9885],[19.6508,49.9837],[19.6516,49.9823],[19.6532,49.9812],[19.656,49.9805],[19.6599,49.9808],[19.662,49.9812],[19.6635,49.9812],[19.6657,49.9806],[19.6672,49.9799],[19.6691,49.9787],[19.6667,49.9777],[19.6623,49.9763],[19.6609,49.976],[19.6596,49.9752],[19.6584,49.9741],[19.6567,49.9733],[19.656,49.9732],[19.6559,49.9725],[19.6547,49.9715],[19.6523,49.9688],[19.6523,49.9679],[19.6536,49.9666],[19.6551,49.9667],[19.656,49.9642],[19.6569,49.9633],[19.6582,49.9623],[19.6594,49.9618],[19.6596,49.9614],[19.658,49.9605],[19.6581,49.9599],[19.6588,49.9594],[19.6586,49.9585],[19.6589,49.9582],[19.658,49.9576],[19.6576,49.9569],[19.6575,49.9561],[19.6589,49.955],[19.6586,49.9542],[19.6604,49.9539],[19.6618,49.9532],[19.6641,49.9532],[19.6647,49.953],[19.6661,49.9532],[19.6681,49.9532],[19.6701,49.9526],[19.6717,49.9523],[19.6732,49.9524],[19.6744,49.9522],[19.676,49.9515],[19.6759,49.9498],[19.6762,49.9486],[19.6769,49.9486],[19.6782,49.949],[19.6787,49.9488],[19.6815,49.9488],[19.6826,49.9489],[19.6848,49.9488],[19.6854,49.9492],[19.6875,49.9491],[19.6883,49.9488],[19.6899,49.9487],[19.6942,49.9488],[19.6944,49.9484],[19.6956,49.948],[19.6961,49.9485],[19.6959,49.9498],[19.697,49.9501],[19.6975,49.9506],[19.6973,49.951],[19.6985,49.9528],[19.6993,49.9533],[19.6988,49.954],[19.698,49.957],[19.7,49.9576],[19.7011,49.9576],[19.7045,49.9581],[19.7064,49.9587],[19.7076,49.9587],[19.7086,49.9584],[19.7131,49.9575],[19.7145,49.9575],[19.7179,49.9583],[19.7193,49.9581],[19.7191,49.9565],[19.7191,49.955],[19.7188,49.9527],[19.7179,49.9498],[19.7178,49.9481],[19.7176,49.9475],[19.7182,49.9464],[19.72,49.9463],[19.7206,49.9456],[19.7209,49.9446],[19.7208,49.9436],[19.7216,49.9427],[19.7215,49.9413],[19.723,49.941],[19.7236,49.9403],[19.724,49.9397],[19.7238,49.9383],[19.7243,49.9372],[19.7246,49.9356],[19.7258,49.934],[19.7272,49.9314],[19.7281,49.9308],[19.7306,49.928],[19.7321,49.927],[19.7331,49.926],[19.7312,49.9254],[19.7288,49.9244],[19.7299,49.9226],[19.7315,49.9214],[19.7323,49.9205],[19.7317,49.9203],[19.7319,49.9191],[19.7324,49.9177],[19.7342,49.9183],[19.7351,49.9184],[19.735,49.9175],[19.7353,49.9171],[19.7375,49.9176],[19.7394,49.9188],[19.7407,49.9188],[19.7406,49.9178],[19.7411,49.9173],[19.7409,49.9152],[19.7417,49.9153],[19.7417,49.9173],[19.7426,49.9173],[19.7424,49.9161],[19.742,49.9153],[19.7425,49.913],[19.7424,49.9119],[19.7429,49.9113],[19.7431,49.9105],[19.744,49.9101],[19.7464,49.9104],[19.7462,49.9128],[19.7467,49.9128],[19.748,49.9121],[19.7476,49.9144],[19.748,49.9144],[19.7479,49.9161],[19.7507,49.9162],[19.7525,49.916],[19.7549,49.9164],[19.7567,49.9165],[19.7583,49.917],[19.758,49.9158],[19.7582,49.9148],[19.7588,49.9136],[19.7581,49.9125],[19.7581,49.9119],[19.7576,49.9109],[19.7577,49.9099],[19.7586,49.9095],[19.7598,49.9083],[19.7607,49.9079],[19.7624,49.9067],[19.7621,49.9061],[19.7634,49.9056],[19.7638,49.9047],[19.7644,49.9045],[19.765,49.9035],[19.7657,49.9025],[19.7666,49.9025],[19.7678,49.9021],[19.7674,49.9017],[19.7659,49.9015],[19.766,49.9008],[19.7682,49.9008],[19.7678,49.9002],[19.7668,49.8997],[19.7679,49.8976],[19.7687,49.8965],[19.7708,49.894],[19.7727,49.893],[19.7783,49.893],[19.7796,49.8932],[19.781,49.8928],[19.7824,49.8928],[19.7839,49.8924],[19.7867,49.8922],[19.7893,49.8914],[19.7913,49.8913],[19.7945,49.8902],[19.7957,49.8902],[19.7983,49.8893],[19.8011,49.8892],[19.8014,49.8888],[19.8033,49.8879],[19.8043,49.887],[19.8071,49.8867],[19.8099,49.8855],[19.8103,49.8852],[19.8092,49.8846],[19.8109,49.8839],[19.8115,49.883],[19.8116,49.8823],[19.81,49.8817],[19.807,49.881],[19.8051,49.8804],[19.8036,49.8801],[19.8029,49.8802],[19.8007,49.8795],[19.7946,49.8778],[19.794,49.8787],[19.7928,49.878],[19.7909,49.8777],[19.7898,49.8769],[19.7891,49.8767],[19.7891,49.8751],[19.7906,49.8755],[19.7897,49.8743],[19.7879,49.8734],[19.7869,49.872],[19.7864,49.8705],[19.7852,49.8698],[19.7836,49.8681],[19.782,49.8673],[19.7802,49.8674],[19.7795,49.8671],[19.7775,49.867],[19.777,49.8659],[19.7773,49.8647],[19.7767,49.8639],[19.7764,49.8628],[19.7759,49.8621],[19.7768,49.8598],[19.7762,49.8579],[19.7765,49.8561],[19.7769,49.8555],[19.7766,49.8541],[19.7766,49.8532],[19.7771,49.8524],[19.7765,49.851],[19.777,49.8494],[19.7763,49.8492],[19.7761,49.8485],[19.7766,49.8482],[19.7755,49.8472],[19.7755,49.8467],[19.7731,49.8464],[19.7723,49.8461],[19.7725,49.8455],[19.7715,49.8453],[19.7713,49.8449],[19.7692,49.8449],[19.7692,49.8444],[19.7665,49.8442],[19.7664,49.8433],[19.7655,49.8426],[19.7653,49.842],[19.7644,49.8418],[19.7645,49.841],[19.764,49.8406],[19.7639,49.8399],[19.7644,49.8382],[19.7645,49.8375],[19.7641,49.8368],[19.7642,49.8345],[19.764,49.8315],[19.7625,49.8316],[19.7597,49.8316],[19.7584,49.8317],[19.7582,49.8301],[19.7576,49.8301],[19.7561,49.8306],[19.7546,49.8317],[19.7542,49.8313],[19.7521,49.8306],[19.7507,49.8304],[19.7485,49.8305],[19.748,49.8303],[19.747,49.8307],[19.7456,49.8307],[19.7439,49.8304],[19.7426,49.8299],[19.7396,49.8295],[19.7388,49.8267],[19.7385,49.8267],[19.7371,49.8256],[19.7355,49.8248],[19.7334,49.8224],[19.7337,49.8207],[19.7315,49.821],[19.7312,49.8203],[19.7318,49.8185],[19.7318,49.8169],[19.7301,49.8166],[19.7288,49.816],[19.7281,49.8152],[19.7281,49.8145],[19.7291,49.8136],[19.7294,49.812],[19.7288,49.8114],[19.7285,49.8104],[19.7264,49.8084],[19.7259,49.8074],[19.7245,49.8073],[19.7228,49.8068],[19.721,49.8068],[19.7192,49.8064],[19.7145,49.805],[19.7135,49.8046],[19.7121,49.8045],[19.7109,49.8041],[19.7079,49.8036],[19.7057,49.8054],[19.705,49.8057],[19.7029,49.8052],[19.701,49.8061],[19.6974,49.806],[19.6969,49.8073],[19.6948,49.8082],[19.6931,49.8087],[19.6917,49.8087],[19.689,49.8096],[19.6885,49.8108],[19.685,49.8108],[19.684,49.8109],[19.6838,49.8126],[19.6822,49.8126],[19.6799,49.8123],[19.6795,49.8127],[19.677,49.8129],[19.6757,49.8127],[19.675,49.8129],[19.6736,49.8129],[19.6731,49.8133],[19.6718,49.8137],[19.67,49.8135],[19.669,49.8131],[19.6685,49.8141],[19.6671,49.8142],[19.6664,49.8138],[19.6649,49.8138],[19.6637,49.814],[19.6618,49.814],[19.6617,49.8129],[19.662,49.812],[19.6618,49.8111],[19.6625,49.8108],[19.6623,49.8102],[19.6626,49.809],[19.658,49.8087],[19.6558,49.8087],[19.653,49.8083],[19.6522,49.8085],[19.6507,49.8085],[19.649,49.8081],[19.6484,49.8082],[19.6441,49.8078],[19.6442,49.8075],[19.6435,49.806],[19.6435,49.8051],[19.6431,49.8022],[19.6434,49.8009],[19.6433,49.8],[19.6436,49.7989],[19.6451,49.7977],[19.6455,49.7971],[19.6471,49.7958],[19.6456,49.7954],[19.6435,49.7956],[19.641,49.7962],[19.6395,49.7963],[19.6374,49.7968],[19.6349,49.7978],[19.6328,49.7978],[19.6282,49.7982],[19.6251,49.7974],[19.6245,49.7974],[19.6218,49.7968],[19.6202,49.7963],[19.6172,49.7956],[19.6161,49.7952],[19.6149,49.7951],[19.6128,49.7947],[19.6111,49.7946],[19.6092,49.7943],[19.607,49.793],[19.606,49.7927],[19.605,49.7928],[19.604,49.7932],[19.6027,49.7942],[19.6011,49.795],[19.5999,49.7954],[19.599,49.7961],[19.5983,49.796],[19.5963,49.7961],[19.5941,49.7966],[19.5941,49.7962],[19.5924,49.7961],[19.5904,49.7956],[19.5878,49.7946],[19.5855,49.7942],[19.585,49.7953],[19.5843,49.796],[19.582,49.7967],[19.5807,49.7963],[19.5793,49.7969],[19.5763,49.797],[19.5749,49.7972],[19.5729,49.7972],[19.5712,49.7987],[19.5691,49.7982],[19.5678,49.7976],[19.567,49.7977],[19.5666,49.7973],[19.5654,49.7973],[19.5652,49.797],[19.5638,49.797],[19.5626,49.7968],[19.562,49.7961],[19.5613,49.7965],[19.5597,49.7961],[19.5588,49.7962],[19.5572,49.8],[19.5558,49.7996],[19.5534,49.7992],[19.5523,49.7988],[19.5483,49.7984],[19.5473,49.7986],[19.5432,49.801],[19.5395,49.8018],[19.5381,49.8013],[19.5368,49.8006],[19.5359,49.8007],[19.5343,49.8004],[19.5334,49.8005],[19.5327,49.8001],[19.5305,49.7994],[19.529,49.7988],[19.5276,49.7985],[19.5277,49.7977],[19.5284,49.7965],[19.528,49.7956],[19.5282,49.7943],[19.5277,49.7929],[19.5241,49.7919],[19.5212,49.7909],[19.5186,49.7902],[19.5173,49.7896],[19.516,49.7893],[19.5119,49.788],[19.5112,49.7876],[19.5089,49.787],[19.5079,49.7876],[19.5062,49.7889],[19.5045,49.7904],[19.5029,49.7897],[19.5013,49.7897],[19.5005,49.7893],[19.4993,49.7892],[19.4985,49.7885],[19.4973,49.7883],[19.4968,49.7878],[19.4957,49.7875],[19.4944,49.7874],[19.4921,49.7864],[19.4905,49.7862],[19.4892,49.7864],[19.4869,49.7871],[19.4864,49.7879],[19.4846,49.7891],[19.4829,49.7896],[19.4813,49.7891],[19.478,49.7891],[19.4773,49.7896],[19.4753,49.789],[19.474,49.7904],[19.4732,49.7906],[19.4726,49.7911],[19.4723,49.7921],[19.4715,49.793],[19.4701,49.7941],[19.4685,49.795],[19.4676,49.7957],[19.4657,49.7968],[19.4644,49.7979],[19.4623,49.7982],[19.4609,49.7986],[19.4571,49.7979],[19.4559,49.7979],[19.4497,49.7957],[19.4475,49.7956],[19.4457,49.7957],[19.4454,49.7949],[19.4459,49.7935],[19.4461,49.792],[19.4444,49.7894],[19.4435,49.7887],[19.4409,49.7879],[19.4403,49.7879],[19.4382,49.7873],[19.4337,49.7848],[19.4318,49.7844],[19.4304,49.7839],[19.4287,49.7824],[19.426,49.7811],[19.4239,49.7803],[19.423,49.7798],[19.4212,49.7782],[19.4197,49.7777],[19.4181,49.7774],[19.4164,49.776],[19.415,49.7753],[19.4143,49.775],[19.4119,49.7744],[19.411,49.774],[19.41,49.773],[19.4107,49.7719],[19.4107,49.771],[19.4102,49.7703],[19.4103,49.7697],[19.4099,49.7686],[19.4092,49.7677],[19.4097,49.7665],[19.4091,49.7644],[19.4085,49.764],[19.4074,49.764],[19.4055,49.7637],[19.4041,49.7629],[19.4017,49.7619],[19.3995,49.7617],[19.3971,49.7627],[19.3961,49.7636],[19.3948,49.7661],[19.3926,49.7676],[19.3906,49.7684],[19.3895,49.769],[19.3867,49.7696],[19.3842,49.7693],[19.3816,49.7686],[19.3799,49.7686],[19.379,49.7688],[19.3782,49.7694],[19.3771,49.7698],[19.3747,49.7699],[19.373,49.7707],[19.3714,49.7722],[19.3707,49.7733],[19.368,49.7757],[19.366,49.7778],[19.3647,49.7774],[19.3633,49.7773],[19.359,49.7754],[19.358,49.7753],[19.3563,49.7745],[19.3559,49.774],[19.3542,49.7733],[19.3534,49.7723],[19.3507,49.7715],[19.3499,49.7714],[19.3463,49.7727],[19.3435,49.7738],[19.3422,49.774],[19.34,49.7733],[19.3387,49.7726],[19.3376,49.7727],[19.3366,49.7731],[19.3352,49.7744],[19.3332,49.7742],[19.3313,49.7743],[19.3276,49.7755],[19.3251,49.776],[19.3237,49.7767],[19.3213,49.7774],[19.3189,49.7778],[19.3168,49.7779],[19.3159,49.779],[19.3155,49.7801],[19.3162,49.7813],[19.3163,49.7828],[19.3158,49.7845],[19.3149,49.7854],[19.3127,49.7873],[19.3111,49.7894],[19.3105,49.791],[19.3085,49.7926],[19.3081,49.7932],[19.3061,49.7945],[19.3052,49.7948],[19.3033,49.7959],[19.3031,49.7964],[19.3017,49.7975],[19.301,49.7977],[19.3011,49.7991],[19.299,49.8011],[19.2974,49.8019],[19.2985,49.803],[19.2972,49.8048],[19.2955,49.806],[19.2944,49.8073],[19.296,49.8081],[19.297,49.8093],[19.2962,49.8105],[19.2942,49.8117],[19.2934,49.813],[19.2926,49.8137],[19.2918,49.815],[19.2898,49.8154],[19.2885,49.8153],[19.2866,49.8164],[19.2862,49.8191],[19.2859,49.8195],[19.286,49.8213],[19.2867,49.8222],[19.2884,49.8238],[19.2878,49.825],[19.2879,49.8272],[19.2877,49.8283],[19.2888,49.8303],[19.2887,49.8322],[19.2883,49.8339],[19.2888,49.8346],[19.2885,49.835],[19.2888,49.836],[19.2891,49.8383],[19.2889,49.8386],[19.2902,49.8409],[19.2907,49.8423],[19.2916,49.8438],[19.2926,49.8467],[19.2932,49.8478],[19.2942,49.8488],[19.2946,49.85],[19.294,49.85],[19.29,49.8506],[19.2904,49.8518],[19.2927,49.8529],[19.2946,49.8535],[19.2972,49.8553],[19.2982,49.8568],[19.3007,49.8584],[19.3052,49.8618],[19.3058,49.8624],[19.3105,49.8655],[19.3112,49.8657],[19.3133,49.8672],[19.3144,49.8683],[19.3157,49.8692],[19.3166,49.8741],[19.3159,49.8747],[19.3156,49.8754],[19.3156,49.877],[19.3158,49.8781],[19.315,49.8792],[19.3151,49.8806],[19.3147,49.8812],[19.3148,49.8818],[19.3161,49.884],[19.3149,49.8846],[19.3132,49.8846],[19.311,49.8859],[19.3104,49.8869],[19.3088,49.8884],[19.3083,49.8891],[19.3076,49.8895],[19.3056,49.8902],[19.3052,49.8905],[19.3007,49.8921],[19.2995,49.8928],[19.2984,49.8938],[19.3003,49.8956],[19.3024,49.897],[19.303,49.8983],[19.3031,49.8991],[19.3016,49.9043],[19.302,49.9061],[19.3027,49.9068],[19.3041,49.9078],[19.3061,49.9101],[19.3061,49.9107],[19.3079,49.9117],[19.3089,49.9125],[19.3083,49.9148],[19.3079,49.9173],[19.3079,49.9192],[19.3088,49.9194],[19.3105,49.9192],[19.3116,49.9194],[19.3121,49.9188],[19.3124,49.9173],[19.3128,49.9168],[19.3147,49.9155],[19.3157,49.9156],[19.3188,49.9156],[19.3201,49.916],[19.3209,49.9165],[19.3232,49.9173],[19.3253,49.9183],[19.3284,49.9206],[19.3299,49.9223],[19.3309,49.9228],[19.3329,49.9231],[19.3338,49.923],[19.3363,49.9224],[19.3381,49.9224],[19.3403,49.9222],[19.3445,49.9222],[19.3461,49.9221],[19.3462,49.9217],[19.3473,49.9206],[19.3472,49.9195],[19.3478,49.9195],[19.3505,49.9201],[19.3516,49.9202],[19.3532,49.9201],[19.3551,49.9204],[19.3565,49.9204],[19.357,49.9228],[19.3568,49.9247],[19.3557,49.927],[19.3561,49.9304],[19.3566,49.9317],[19.3565,49.9327],[19.3568,49.9332],[19.3568,49.9369],[19.3576,49.9382],[19.357,49.9411],[19.3571,49.9422],[19.3561,49.9436],[19.354,49.945],[19.3571,49.946],[19.3586,49.9466],[19.3618,49.9472],[19.3645,49.9476],[19.367,49.9488],[19.3679,49.9499],[19.3692,49.952],[19.3713,49.9535],[19.3754,49.9549],[19.3771,49.9561],[19.3777,49.9568],[19.3796,49.958],[19.3812,49.9585],[19.3837,49.9589],[19.3858,49.9589],[19.3885,49.9587],[19.3912,49.9587],[19.394,49.9594],[19.3967,49.9608],[19.4004,49.9614],[19.4074,49.9634],[19.4118,49.9643],[19.412,49.9633],[19.4121,49.9612],[19.4138,49.9571],[19.4146,49.9561],[19.4152,49.9549],[19.4164,49.956],[19.4164,49.9566],[19.4175,49.9571],[19.417,49.9585],[19.4185,49.959],[19.4194,49.9582],[19.4205,49.9586],[19.4216,49.9579],[19.4229,49.9567],[19.4221,49.9555],[19.421,49.9551],[19.4197,49.9549],[19.4193,49.9543],[19.4202,49.9538],[19.4207,49.9528],[19.4213,49.9502],[19.4234,49.9497],[19.4248,49.9492],[19.4264,49.9484],[19.4278,49.9479],[19.4298,49.9469],[19.4312,49.9457],[19.4334,49.9448],[19.4393,49.9426],[19.4408,49.9419],[19.4435,49.9413],[19.4451,49.9407],[19.4493,49.9383],[19.4519,49.9366],[19.453,49.9368],[19.4544,49.9368],[19.4547,49.9371],[19.4562,49.9372],[19.4577,49.9379],[19.4586,49.938],[19.4598,49.9386],[19.4622,49.9384],[19.464,49.9402],[19.4656,49.9405],[19.4669,49.941],[19.4679,49.9426],[19.4663,49.9438],[19.4655,49.9442],[19.4648,49.9441],[19.4638,49.9448],[19.4643,49.9463],[19.4656,49.9473],[19.465,49.9478],[19.4647,49.9486],[19.465,49.949],[19.4646,49.9498],[19.4665,49.9499],[19.4664,49.9515],[19.4683,49.9511],[19.4686,49.9506],[19.4698,49.951],[19.4717,49.9502],[19.4719,49.9498],[19.473,49.9496],[19.4755,49.9486],[19.4759,49.9492],[19.4746,49.95],[19.4731,49.9514],[19.4724,49.9528],[19.4718,49.9533],[19.4704,49.9538],[19.4675,49.9557],[19.4645,49.9571],[19.4655,49.9592],[19.4694,49.9671],[19.4695,49.9675],[19.471,49.9702],[19.4695,49.9703],[19.4675,49.9702],[19.4671,49.9712],[19.4672,49.9724],[19.4681,49.9734],[19.47,49.9765],[19.4722,49.9768],[19.4721,49.9779],[19.4723,49.9795],[19.4719,49.9803],[19.4719,49.9814],[19.4713,49.9829],[19.4712,49.9838],[19.4707,49.9846],[19.4708,49.987],[19.4701,49.9881],[19.4708,49.9899],[19.4735,49.9912],[19.4741,49.992],[19.4747,49.992],[19.4744,49.9932],[19.4736,49.9942],[19.473,49.9944],[19.4721,49.9945],[19.4743,49.9977],[19.4748,49.9982],[19.475,49.9995],[19.4745,49.9999],[19.4752,50.0007],[19.476,50.0024],[19.476,50.0029],[19.4752,50.0039],[19.4757,50.0045],[19.4762,50.0062],[19.4768,50.0067],[19.4789,50.0072],[19.4804,50.0082],[19.4816,50.0087],[19.4819,50.0095],[19.4817,50.0109],[19.4806,50.0128],[19.4808,50.0138],[19.4821,50.015],[19.4821,50.0163],[19.4817,50.0169],[19.4824,50.0182],[19.4827,50.0196],[19.4831,50.0201],[19.4857,50.0198],[19.4884,50.0198],[19.4906,50.0202],[19.4931,50.021],[19.4928,50.0214],[19.4932,50.022],[19.4939,50.0223],[19.4943,50.0237],[19.4948,50.0241],[19.4951,50.0252],[19.4995,50.0231],[19.5028,50.0237],[19.5047,50.0242],[19.5051,50.0251],[19.5059,50.026],[19.506,50.0269],[19.5077,50.0266],[19.5094,50.0257],[19.5103,50.0257],[19.5121,50.0242],[19.5139,50.0231],[19.5171,50.0223],[19.5204,50.0232],[19.525,50.0233],[19.5265,50.0231],[19.5279,50.0225],[19.5299,50.022],[19.5317,50.0221],[19.5363,50.0237],[19.5376,50.024],[19.5398,50.024],[19.5402,50.0244],[19.5421,50.0238],[19.5432,50.0229],[19.5431,50.0224],[19.5444,50.022],[19.5464,50.0211],[19.5487,50.0198],[19.5505,50.0182],[19.5537,50.0146],[19.5552,50.0135],[19.5576,50.0125],[19.5603,50.0121]]]}},{"type":"Feature","id":"powiat-wielicki","properties":{"slug":"powiat-wielicki","name":"powiat wielicki"},"geometry":{"type":"Polygon","coordinates":[[[20.3483,50.0999],[20.3516,50.0997],[20.3527,50.1001],[20.3537,50.0987],[20.3538,50.0974],[20.3542,50.0967],[20.3553,50.096],[20.3536,50.0957],[20.3504,50.0936],[20.3513,50.0928],[20.353,50.0918],[20.3532,50.0899],[20.3514,50.0876],[20.3513,50.0867],[20.3505,50.0859],[20.3532,50.0851],[20.3538,50.0845],[20.3541,50.083],[20.3538,50.0822],[20.3549,50.0783],[20.3553,50.0763],[20.3545,50.075],[20.354,50.0726],[20.3554,50.0706],[20.3574,50.0708],[20.3617,50.0715],[20.3655,50.072],[20.3665,50.072],[20.37,50.0723],[20.3698,50.071],[20.3696,50.0683],[20.3684,50.068],[20.368,50.0687],[20.3645,50.0678],[20.3635,50.0677],[20.3645,50.066],[20.3654,50.0662],[20.3661,50.0649],[20.367,50.0651],[20.3688,50.0651],[20.3741,50.0648],[20.376,50.0648],[20.3797,50.0646],[20.38,50.0632],[20.3801,50.0617],[20.3808,50.0561],[20.381,50.0541],[20.3816,50.046],[20.3821,50.0424],[20.3824,50.0391],[20.3826,50.0381],[20.3829,50.0351],[20.3836,50.0318],[20.3843,50.0292],[20.3876,50.0221],[20.3866,50.0221],[20.38,50.0218],[20.3717,50.0213],[20.3657,50.0211],[20.3575,50.0206],[20.3561,50.0206],[20.352,50.0202],[20.3467,50.0199],[20.3438,50.0196],[20.3387,50.0193],[20.3349,50.019],[20.3273,50.0188],[20.3259,50.0188],[20.3208,50.0185],[20.3211,50.016],[20.3222,50.0093],[20.3225,50.0068],[20.323,50.0041],[20.3233,50.0015],[20.3239,49.998],[20.3268,49.9982],[20.3346,49.999],[20.3351,49.9959],[20.3391,49.9953],[20.3426,49.9947],[20.342,49.9922],[20.3416,49.9911],[20.3414,49.9897],[20.341,49.9887],[20.3416,49.9886],[20.3429,49.9891],[20.3464,49.9894],[20.3481,49.9903],[20.3508,49.9907],[20.3528,49.9904],[20.3524,49.989],[20.3494,49.9886],[20.3485,49.9875],[20.3469,49.9864],[20.3469,49.9861],[20.345,49.9851],[20.3422,49.9849],[20.3411,49.9854],[20.3385,49.9853],[20.336,49.9849],[20.3356,49.9838],[20.3344,49.9833],[20.3333,49.9832],[20.3327,49.9817],[20.3318,49.9801],[20.3301,49.9809],[20.3298,49.9803],[20.3308,49.9793],[20.3313,49.9783],[20.3313,49.9776],[20.3309,49.9769],[20.3294,49.9753],[20.3285,49.9749],[20.3277,49.9759],[20.3259,49.977],[20.3242,49.9774],[20.3229,49.9774],[20.3215,49.9769],[20.3188,49.9768],[20.3158,49.9775],[20.3133,49.9777],[20.3112,49.9773],[20.309,49.9765],[20.3078,49.9755],[20.3076,49.9743],[20.3082,49.9732],[20.3101,49.9722],[20.3121,49.9718],[20.3143,49.9704],[20.3153,49.9695],[20.3158,49.9687],[20.316,49.9678],[20.3156,49.9663],[20.3148,49.965],[20.3136,49.9644],[20.3101,49.9629],[20.3082,49.9617],[20.3074,49.9608],[20.3091,49.9613],[20.3099,49.962],[20.3113,49.9617],[20.3116,49.9596],[20.3123,49.9589],[20.3139,49.9582],[20.3133,49.9563],[20.312,49.9563],[20.3102,49.9554],[20.3095,49.9546],[20.3095,49.9531],[20.3103,49.9526],[20.3131,49.9526],[20.3146,49.9529],[20.3158,49.9526],[20.3166,49.9512],[20.3164,49.9501],[20.3143,49.9484],[20.3123,49.9478],[20.3112,49.9478],[20.3079,49.9456],[20.3066,49.9446],[20.3061,49.9432],[20.3053,49.9425],[20.3038,49.9423],[20.3043,49.9414],[20.3055,49.9401],[20.3091,49.9379],[20.3097,49.9364],[20.3087,49.9351],[20.308,49.9348],[20.3086,49.9337],[20.3086,49.9331],[20.3102,49.9321],[20.3099,49.9316],[20.3112,49.9312],[20.3105,49.9306],[20.3104,49.9294],[20.3095,49.9293],[20.3082,49.9284],[20.3087,49.9276],[20.3069,49.9272],[20.3062,49.9264],[20.3046,49.9269],[20.3021,49.9266],[20.3008,49.9261],[20.3002,49.9248],[20.3005,49.9239],[20.3012,49.9235],[20.3025,49.9235],[20.3034,49.9238],[20.3058,49.9239],[20.3079,49.9253],[20.3099,49.9264],[20.3109,49.9261],[20.3111,49.9251],[20.3105,49.9245],[20.3097,49.9223],[20.3088,49.9216],[20.3082,49.9218],[20.3068,49.921],[20.307,49.9206],[20.3067,49.9197],[20.3075,49.9195],[20.3072,49.9189],[20.3057,49.9181],[20.3056,49.9172],[20.3056,49.9145],[20.3059,49.9136],[20.3047,49.9134],[20.3028,49.9135],[20.302,49.9137],[20.3009,49.9132],[20.3007,49.9128],[20.2986,49.9116],[20.299,49.9106],[20.2983,49.9104],[20.2981,49.9098],[20.2974,49.9093],[20.2957,49.9087],[20.2944,49.9087],[20.2925,49.9081],[20.2916,49.908],[20.2896,49.9071],[20.2896,49.906],[20.2889,49.9059],[20.2886,49.9065],[20.2878,49.9061],[20.2876,49.9056],[20.2881,49.9052],[20.2876,49.9046],[20.2867,49.9048],[20.2859,49.9044],[20.2864,49.9038],[20.2863,49.9021],[20.287,49.9012],[20.287,49.9],[20.2867,49.8995],[20.2872,49.898],[20.287,49.897],[20.2873,49.8963],[20.2872,49.8938],[20.2879,49.893],[20.2869,49.8929],[20.282,49.8935],[20.2809,49.8935],[20.2791,49.8932],[20.2781,49.8928],[20.2762,49.8924],[20.2747,49.8927],[20.2729,49.8926],[20.2713,49.8923],[20.2701,49.89],[20.2687,49.8894],[20.2683,49.8882],[20.2671,49.8874],[20.2654,49.8868],[20.2649,49.8858],[20.2639,49.885],[20.264,49.8838],[20.2625,49.8829],[20.261,49.8825],[20.2604,49.8818],[20.2612,49.8806],[20.2614,49.8796],[20.2619,49.8785],[20.262,49.8774],[20.2614,49.875],[20.2591,49.8743],[20.2595,49.8736],[20.2595,49.8728],[20.2599,49.8726],[20.2594,49.8713],[20.2582,49.8709],[20.2564,49.8696],[20.2556,49.8684],[20.2558,49.8679],[20.2553,49.8668],[20.2524,49.8669],[20.2521,49.8653],[20.2516,49.8647],[20.2502,49.8641],[20.2497,49.8636],[20.2489,49.8636],[20.2469,49.8642],[20.2456,49.864],[20.2449,49.8646],[20.2427,49.8646],[20.2417,49.8651],[20.2407,49.8651],[20.24,49.8647],[20.2387,49.8652],[20.2377,49.8664],[20.2368,49.8658],[20.2361,49.8658],[20.2362,49.8649],[20.2356,49.864],[20.2337,49.8634],[20.2325,49.8636],[20.2313,49.864],[20.2286,49.8641],[20.228,49.8644],[20.2265,49.8645],[20.2248,49.865],[20.2231,49.866],[20.2219,49.8662],[20.221,49.8667],[20.2202,49.8678],[20.2204,49.8685],[20.2188,49.8691],[20.2163,49.8684],[20.2146,49.8685],[20.2131,49.8681],[20.2117,49.8682],[20.2111,49.8685],[20.2102,49.868],[20.2074,49.8681],[20.2065,49.868],[20.2046,49.8686],[20.2034,49.8686],[20.2021,49.8691],[20.2022,49.8697],[20.2017,49.8708],[20.1999,49.8724],[20.1978,49.8732],[20.1961,49.8734],[20.1942,49.8739],[20.1945,49.8747],[20.1958,49.8752],[20.1962,49.8759],[20.1963,49.8768],[20.1972,49.8776],[20.1973,49.8787],[20.1965,49.8785],[20.1945,49.8786],[20.1904,49.8786],[20.1897,49.8788],[20.1886,49.8786],[20.1881,49.8782],[20.1873,49.8788],[20.1843,49.8783],[20.1825,49.8783],[20.1813,49.878],[20.1801,49.8774],[20.179,49.8772],[20.1773,49.8761],[20.1761,49.8765],[20.1751,49.8778],[20.1751,49.8788],[20.1743,49.881],[20.1743,49.882],[20.1746,49.8833],[20.1742,49.8839],[20.1751,49.8852],[20.1761,49.8852],[20.177,49.8856],[20.1782,49.8857],[20.1797,49.8855],[20.1821,49.8859],[20.1843,49.8861],[20.1853,49.8864],[20.1853,49.8874],[20.1839,49.8873],[20.1823,49.8877],[20.1818,49.8872],[20.181,49.8876],[20.1806,49.8882],[20.1783,49.8881],[20.1777,49.8878],[20.1758,49.8882],[20.1749,49.8882],[20.1743,49.8886],[20.173,49.8886],[20.1725,49.8877],[20.1718,49.8881],[20.1711,49.889],[20.1711,49.8895],[20.1702,49.8895],[20.1701,49.8901],[20.1712,49.8901],[20.1683,49.8939],[20.165,49.894],[20.1634,49.8938],[20.1617,49.8933],[20.1607,49.8927],[20.1601,49.8917],[20.1595,49.8912],[20.1578,49.8905],[20.1565,49.8907],[20.1566,49.8901],[20.1562,49.8891],[20.1556,49.8886],[20.1534,49.8886],[20.1521,49.8884],[20.1526,49.8895],[20.152,49.8898],[20.151,49.889],[20.1475,49.889],[20.1464,49.8893],[20.1456,49.8891],[20.1445,49.8892],[20.1438,49.8888],[20.1434,49.8876],[20.1425,49.8869],[20.1411,49.888],[20.1398,49.8887],[20.1394,49.8885],[20.1373,49.8883],[20.137,49.8888],[20.1351,49.8883],[20.1331,49.8885],[20.1326,49.8878],[20.1313,49.8876],[20.1299,49.8877],[20.1283,49.8881],[20.1279,49.8886],[20.1267,49.8885],[20.1254,49.8896],[20.1241,49.8885],[20.1234,49.8888],[20.1243,49.89],[20.1215,49.8911],[20.1205,49.8918],[20.1198,49.8926],[20.1193,49.8944],[20.1202,49.8955],[20.1177,49.8971],[20.1163,49.8987],[20.1155,49.8986],[20.1126,49.899],[20.1116,49.8988],[20.1109,49.8992],[20.1101,49.8992],[20.1097,49.9],[20.1079,49.9017],[20.1092,49.902],[20.1098,49.9014],[20.1115,49.9004],[20.1128,49.9005],[20.1122,49.9012],[20.1117,49.9025],[20.1125,49.9032],[20.1141,49.9032],[20.1147,49.903],[20.1169,49.9033],[20.1168,49.9049],[20.1174,49.9051],[20.1172,49.9064],[20.1164,49.9065],[20.1156,49.9072],[20.1149,49.9082],[20.1154,49.9087],[20.1153,49.9093],[20.1158,49.9096],[20.1159,49.9104],[20.1189,49.9118],[20.1193,49.9122],[20.1188,49.9133],[20.1182,49.9132],[20.1171,49.9147],[20.1152,49.9152],[20.1132,49.915],[20.1123,49.9146],[20.1117,49.915],[20.1107,49.9169],[20.1099,49.9177],[20.1105,49.9186],[20.1102,49.9193],[20.1106,49.9198],[20.1099,49.9201],[20.1078,49.9202],[20.106,49.9199],[20.1047,49.9218],[20.1045,49.9227],[20.1035,49.9231],[20.1018,49.9226],[20.1013,49.9221],[20.1013,49.9208],[20.102,49.9194],[20.102,49.9188],[20.1026,49.9181],[20.101,49.9176],[20.1001,49.918],[20.1003,49.9186],[20.0998,49.9191],[20.0984,49.9192],[20.0972,49.9198],[20.0947,49.9207],[20.0927,49.9217],[20.0917,49.9219],[20.0909,49.9224],[20.0906,49.9229],[20.0903,49.9233],[20.0894,49.9238],[20.0883,49.9257],[20.0872,49.9263],[20.0863,49.9265],[20.086,49.9269],[20.0849,49.9274],[20.0821,49.9282],[20.0796,49.9283],[20.0782,49.9288],[20.0765,49.9283],[20.0766,49.9272],[20.0762,49.9266],[20.0762,49.9254],[20.0753,49.9237],[20.0756,49.9223],[20.075,49.9212],[20.0751,49.9195],[20.0744,49.919],[20.0734,49.9188],[20.072,49.9191],[20.0696,49.9188],[20.0689,49.9182],[20.0679,49.9168],[20.0667,49.9162],[20.0648,49.9159],[20.064,49.9151],[20.0643,49.9141],[20.0636,49.9139],[20.0627,49.9143],[20.0618,49.9155],[20.0595,49.9166],[20.0581,49.9167],[20.0569,49.9179],[20.0554,49.9182],[20.0519,49.9187],[20.0496,49.9192],[20.0471,49.9192],[20.0445,49.9198],[20.044,49.9196],[20.0426,49.9182],[20.042,49.9174],[20.0403,49.9172],[20.04,49.9163],[20.0373,49.9164],[20.0361,49.9166],[20.0343,49.9166],[20.0332,49.9163],[20.0307,49.9164],[20.0298,49.9161],[20.0294,49.9145],[20.0297,49.9135],[20.0294,49.9129],[20.0276,49.9119],[20.0264,49.9118],[20.0251,49.9113],[20.0245,49.9115],[20.0233,49.9114],[20.0226,49.9109],[20.0215,49.9105],[20.0208,49.91],[20.0199,49.9099],[20.0194,49.9084],[20.0195,49.9081],[20.0179,49.9066],[20.0166,49.906],[20.0164,49.9067],[20.0171,49.9081],[20.0175,49.9085],[20.0172,49.9091],[20.0147,49.9099],[20.0115,49.9115],[20.0104,49.9127],[20.0102,49.9133],[20.0093,49.9138],[20.0079,49.915],[20.008,49.9154],[20.0073,49.9162],[20.006,49.9173],[20.006,49.9177],[20.0061,49.9186],[20.0053,49.9191],[20.0056,49.9206],[20.0064,49.9218],[20.006,49.9231],[20.0066,49.9237],[20.0054,49.9253],[20.005,49.9261],[20.0036,49.9262],[20.004,49.9277],[20.0038,49.9288],[20.0029,49.9298],[20.0025,49.9306],[20.0013,49.9311],[20.0016,49.9312],[20.0011,49.9324],[20.0001,49.933],[20.0003,49.9333],[19.9996,49.9344],[20,49.935],[20.0013,49.9355],[20.0042,49.9378],[20.0047,49.9384],[20.0071,49.9405],[20.0067,49.9421],[20.0056,49.9436],[20.0051,49.9453],[20.0054,49.9476],[20.0063,49.9493],[20.0047,49.9491],[20.0037,49.9498],[20.0009,49.9498],[20.0005,49.9511],[19.9998,49.9514],[19.9976,49.9511],[19.9965,49.9508],[19.9965,49.95],[19.9957,49.9488],[19.9951,49.9485],[19.9936,49.9483],[19.9916,49.9485],[19.991,49.948],[19.9896,49.948],[19.9883,49.9476],[19.9879,49.948],[19.9882,49.9488],[19.9877,49.949],[19.9866,49.9488],[19.9855,49.949],[19.9831,49.9489],[19.9818,49.9493],[19.9816,49.9499],[19.9819,49.9508],[19.9816,49.9523],[19.9822,49.9538],[19.9817,49.9553],[19.9821,49.9561],[19.9834,49.9577],[19.9831,49.9593],[19.9823,49.9592],[19.9823,49.9601],[19.9808,49.96],[19.9772,49.9602],[19.9751,49.9602],[19.9743,49.96],[19.9725,49.9603],[19.9693,49.9602],[19.9684,49.9611],[19.9667,49.9622],[19.9661,49.9622],[19.9661,49.9634],[19.9649,49.9648],[19.9654,49.9661],[19.9648,49.9665],[19.9634,49.9686],[19.9629,49.9706],[19.963,49.9722],[19.9634,49.9725],[19.9654,49.9731],[19.9667,49.9731],[19.9671,49.9737],[19.9659,49.9755],[19.9656,49.9765],[19.9649,49.9776],[19.9644,49.9777],[19.9653,49.9779],[19.9656,49.9784],[19.9665,49.9784],[19.9686,49.9791],[19.9689,49.9795],[19.97,49.9795],[19.9711,49.98],[19.9718,49.9799],[19.9736,49.9804],[19.9744,49.9804],[19.9756,49.9809],[19.9771,49.9809],[19.9774,49.9811],[19.9795,49.981],[19.9824,49.981],[19.9826,49.9802],[19.9822,49.9797],[19.982,49.979],[19.9814,49.9784],[19.9815,49.9778],[19.9822,49.9771],[19.9822,49.9752],[19.9811,49.9733],[19.9813,49.9726],[19.9841,49.9726],[19.9869,49.973],[19.9904,49.973],[19.9936,49.9736],[19.9973,49.9739],[19.9987,49.9746],[20.0003,49.9752],[20.0011,49.9757],[20.0019,49.9754],[20.0034,49.9752],[20.0034,49.9746],[20.006,49.9747],[20.0081,49.975],[20.0077,49.9753],[20.0082,49.9759],[20.0092,49.9762],[20.0098,49.9769],[20.0099,49.9785],[20.0097,49.9802],[20.0117,49.981],[20.0137,49.9822],[20.0149,49.9832],[20.0161,49.9845],[20.0186,49.9859],[20.0187,49.9864],[20.0181,49.987],[20.0155,49.9887],[20.0147,49.9905],[20.014,49.9912],[20.0136,49.9921],[20.0135,49.9933],[20.013,49.9936],[20.0123,49.9946],[20.011,49.9953],[20.01,49.9952],[20.0085,49.9955],[20.0071,49.9965],[20.0046,49.9971],[20.0033,49.998],[20.0027,49.9991],[20.0035,49.9998],[20.0035,50.0004],[20.0041,50.0011],[20.0057,50.0017],[20.0063,50.0025],[20.0117,50.0035],[20.015,50.0039],[20.0167,50.0039],[20.0179,50.0043],[20.0185,50.0042],[20.0188,50.0031],[20.0203,50.0031],[20.0222,50.0033],[20.0244,50.0026],[20.0275,49.9999],[20.0285,49.9992],[20.0292,49.9993],[20.0293,50],[20.0288,50.0011],[20.0314,50.0009],[20.0331,50.0012],[20.036,50.0014],[20.0378,50.001],[20.0389,49.9999],[20.0421,49.9995],[20.0441,49.9991],[20.0478,49.999],[20.0478,50.0019],[20.0482,50.0033],[20.0481,50.004],[20.0487,50.0043],[20.0498,50.0043],[20.0514,50.0038],[20.0535,50.0041],[20.0552,50.0041],[20.0552,50.0046],[20.0574,50.0047],[20.0583,50.0056],[20.0593,50.0056],[20.0608,50.0053],[20.0624,50.0064],[20.0623,50.0075],[20.0631,50.0082],[20.0645,50.0081],[20.0657,50.0078],[20.0662,50.009],[20.0672,50.0095],[20.0677,50.0107],[20.0679,50.0124],[20.0677,50.0134],[20.0691,50.0157],[20.0697,50.0186],[20.0684,50.022],[20.0672,50.0222],[20.0649,50.0241],[20.0649,50.0243],[20.0677,50.0254],[20.0681,50.0261],[20.0696,50.0276],[20.0721,50.0295],[20.0728,50.0308],[20.0728,50.0315],[20.0735,50.0322],[20.0753,50.0328],[20.0804,50.0341],[20.0816,50.0342],[20.0817,50.0346],[20.0802,50.0354],[20.0798,50.0359],[20.0818,50.0366],[20.0838,50.038],[20.0818,50.0389],[20.081,50.0387],[20.0803,50.0407],[20.0818,50.0408],[20.0826,50.0414],[20.0833,50.0414],[20.0844,50.042],[20.0858,50.0432],[20.0863,50.0439],[20.0875,50.0447],[20.089,50.0449],[20.0915,50.043],[20.0918,50.0422],[20.0923,50.0421],[20.0916,50.0403],[20.0917,50.0387],[20.0922,50.038],[20.0937,50.0373],[20.0948,50.037],[20.0971,50.0371],[20.0996,50.0379],[20.1032,50.0412],[20.1044,50.0413],[20.1069,50.0424],[20.1117,50.0427],[20.1158,50.0426],[20.1181,50.0422],[20.1208,50.0412],[20.1228,50.0403],[20.1251,50.0397],[20.1277,50.0398],[20.1289,50.0401],[20.1305,50.0409],[20.1325,50.0425],[20.1343,50.0443],[20.1359,50.0452],[20.1381,50.0458],[20.1404,50.0459],[20.1423,50.0457],[20.1462,50.0448],[20.1489,50.044],[20.154,50.043],[20.1564,50.0428],[20.1596,50.0428],[20.161,50.0429],[20.1638,50.0433],[20.1665,50.0438],[20.1708,50.0449],[20.1732,50.0456],[20.176,50.0462],[20.1773,50.0466],[20.1812,50.0475],[20.1844,50.0481],[20.1865,50.0483],[20.1893,50.0483],[20.1914,50.048],[20.1928,50.0476],[20.1949,50.0467],[20.1978,50.045],[20.1999,50.0442],[20.2031,50.0436],[20.2051,50.0436],[20.2084,50.0443],[20.21,50.0454],[20.2109,50.0472],[20.2124,50.0497],[20.2138,50.0511],[20.2161,50.0528],[20.2173,50.0534],[20.2201,50.0546],[20.2223,50.0552],[20.2239,50.0558],[20.2255,50.0566],[20.2269,50.0575],[20.2286,50.0592],[20.2302,50.0614],[20.2307,50.0623],[20.2321,50.0656],[20.2329,50.0667],[20.2342,50.0678],[20.2356,50.0684],[20.2367,50.0686],[20.2389,50.0687],[20.2403,50.0685],[20.242,50.068],[20.2484,50.0655],[20.2508,50.065],[20.2526,50.0651],[20.2539,50.0655],[20.2549,50.0662],[20.2556,50.0671],[20.2562,50.0684],[20.2566,50.0714],[20.2582,50.0735],[20.2596,50.0746],[20.2612,50.0753],[20.2628,50.0758],[20.2654,50.0762],[20.2693,50.0762],[20.2717,50.0761],[20.2748,50.0768],[20.2791,50.0784],[20.2807,50.0792],[20.2835,50.0804],[20.2862,50.0819],[20.2887,50.0837],[20.2901,50.0851],[20.2908,50.086],[20.2918,50.0884],[20.292,50.0907],[20.2917,50.0925],[20.2918,50.0936],[20.2922,50.0946],[20.2929,50.0956],[20.2943,50.0968],[20.2957,50.0975],[20.2978,50.0979],[20.2993,50.0979],[20.3042,50.0968],[20.3117,50.0948],[20.3139,50.0943],[20.3162,50.0941],[20.3205,50.0942],[20.3235,50.094],[20.3268,50.0933],[20.3314,50.0919],[20.333,50.0916],[20.3355,50.0914],[20.337,50.0915],[20.3396,50.0919],[20.342,50.0927],[20.3445,50.0939],[20.3473,50.096],[20.3482,50.0975],[20.3484,50.0992],[20.3483,50.0999]]]}}]}